G1	Alpha
G2	Aaron
G3	Abaddon
G4	Not burdensome
G5	Abba
G6	Abel
G7	Abijah
G8	Abiathar
G9	The Abilenian territory
G10	Abiud
G11	Abraham
G12	The abyss
G13	Agabus
G14	To work that which is good
G15	To do that which is good
G16	The doing of that which is good
G17	A doer of that which is good
G18	Intrinsically good
G19	Intrinsic goodness
G20	Wild joy
G21	To exult
G22	Unmarried
G23	To be angry
G24	Feeling of anger
G25	To love
G26	Love
G27	Loved
G28	Hagar
G29	To impress
G30	A vessel
G31	A message
G32	A messenger
G34	A flock
G35	Of unrecorded genealogy
G36	without family
G37	To make holy
G38	The process of making or becoming holy
G40	Set apart by  God
G41	Holiness
G42	A holy or sanctified state
G43	An arm
G44	A fish-hook
G45	An anchor
G46	Unshrunk
G47	Purity
G48	To cleanse
G49	purification
G50	To not know
G51	An offence committed through ignorance
G52	Ignorance
G53	pure
G54	Purity
G55	Purely
G56	Ignorance
G57	Unknown
G58	Market-place
G59	To buy
G60	A lounger in the market-place
G61	Catching
G62	Unlettered
G63	To spend the night in the open
G64	To catch
G65	A wild olive tree
G66	Wild
G67	Agrippa
G68	A field
G69	To be not asleep
G70	The state of being awake
G71	To lead
G72	A leading
G73	An  contest
G74	great fear
G75	To be struggling
G76	Adam
G77	Without expense
G78	Addi
G79	A sister
G80	A brother
G81	Brotherhood
G82	Unseen
G83	The quality of being unseen
G84	Out of sight
G85	To feel fear
G86	Hades
G87	Without uncertainty
G88	Unceasing
G89	Unceasingly
G91	To act unjustly towards
G92	A legal wrong
G93	Injustice
G94	Unjust
G95	Unjustly
G96	Failing to pass the test
G97	Unadulterated
G98	Belonging to Adramyttium
G99	The Hadria
G100	Lavishness
G101	To be impossible
G102	incapable
G103	To sing
G104	Always
G105	An eagle
G106	Unleavened
G107	Azor
G108	Azotus
G109	Air
G110	Immortality
G111	Illegal
G112	Without god
G113	Lawless
G114	To annul
G115	Annulment
G116	Athens
G117	Athenian
G118	To engage
G119	A struggling
G120	To lose heart
G121	guiltless
G122	Of a goat
G123	Sea-coast
G124	Egyptian
G125	Egypt
G126	Eternal
G127	Shame
G128	An Ethiopian
G129	Blood
G130	A shedding or pouring forth of blood
G131	To suffer from a continual flow  of blood
G132	Aeneas
G133	Praise
G134	To praise
G135	A riddle
G136	Praise
G137	Aenon
G138	To choose
G139	A self-chosen opinion
G140	To choose
G141	Disposed to form sects
G142	To raise
G143	To perceive
G144	Perception
G145	Perceptive faculty
G146	Greedy
G147	Greedily
G148	Filthy speech
G150	Base
G151	Obscenity
G152	Shame
G153	To be ashamed
G154	To ask
G155	A petition
G156	A cause
G157	A charge
G159	The cause
G160	Unexpected
G161	Captivity
G162	To take captive
G163	To take captive
G164	A captive
G165	An age
G166	Age-long
G167	Uncleanness
G169	Unclean
G170	To be without a suitable opportunity
G171	Unseasonably
G172	Innocent
G173	A thorn-bush
G174	Made of thorns
G175	Unfruitful
G176	Not open to just rebuke
G177	Unveiled
G178	Uncondemned
G179	Indissoluble
G180	Not ceasing from
G181	Disturbance
G182	Unsettled
G184	Akeldama
G185	simple
G186	Unbent
G187	To reach maturity
G188	Even now
G189	Hearing
G190	To accompany
G191	To hear
G192	Incontinence
G193	Lacking self-control
G194	Unmixed
G195	Strictness
G196	Most exact
G198	To learn carefully
G199	Carefully
G200	A locust
G201	Auditorium
G202	A hearer
G203	foreskin
G204	In the corner
G205	firstfruits
G206	The end
G207	The Greek way of writing the Latin Aquila
G208	To annul
G209	without hindrance
G210	Unwilling
G211	A phial or bottle of perfumed ointment
G212	Boasting
G213	A boaster
G214	To cry aloud
G215	Unutterable
G216	Unable to speak or articulate
G217	Salt
G218	To anoint
G219	The cockcrow
G220	A rooster
G221	An Alexandrian
G222	Alexandrian
G223	Alexander
G224	Meal
G225	Truth
G226	To say  truth
G227	Unconcealed
G228	True
G229	To grind
G230	Truly
G231	A fisherman
G232	To fish
G233	To salt
G234	Pollution
G235	But
G236	To change
G237	From another place
G238	To speak allegorically
G239	Hallelujah
G240	One another
G241	Of another nation
G242	To leap
G243	Other
G244	One who meddles in things alien to his calling or in matters belonging to others
G245	Belonging to another person
G246	Foreign
G247	Otherwise
G248	To thresh
G249	Without reason
G250	Aloes
G251	Salt
G252	Salty
G253	Free from pain
G254	A  chain
G255	Profitless
G256	Alphaeus
G257	A threshing-floor
G258	A fox
G259	Capture
G260	At the same time
G261	Unlearned
G262	Unfading
G263	Unfading
G264	to miss the mark
G265	A fault
G266	missing the mark
G267	Without witness
G268	Sinning
G269	Peaceable
G270	To mow
G271	Amethyst
G272	To neglect
G273	Blameless
G274	Blamelessly
G275	Free from anxiety  or care
G276	Unchanged
G277	Immovable
G278	Not to be repented of
G279	Unrepentant
G280	Not measurable
G281	Verily
G282	whose mother's name is not recorded
G283	Undefiled
G284	Amminadab
G285	Sand
G286	A lamb
G287	Requital
G288	A vine
G289	A vine-dresser
G290	A vineyard
G291	Ampliatus
G292	To ward off
G293	something thrown around
G294	To put on
G295	Amphipolis
G296	a road around anything
G297	Both
G298	Without blame or fault
G299	Blameless
G301	Amos
G302	whatsoever
G303	Each
G304	A step
G305	To go up
G306	To postpone
G307	To draw up
G308	To look up
G309	Recovery of sight
G310	To shout upwards
G311	Postponement
G312	To bring back word
G313	To beget again
G314	To read
G315	To force
G316	Necessary
G317	By way of compulsion
G318	Necessity
G319	To recognize
G320	Recognition
G321	To lead up
G322	To show forth
G323	The proclamation of an appointment
G324	To welcome
G325	To send up
G326	To come to life again
G327	To seek out
G328	To gird up
G329	To stir up the fire
G330	To thrive or flourish again
G331	A votive offering
G332	To curse
G333	To look at attentively
G334	An offering dedicated  by a worshipper
G335	Shamelessness
G336	Taking away
G337	To take up
G338	Guiltless
G339	To sit up
G340	To make fresh again
G341	To renew
G342	Renewing
G343	To unveil
G344	To bend or turn back
G345	To recline
G346	To sum up
G347	To lay upon
G349	To shout aloud
G350	To examine
G351	Judicial examination
G352	To raise oneself
G353	To take up
G354	A taking up
G355	To destroy
G356	Proportion
G357	To think upon
G358	Saltless
G359	A loosing
G360	To unloose
G361	Without blame
G362	To await
G363	To remind
G364	A recalling
G365	To renew
G366	To become sober again
G367	Ananias
G368	Indisputable
G369	Without contradiction
G370	Unworthy
G371	Unworthily
G372	Rest
G373	To make to rest
G374	To persuade
G375	To send up
G376	Crippled
G377	To lie down
G378	To fill up
G379	Without  defense
G380	To unroll
G381	To kindle
G382	Uncountable
G383	To shake up
G384	To pervert
G385	To drag up
G386	A rising again
G387	to turn upside down
G388	To impede
G389	To groan or sigh deeply
G390	To overturn
G391	Dealing with other men
G392	To arrange
G393	To make to rise
G394	To lay  before
G395	rising of the sun
G396	To overturn
G397	To rear
G398	to sight
G399	to carry up
G400	To call out
G401	Outpouring
G402	To return
G403	A refreshing
G404	To refresh
G405	An enslaver
G406	Andrew
G407	To act like a man
G408	Andronicus
G409	A murderer
G410	Irreproachable
G411	Indescribable
G412	Unspeakable
G413	Unfailing
G414	Endurable
G415	Unpitying
G416	To be blown with the wind
G417	The wind
G418	Impossible
G419	That cannot be searched into
G420	Enduring evil
G421	That cannot be explored
G422	Having no cause to be ashamed
G423	Irreproachable
G424	To come up
G425	Relief
G426	To examine  judicially
G427	Without
G428	Unfitted
G429	To find by seeking out
G430	To endure
G431	A cousin
G432	Anise
G433	Is due
G434	Not tame
G435	A male human being
G436	To set against
G437	To make a mutual agreement
G438	Bloom
G439	A coal-fire
G440	Coal
G441	Desirous of pleasing men
G442	Belonging to human beings
G443	A murderer
G444	A man
G446	A proconsul
G447	To send up
G448	Without mercy
G449	Unwashed
G450	To raise up
G451	Anna
G452	Annas
G453	Foolish
G454	Folly
G455	To open
G456	To rebuild
G457	The act of opening
G458	Lawlessness
G459	Lawless
G460	Without law
G461	To make upright  again
G462	Unholy
G463	Forbearance
G464	To resist
G465	An exchange
G466	To fill up in place of someone else
G467	To give in return
G468	A gift in return
G469	A reward
G470	To contradict
G472	To hold against
G473	instead of
G474	To throw at in opposition
G475	To set oneself against
G476	An opponent
G477	A proposition
G478	To resist
G479	To invite in return
G480	To resist
G481	Right opposite
G482	To take hold of
G483	To speak or say in opposition
G484	Help
G485	Contradiction
G486	To abuse in return
G487	A ransom
G488	To measure in return
G489	A reward
G490	Antioch
G491	An Antiochian
G492	To pass opposite
G493	Antipas
G494	Antipatris
G495	On the opposite side or shore
G496	To resist
G497	To campaign against
G498	To set oneself against
G499	Typical of
G500	Antichrist
G501	To draw
G502	What is drawn
G503	To face
G504	Without water
G505	Unfeigned
G506	Not subject to rule
G507	Up
G508	An upper room
G509	from above
G510	Upper
G511	Higher
G512	Useless
G513	An axe
G514	Worthy
G515	To account or treat as worthy
G516	Worthily
G517	Unseen
G518	To report
G519	To choke
G520	To lead
G521	Untrained
G522	To take away
G523	To ask back
G524	to be past feeling
G525	To free  from
G526	To estrange
G527	Soft
G528	To go to meet
G529	The act of meeting
G530	Once
G531	Inviolable
G532	Unprepared
G533	To deny
G535	Completion
G536	The firstfruits
G537	All
G538	To deceive
G539	Deceit
G540	Without  father
G541	A light flashing forth
G543	Willful unbelief
G544	To disobey
G545	Unbelieving
G546	To threaten
G547	A threatening
G548	To be absent
G549	To go away
G550	To renounce
G551	Untried
G552	Inexperienced
G553	To expect eagerly
G554	To strip
G555	A putting off
G556	To drive away
G557	Refutation
G558	A freedman
G559	Apelles
G560	To give up in despair
G561	Against
G562	Unaccomplished
G563	Without distraction
G564	Uncircumcised
G565	To come or go away from
G568	To have in full
G569	To be unfaithful
G570	Unbelief
G571	Unbelieving
G572	Simplicity
G573	Single
G574	Simply
G575	From
G576	To go or come out of
G577	To throw away from
G578	To look away from all else at one object
G579	Worthy to be cast away
G580	A casting away
G581	To be away
G582	An enrollment
G583	To enroll
G584	To show by proof
G585	Demonstration
G586	To take off  a tenth part
G587	Worthy to be received
G588	To receive
G589	To be away from home
G590	Away from home
G591	to give back
G592	To make a logical distinction
G593	To reject after testing
G594	acceptance
G595	A putting off
G596	A repository
G597	To store up
G598	jostle
G599	To be dying
G600	To set up again
G601	To uncover
G602	An unveiling
G603	Eager expectation
G604	To reconcile
G605	Restitution
G606	To have been put away
G607	To behead
G608	To shut fast
G609	To smite
G610	An answer
G611	To answer
G612	An answer
G613	To hide away
G614	Hidden away
G615	To put to death
G616	To bring forth
G617	To roll away
G618	to get back
G619	The faculty or experience of enjoyment
G620	To leave
G621	To lick off
G622	to kill
G623	Apollyon
G624	Apollonia
G625	Apollos
G626	To give a defense
G627	A verbal defense
G628	To wash off
G629	Release effected by payment of ransom
G630	To release
G631	To wipe off
G632	To assign
G633	To wash dirt off
G634	To fall away
G635	To cause to go astray
G636	To sail away
G638	to suffocate
G639	To be at a loss
G640	Perplexity
G641	To throw away from
G642	To separate from someone
G643	To prepare for a journey
G644	Either a shadow cast by an object
G645	to wrench away from
G646	Defection
G647	Repudiation
G648	To take the roof off
G649	To send forth
G650	To defraud
G651	Commission
G652	A messenger
G653	To draw out by questioning
G654	To turn away
G655	To detest
G656	Away from the synagogue
G657	To withdraw from
G658	To complete
G659	To lay off or aside
G660	To shake off
G661	To repay
G662	To assume boldness
G663	abruptness
G664	Sharply
G665	To turn away from
G666	Absence
G667	To carry
G668	To flee from
G669	To speak out
G670	To unload
G671	Using up
G672	To go away
G673	To separate from
G674	To faint
G675	The township Appi Forum on the Appian Way
G676	Unapproachable
G677	not offending
G678	without any preference  for a person
G679	Without stumbling or falling
G680	to fasten to
G681	To kindle
G682	Apphia
G683	To push  away
G684	Destruction
G685	A prayer
G686	Then
G687	A particle asking a question
G688	Arabia
G689	Ram
G690	An Arabian
G691	To linger
G692	Idle
G693	Made of silver
G694	Silver
G695	a silversmith
G696	Silver as a metal
G697	Areopagus
G698	Member of the Council of the Areopagus
G699	Pleasing
G700	To please
G701	Pleasing
G702	Aretas IV
G703	Goodness
G704	A lamb
G705	To number
G706	A number
G707	Arimathea
G708	Aristarchus
G709	To breakfast
G710	On the left hand
G711	Aristobulus
G712	Breakfast or a mid-day meal
G713	Sufficient
G714	To keep off
G715	A bear
G716	A chariot
G717	Armageddon
G718	To fit
G719	A joint of the body
G720	to deny
G721	a lamb
G722	To plow
G723	A plow
G724	The act of plundering
G725	Spoil
G726	To seize
G727	Rapacious
G728	An earnest
G729	Not sewed
G730	Male
G731	Not to be uttered
G732	Infirm
G733	A male engaging in same-gender sexual activity
G734	Artemas
G735	Artemis
G736	A foresail
G737	Now
G738	Newly begotten
G739	Perfect
G740	Bread
G741	to arrange
G742	Arphaxad
G743	A ruler of angels
G744	Original
G745	Archelaus
G746	rule
G747	Originator
G748	High priestly
G749	High priest
G750	The chief shepherd
G751	Archippus
G752	A leader of the synagogue
G753	Master-builder
G754	Head of a custom-house
G755	Master of ceremonies at a dinner
G756	To begin
G757	To reign
G758	A ruler
G759	Spice
G760	Asa
G761	Unshaken
G762	Inextinguishable
G763	Impiety
G764	To be ungodly
G765	Impious
G766	wantonness
G767	undistinguished
G768	Asher
G769	Want of strength
G770	To be weak
G771	Weakness
G772	weak
G773	The Roman province of Asia
G774	Belonging to the Roman province Asia
G775	An Asiarch
G776	lack or wheat
G777	Fasting
G778	To train
G779	A wine-skin
G780	Joyfully
G781	Unskilled
G782	To greet
G783	A greeting
G784	Unstained
G785	An asp
G786	Implacable
G787	A small coin equal to the tenth part of a drachma
G788	Nearer
G789	Assos
G790	To be unsettled
G791	elegant
G792	A star
G793	unsteady
G794	Unloving
G795	To miss the mark
G796	A flash of lightning
G797	To flash
G798	A star
G799	Asyncritus
G800	Dissonant
G801	Unintelligent
G802	Not covenanting
G803	Safety
G804	safe
G805	To make safe
G806	Safely
G807	To act improperly
G808	Unseemly behavior
G809	Unseemly
G810	Wantonness
G811	Prodigally
G812	behave disorderly
G813	disorderly
G814	In a disorderly manner
G815	Childless
G816	To direct my gaze
G817	Apart from
G818	To disgrace
G819	Disgrace
G820	Without honor
G822	Breath
G823	an indivisible part of time
G824	improper
G825	Attalia
G826	To flash
G827	Brightness
G828	Augustus
G829	Self-satisfied
G830	Of one's own accord
G831	To domineer
G832	To play the flute
G833	Court-yard
G834	A flute-player
G835	To lodge in the open
G836	A flute
G837	to cause to increase
G838	Increasing
G839	Tomorrow
G840	Grim
G841	Self-sufficiency
G842	Self-sufficient
G843	self-condemned
G844	Of its own accord
G845	An eye-witness
G846	He
G847	Here
G848	Her own
G849	With one's own hand
G850	dingy
G851	To take away
G852	Invisible
G853	To cause to disappear
G854	Disappearing
G855	Disappearing
G856	A drain
G857	Severity
G858	Simplicity
G859	A sending away
G860	A band
G861	Indestructibility
G862	Indestructible
G863	to send away
G864	To arrive at
G865	Not loving that which is good
G866	Not loving money
G867	Arrival
G868	To make to stand away
G869	Suddenly
G870	Fearlessly
G871	To assimilate
G872	To look away from  to
G873	To rail off
G874	a starting
G875	To foam
G876	Foam
G877	Want of sense
G878	Senseless
G879	To fall asleep
G880	Soundless
G881	Ahaz
G882	The Roman Province Achaia
G883	Achaicus
G884	Ungrateful
G885	Achim
G886	Not made with hands
G887	A mist
G888	Unprofitable
G889	to be good for nothing
G890	Unprofitable
G891	As far as
G892	Chaff
G893	Not guilty of falsehood
G894	Wormwood
G895	Lifeless
G896	Baal
G897	Babylon
G898	A step
G899	Depth
G900	To deepen
G901	Deep
G902	A palm branch
G903	Balaam
G904	Balak
G905	A purse
G906	to cast
G907	to dip
G908	The rite or ceremony of baptism
G909	Dipping
G910	The baptizer
G911	to dip
G912	Barabbas
G913	Barak
G914	Barachiah
G915	A foreigner
G916	To weight
G917	Heavily
G918	Bartholomew
G919	Bar-Jesus
G920	Bar-Jonas
G921	Barnabas
G922	A weight
G923	Barsabbas
G924	Bartimaeus
G926	Heavy
G927	Of great price
G928	To examine
G929	Torture
G930	One who tortures
G931	Torture
G932	Kingship
G934	Courtiers
G935	A king
G936	to rule
G937	Connected with a king
G938	A queen
G939	A step
G940	To give the evil eye to
G941	to carry
G942	A thorn bush or bramble
G943	A bath
G944	A frog
G945	To chatter
G946	An abominable thing
G947	Abominable
G948	To abhor
G949	Firm
G950	To confirm
G951	Confirmation
G952	Permitted to be trodden
G953	To profane
G954	Beelzebul
G955	Belial
G956	A missile
G957	Better
G958	Benjamin
G959	Bernice
G960	Berea
G961	Belonging to Berea
G963	Bethany
G964	Bethesda
G965	Bethlehem
G966	Bethsaida
G967	Bethphage
G968	An elevated place ascended by steps
G969	A beryl
G970	Force
G971	to use force
G972	Strong
G973	A forceful
G974	A little papyrus roll
G975	A papyrus roll
G976	A written book
G977	To eat
G978	Bithynia
G979	life
G980	To live
G981	Manner of life
G982	Belonging to ordinary life
G983	Injurious
G984	To hurt
G985	To sprout
G986	Blastus
G987	To speak evil against
G988	Abusive or scurrilous language
G989	Slanderous
G990	A look
G991	To look
G992	one must put
G993	Boanerges
G994	To shout
G995	A shout
G996	assistance
G997	To come to the rescue of
G998	A helper
G999	A pit
G1000	A casting
G1001	To cast the line
G1003	Boaz
G1004	Mud
G1005	The north wind
G1006	To feed
G1007	Bosor
G1008	Fodder
G1009	A cluster  of grapes
G1010	A member of a city council
G1011	To deliberate
G1012	Counsel
G1013	Will
G1014	To will
G1015	A hillock
G1016	An ox
G1017	A prize
G1018	to rule
G1019	To be slow
G1020	To sail slowly
G1021	Slow
G1022	Tardiness
G1023	The arm
G1024	Short
G1025	Infant
G1026	To moisten
G1027	Thunder
G1028	A wetting
G1029	A noose or snare
G1030	A grinding or gnashing
G1031	To grind or gnash
G1032	To cause to gush forth
G1033	Food of any kind
G1034	Eatable
G1035	eating
G1036	To cause to sink
G1037	The deep sea
G1038	A tanner
G1039	Of fine linen
G1040	Fine linen
G1041	An altar
G1042	Gabbatha
G1043	The angel Gabriel
G1044	Gangrene
G1045	Gad
G1046	Gadarene
G1047	Treasure
G1048	Gaza
G1049	A treasury
G1050	Gaius
G1051	Milk
G1052	A Galatian
G1053	Galatia
G1054	Galatic
G1055	A calm
G1056	Galilee
G1057	A Galilean
G1058	Gallio
G1059	Gamaliel
G1060	To marry
G1061	To give in marriage
G1062	A marriage
G1063	For
G1064	The womb
G1065	An enclitic
G1066	Gideon
G1067	Gehenna
G1068	Gethsemane
G1069	A neighbor
G1070	To laugh
G1071	Laughter
G1072	To fill
G1073	To be full of
G1074	A generation
G1075	To put into a genealogy
G1076	Genealogy
G1077	A birthday celebration
G1078	Birth
G1079	Birth
G1080	To beget
G1081	Offspring
G1082	Gennesaret
G1084	Begotten
G1085	Offspring
G1086	From Gerasene
G1087	The assembly or body of elders
G1088	An old man
G1089	to taste
G1090	To work the soil
G1091	A tilled field
G1092	A worker of the soil
G1093	The earth
G1094	Old age
G1095	To become old
G1096	To come into being
G1097	To take in knowledge
G1098	The unfermented juice of grapes
G1099	Sweet
G1100	The tongue
G1101	Bag
G1102	A fuller
G1103	real
G1104	Truly
G1105	Darkness
G1106	Opinion
G1107	To make known
G1108	Knowledge
G1109	One who knows
G1110	Known
G1111	To whisper
G1112	Murmuring
G1113	A murmurer
G1114	A conjuror
G1115	Golgotha
G1116	Gomorrah
G1117	A cargo
G1118	A begetter
G1119	The knee
G1120	To fall on my knees before
G1121	A letter of the alphabet
G1122	in Jerusalem
G1123	Written
G1124	a writing
G1125	To write
G1126	Belonging to old women
G1127	to be awake
G1128	To train by physical exercise
G1129	exercise
G1130	To be poorly clad
G1131	stark-naked
G1132	Nakedness
G1133	A woman
G1134	Belonging to woman
G1135	A woman
G1136	Gog
G1137	A corner
G1138	David
G1139	To be possessed
G1140	An evil-spirit
G1141	Demon-like
G1142	An evil-spirit
G1143	To bite
G1144	A tear
G1145	To shed tears
G1146	A ring
G1147	A finger
G1148	Dalmanutha
G1149	Dalmatia
G1150	To tame
G1151	A heifer
G1152	Damaris
G1153	A Damascene
G1154	Damascus
G1155	To lend
G1156	A loan
G1157	A money-lender
G1158	Daniel
G1159	To spend
G1160	Cost
G1161	A weak adversative particle
G1162	Supplication
G1163	It is necessary
G1164	An example
G1165	To hold up as an example
G1166	To point out
G1167	Cowardice
G1168	To shrink
G1169	Cowardly
G1170	So and so
G1171	Vehemently
G1172	To dine
G1173	A dinner
G1174	Respectful of what is divine
G1175	Religion in general
G1176	Ten
G1178	Fifteen
G1179	Decapolis
G1180	Fourteen
G1181	A tenth part
G1182	Tenth
G1183	To tithe
G1184	Acceptable
G1185	To allure
G1186	A tree
G1187	One posted on the right hand
G1188	On the right hand
G1189	To want for myself
G1190	Derbean
G1191	Derbe
G1192	The skin or hide of an animal
G1193	Made of hide
G1194	To flay
G1195	To bind
G1197	A bundle
G1198	One bound
G1199	A bond
G1200	A keeper of a prison
G1201	A prison
G1202	A prisoner
G1203	A lord
G1204	come
G1205	Come hither
G1206	On the second day
G1208	Second
G1209	To take
G1210	To bind
G1211	so
G1212	Clear
G1213	To show
G1214	Demas
G1215	To make a public speech
G1216	Demetrius
G1217	An artisan
G1218	the people
G1219	Public
G1220	A denarius
G1221	Even at that time
G1223	through
G1224	To cross
G1225	To thrust through
G1226	To assert emphatically
G1227	To see through
G1228	slanderous
G1229	To announce throughout
G1230	To pass
G1231	To know accurately
G1233	Judicial examination
G1234	To murmur greatly
G1235	To awake out of sleep
G1236	to spend time
G1237	To receive in my turn
G1238	A head-wreath
G1239	To offer here and there
G1240	A successor
G1241	To gird
G1242	a covenant between two parties
G1243	Division
G1244	To divide into parts
G1245	To cleanse thoroughly
G1246	To effectively  refute
G1247	To wait at table
G1248	Waiting at table
G1249	A waiter
G1250	Two hundred
G1251	To hear throughout
G1252	To separate
G1253	Distinguishing
G1254	To obstinately prevent
G1255	To converse together
G1256	To converse
G1257	To cease
G1258	Language
G1259	To change
G1260	To reason
G1261	A calculation
G1262	To break up
G1263	To give solemn evidence
G1264	To strive greatly
G1265	To remain
G1266	To divide up into parts
G1267	Breaking up
G1268	To divide into portions
G1269	To nod continually
G1270	A reasoning
G1271	Understanding
G1272	To open fully
G1273	To spend the whole night
G1274	To finish
G1276	To cross over
G1277	To sail over
G1278	To be greatly troubled
G1279	To journey through
G1280	To be in trouble
G1281	To gain by business
G1282	to cut to the quick
G1283	To plunder
G1284	To tear asunder
G1285	To make clear
G1286	To blackmail
G1287	To scatter
G1288	To tear apart
G1289	To scatter
G1290	scattering abroad of seed by the sower
G1291	To give a commission
G1292	An interval of time
G1293	Distinction
G1294	To pervert
G1295	To save  through
G1296	Ordaining
G1297	A mandate
G1298	To trouble greatly
G1299	To give orders to
G1300	To continue
G1301	To keep safe
G1303	to appoint
G1304	To tarry
G1305	Nourishment
G1306	To shine through
G1308	to carry through
G1309	To escape by flight
G1310	To report
G1311	To destroy
G1312	Destruction
G1313	Differing
G1314	To guard carefully
G1315	To lay my hands upon
G1316	To separate oneself from
G1317	Able to teach
G1318	Taught
G1319	Instruction
G1320	A teacher
G1321	To teach
G1322	Teaching
G1323	A double-drachma
G1324	The Twin
G1325	To offer
G1326	To wake out of sleep
G1327	A meeting-place of roads
G1328	An interpreter
G1329	To translate
G1330	To pass through
G1331	To find by inquiry
G1332	Two years old
G1333	A period of two years
G1334	To relate in full
G1335	A narrative
G1336	Continuous
G1337	Between two seas
G1338	To pass through
G1339	To put apart
G1340	To assert emphatically
G1341	Just judging
G1342	Just
G1343	justice
G1344	To make righteous
G1345	A thing pronounced  to be righteous
G1346	Justly
G1347	Acquittal
G1348	A judge
G1349	right
G1350	A fishing net
G1351	Double-tongued
G1352	Wherefore
G1353	To journey through
G1354	Dionysius
G1355	Wherefore
G1356	Fallen from the sky
G1357	Amendment
G1358	To dig through
G1359	The Dioscuri
G1360	On this account
G1361	Diotrephes
G1362	Double
G1363	To double
G1364	Twice
G1365	To waver
G1366	two-edged
G1367	Two thousand
G1368	To strain
G1369	To cut asunder
G1370	Division
G1371	To cut in two
G1372	To thirst for
G1373	Thirst
G1374	double-minded
G1375	Chase
G1376	A persecutor
G1377	To pursue
G1378	A decree
G1379	To subject to regulations
G1380	To think
G1381	To put to the test
G1382	A trial
G1383	A test
G1384	Approved
G1385	A beam or spar of timber
G1386	Treacherous
G1387	To act deceitfully
G1388	Deceit
G1389	To adulterate
G1390	A gift
G1391	Honor
G1392	To glorify
G1393	Dorcas
G1394	A giving
G1395	A giver
G1396	To bring into subjection
G1397	Slavery
G1398	To be a slave
G1399	A female slave
G1401	 enslaved
G1402	To enslave
G1403	A feast
G1404	A dragon or huge serpent
G1405	To take hold of
G1406	A drachma
G1407	A sickle
G1408	A running
G1409	Drusilla
G1410	to be powerful
G1411	physical power
G1412	To empower
G1413	a ruler
G1414	To be powerful
G1415	powerful
G1416	To sink
G1417	Two
G1419	Difficult to carry
G1420	Dysentery
G1421	Difficult to interpret
G1422	Difficult
G1423	With difficulty
G1424	A setting
G1425	Hard to understand
G1426	Evil report
G1427	Twelve
G1428	Twelfth
G1429	The Twelve Tribes
G1430	The roof
G1431	A  gift
G1432	As a free gift
G1433	To give
G1434	A gift
G1435	A gift
G1436	An interjection
G1437	if
G1438	Himself
G1439	To allow
G1440	Seventy
G1441	Seventy times
G1442	Seventh
G1443	Eber
G1444	Hebrew
G1445	A Hebrew
G1446	The Hebrew language
G1447	In the Hebrew
G1448	To bring near
G1449	To write
G1450	A surety
G1451	Near
G1452	Nearer
G1453	to wake
G1454	A waking up
G1455	A spy
G1456	A renewal
G1457	To consecrate
G1458	To bring a charge against
G1459	To leave in the lurch
G1460	To dwell in
G1461	To graft in
G1462	An accusation
G1463	To clothe oneself
G1464	An incision
G1465	To interrupt
G1466	Self-mastery
G1467	To exercise self-control
G1468	Self-controlled
G1469	To count among
G1470	To hide in
G1471	With child
G1472	To rub in
G1473	I
G1474	To dash to the ground
G1475	The base
G1476	Sitting
G1477	A foundation
G1478	Hezekiah
G1479	Arbitrary worship
G1480	To accustom
G1481	A tribal lord
G1482	Pagan
G1483	In the manner of Gentiles
G1484	A race
G1485	A custom
G1486	To be accustomed
G1487	If
G1490	But if not
G1491	Visible form
G1492	To know
G1493	A temple for  an image
G1494	sacrificed to an image
G1495	Service  of an image
G1496	A server  of an image
G1497	An idol
G1500	Without a cause
G1501	Twenty
G1502	To give way
G1503	To be like
G1504	An image
G1505	Clearness
G1506	pure
G1510	Am
G1512	If indeed
G1514	To be peaceful
G1515	Peace
G1516	Peaceable
G1517	To make peace
G1518	Pacific
G1519	Into
G1520	One
G1521	To lead in
G1522	To hear
G1523	To welcome in
G1524	To go in
G1525	To go in
G1526	Agree
G1528	To call in
G1529	entering
G1530	To leap into
G1531	To journey in
G1532	To run in
G1533	To lead into
G1534	Then
G1535	And if
G1537	From out
G1538	Each
G1539	At every time
G1540	One hundred
G1541	A hundred years old
G1542	A hundredfold
G1543	A centurion of the Roman army
G1544	To throw  out
G1545	a way out
G1546	A throwing out
G1549	Descended
G1550	To spend  completely
G1551	To wait for
G1552	Perfectly evident
G1553	To go abroad
G1554	To give out
G1555	To narrate at length
G1556	To give justice over
G1557	a defense
G1558	Avenging
G1559	To persecute
G1560	Given up
G1561	A waiting for
G1562	To put off
G1563	there
G1564	Thence
G1565	That
G1566	Thither
G1567	To seek out
G1568	To be greatly astonished
G1569	Full of astonishment
G1570	Cast out
G1571	To clean  out
G1572	To blaze out
G1573	To be faint
G1574	To pierce through
G1575	To break off
G1576	To shut out
G1577	An assembly
G1578	to fall away from
G1579	To swim out
G1580	To carry out
G1581	To cut out
G1582	To hang out
G1583	To speak out
G1584	To shine forth
G1585	To forget entirely
G1586	To pick out for oneself
G1587	To fail
G1588	Chosen out
G1589	A  selection
G1590	To loose
G1591	To wipe
G1592	To deride
G1593	To escape
G1594	To return to soberness of mind
G1595	Willing
G1596	Willingly
G1597	From of old
G1598	To put to the test
G1599	To send out
G1600	To spread  out
G1601	To fall out
G1602	To sail out
G1603	To fill completely
G1604	A completion
G1605	To strike with panic or shock
G1606	to breathe my last
G1607	To depart from
G1608	To be guilty of fornication
G1609	To spit out
G1610	To root out
G1611	bewilderment
G1612	To change for the worse
G1613	To disturb  greatly
G1614	To stretch out
G1615	To complete
G1616	Earnestness
G1617	More earnestly
G1618	Intent
G1619	Earnestly
G1620	to put out or expose a child
G1621	To shake off
G1622	without
G1623	Sixth
G1624	
G1625	To nourish
G1626	an untimely birth
G1627	To bring out
G1628	To flee out
G1629	To frighten away
G1630	Greatly terrified
G1631	To put forth
G1632	To pour out
G1633	To go out
G1634	To breathe my last
G1635	Willing
G1636	An olive tree
G1637	Olive oil
G1638	Olive-grove
G1639	An Elamite
G1640	Less
G1641	To have less
G1642	To make less
G1643	to drive
G1644	Levity
G1645	Light
G1646	Least
G1647	The smallest
G1648	Eleazar
G1649	Rebuke
G1650	A proof
G1651	to reprove
G1652	Merciful
G1653	To pity
G1654	Alms-giving
G1655	Full of pity
G1656	Pity
G1657	Freedom
G1658	Free
G1659	To free
G1660	A coming
G1661	Made of ivory
G1662	Eliakim
G1663	Eliezer
G1664	Eliud
G1665	Elizabeth
G1666	Elisha
G1667	To roll
G1668	A  sore
G1669	To afflict with sores
G1670	To drag
G1671	Hellas
G1672	A Hellene
G1673	Greek
G1674	A female Greek
G1675	A Hellenist
G1676	In the Greek language
G1677	To charge to
G1678	Elmadam
G1679	To hope
G1680	Hope
G1681	Elymas
G1682	my God
G1683	Of myself
G1684	To step in
G1685	To cast in
G1686	To dip into
G1687	To enter
G1688	To embark
G1689	To look into
G1690	To snort
G1692	To vomit forth
G1693	To be madly enraged with
G1694	Emmanuel
G1695	Emmaus
G1696	To remain  in
G1697	Hamor
G1699	My
G1701	Mockery
G1702	To mock
G1703	A mocker
G1704	To walk about in a place
G1705	To fill up
G1706	To fall in
G1707	To enfold
G1708	A plaiting
G1709	To breathe
G1710	To travel as a merchant
G1711	Trading
G1712	A place of traffic
G1713	A merchant
G1714	To burn
G1715	In front
G1716	To spit upon
G1717	Manifest
G1718	To make visible
G1719	Full of fear
G1720	To breathe into
G1721	Inborn
G1722	In
G1723	To take  in my arms
G1724	Marine
G1725	Before
G1726	Before
G1727	Opposite
G1728	To begin
G1729	In need
G1730	a plain token
G1731	To show forth
G1732	A showing
G1733	Eleven
G1734	Eleventh
G1735	To allow
G1736	To be at home
G1737	
G1738	Righteous
G1739	The material of a building
G1740	To glorify
G1741	Highly esteemed
G1742	A garment
G1743	To fill with power
G1744	To clothe
G1745	A putting on of clothing
G1746	To put on
G1747	An ambush
G1748	To lie in wait  for
G1750	To wrap up
G1751	To be in
G1752	For the sake of
G1753	Working
G1754	To work
G1755	A working
G1756	Effective
G1757	To bless
G1758	to have a grudge against
G1759	Here
G1760	To meditate upon
G1761	Inward thought
G1762	There is in
G1763	A year
G1764	To place in or upon
G1765	To invigorate
G1766	Ninth
G1767	Nine
G1768	Ninety
G1769	Dumb
G1770	To make a sign to by nodding
G1771	Thinking
G1772	legal
G1773	In the night
G1774	To dwell in
G1775	Oneness
G1776	To disturb
G1777	Involved in
G1778	An injunction
G1779	To embalm
G1780	Embalming
G1781	To give orders
G1782	Hence
G1783	a petition
G1784	precious
G1785	An ordinance
G1786	Belonging to the place
G1787	Within
G1788	to turn to confusion
G1789	To nourish  on
G1790	Trembling with fear
G1791	Shame
G1792	To revel
G1793	to meet
G1794	To wrap up
G1795	To engrave
G1796	To insult
G1797	To dream  in my sleep
G1798	A dream
G1799	Before the face of
G1800	Enosh
G1801	To take into my ear
G1802	Enoch
G1803	Six
G1804	To announce publicly
G1805	To buy out
G1806	To lead out
G1807	To take out
G1808	To lift up
G1809	To demand of
G1810	Suddenly
G1811	To follow after
G1812	Six hundred
G1813	To plaster
G1814	To leap up
G1815	A rising up and out
G1816	To rise  up out
G1817	to raise up
G1818	To deceive thoroughly
G1819	Suddenly
G1820	To be utterly without resource
G1821	To send away
G1822	to fit up
G1823	To flash forth like lightning
G1824	Immediately
G1825	To raise up
G1826	to go out
G1828	to entice
G1829	Vomit
G1830	To search diligently
G1831	To go out
G1832	It is permitted
G1833	To examine
G1834	To lead
G1835	Sixty
G1836	Next in order
G1837	To sound out
G1838	Condition
G1839	to astonish
G1840	To have strength for
G1841	an exit
G1842	To destroy utterly
G1843	to consent fully
G1844	To adjure
G1845	An exorcist
G1846	to dig out
G1847	To set at naught
G1848	To set at naught
G1849	power
G1850	To exercise  power
G1851	Eminence
G1852	To wake out of sleep
G1853	Roused out of sleep
G1854	Without
G1855	from outside
G1856	To drive out
G1857	Outmost
G1858	To take part in a festival
G1859	A festival
G1860	A promise
G1861	To promise
G1862	A promise
G1863	To bring upon
G1864	To contend earnestly for
G1865	To gather together
G1866	Epaenetus
G1867	To praise
G1868	Commendation
G1869	To raise
G1870	To be ashamed
G1871	To beg
G1872	To follow close after
G1873	To listen to
G1874	To listen to
G1875	After
G1876	Necessarily
G1877	to put out
G1878	To remind
G1879	To rest upon
G1880	To return
G1881	To rise up against
G1882	Correction
G1883	on the top
G1884	To aid
G1885	Sphere of duty
G1886	A farm
G1887	Tomorrow
G1888	In the very act
G1889	Epaphras
G1890	To foam out
G1891	Epaphras
G1892	To arouse
G1893	when
G1894	when
G1895	Since
G1896	To looked upon
G1898	Bringing in
G1899	Then
G1900	Beyond
G1901	To strain after
G1902	To have on over
G1903	A coat
G1904	To come to
G1905	To interrogate
G1906	Inquiry
G1907	to hold forth
G1908	To insult
G1909	On
G1910	to set foot on
G1911	to throw upon
G1912	To put a burden on
G1913	To place upon
G1914	To look with favor on
G1915	A patch on a garment
G1917	A plot
G1918	To take to wife after
G1919	on the earth
G1920	To arise
G1921	To come to know by directing my attention to him or it
G1922	Knowledge of a particular point
G1923	An inscription
G1924	To write upon
G1925	To show
G1926	To accept
G1927	To sojourn
G1928	To make an additional testamentary disposition
G1929	to hand in
G1930	To set in order besides
G1931	To sink
G1932	Considerateness
G1933	Gentle
G1934	To seek after
G1935	At the point of death
G1936	A laying on
G1937	To long for
G1938	An eager desirer of
G1939	Desire
G1940	To sit upon
G1941	to call  by a supplementary  name
G1942	A covering
G1943	To put a cover on
G1944	On whom a curse has been invoked
G1945	to be placed upon
G1946	An Epicurean
G1947	Succor
G1948	To decree
G1949	To lay hold of
G1950	To forget
G1951	To call
G1952	To fail
G1953	Forgetfulness
G1954	Remaining
G1955	Solution
G1956	To loose
G1957	To testify earnestly
G1958	Care
G1959	To take care of
G1960	Carefully
G1961	to remain
G1962	To nod to
G1963	Thought
G1964	To take an oath
G1965	Perjured
G1966	The next day
G1967	For the morrow
G1968	To fall upon
G1969	To rebuke
G1971	To long for
G1972	Eager longing
G1973	Longed for
G1974	Longing
G1975	To travel
G1976	To sew
G1977	To throw
G1978	Notable
G1979	Provision
G1980	To look upon
G1981	To raise a tent
G1982	To overshadow
G1983	To exercise oversight
G1984	visitation
G1985	overseer
G1986	to become as uncircumcised
G1987	To know
G1988	Master
G1989	To write
G1990	Skillful
G1991	To prop up
G1992	A letter
G1993	To muzzle
G1994	to turn  to
G1995	A turning
G1996	To collect
G1997	A gathering  together
G1998	To run together again
G1999	A gathering
G2000	Dangerous
G2001	To persist
G2002	To heap up
G2003	Instruction
G2004	To give order
G2005	To complete
G2006	Necessary
G2007	To put
G2008	to rebuke
G2009	Punishment
G2010	To turn to
G2011	Power to decide
G2012	 a steward
G2013	To attain
G2014	To appear
G2015	Appearing
G2016	Manifest
G2017	To shine upon
G2018	To bring forward
G2019	To call out
G2020	To dawn
G2021	To take in hand
G2022	To pour upon
G2023	To supply
G2024	Supply
G2025	To spread on
G2026	To build upon  a foundation
G2027	To force forward
G2028	To name
G2029	To be an eyewitness of
G2030	An eyewitness
G2031	A word
G2032	Heavenly
G2033	Seven
G2034	Seven times
G2035	Seven thousand
G2036	Answer
G2037	Erastus
G2038	To work
G2039	Working
G2040	A field-laborer
G2041	Work
G2042	To stir up
G2043	To stick fast
G2044	to utter
G2045	To search diligently
G2046	to say
G2047	A desert place
G2048	Deserted
G2049	to make desolate
G2050	A desolation
G2051	To contend
G2052	ambition
G2053	Wool
G2054	Contention
G2055	A little young goat
G2056	A goat
G2057	Hermas
G2058	Translation
G2059	to translate
G2060	Hermes
G2061	Hermogenes
G2062	A creeping creature
G2063	Red
G2064	To come
G2065	to ask
G2066	Clothing
G2068	To eat
G2069	Esli
G2072	A mirror
G2073	Evening
G2074	Hezron
G2078	Last
G2079	Extremely
G2080	Within
G2081	from within
G2082	Inner
G2083	A companion
G2084	Speaking another language
G2085	To teach different things
G2086	To be yoked with one different from oneself
G2087	another
G2088	Otherwise
G2089	still
G2090	To make ready
G2091	Foundation
G2092	Ready
G2093	Readily
G2094	A year
G2095	Well
G2096	Eve
G2097	To bring good news
G2098	The good news of the coming of the Messiah
G2099	An evangelist
G2100	To give pleasure to
G2101	Acceptable
G2102	Acceptably
G2103	Eubulus
G2104	of noble birth
G2105	Fair weather
G2106	To be well-pleased
G2107	good-will
G2108	Good action
G2109	To do good deeds
G2110	A benefactor
G2111	Suitable
G2112	Immediately
G2113	To run a straight course
G2114	To keep up spirit
G2115	Cheerful
G2116	to make straight
G2117	straight of direction
G2118	Straightness
G2119	To have a good  opportunity
G2120	A convenient time
G2121	Opportune
G2122	Opportunely
G2123	Easier
G2124	Reverence
G2125	To fear
G2126	cautious
G2127	to bless
G2128	blessed
G2129	Adulation
G2130	Willingly sharing
G2131	Eunice
G2132	To be favorable
G2133	Good-will
G2134	To make into a eunuch
G2135	a chamberlain
G2136	Euodia
G2137	To cause to prosper
G2138	Compliant
G2139	Easily surrounding
G2140	Good-doing
G2141	To have means
G2142	Wealth
G2143	Beauty
G2144	Well-received
G2145	Constantly attending to
G2146	To look well
G2147	To find
G2148	An east-north-east wind
G2149	Broad
G2150	Piety
G2151	To be dutiful
G2152	Pious
G2153	Piously
G2154	With clear meaning
G2155	Tender-hearted
G2156	Becomingly
G2157	Decorum
G2158	comely
G2159	Vehemently
G2160	Low jesting
G2161	Eutychus
G2162	Commendation
G2163	Well reported of
G2164	To bear well
G2165	To cheer
G2166	The Euphrates
G2167	Joy
G2168	To thank
G2169	Thankfulness
G2170	Thankful
G2171	A prayer comprising a vow
G2172	To pray
G2173	Useful
G2174	To be of good cheer
G2175	A sweet smell
G2176	on the left-hand side
G2177	To leap upon
G2178	Once
G2180	Ephesian
G2181	Ephesus
G2182	An inventor
G2183	A class of priests who served for a stated number of days
G2184	For the day
G2185	To come to
G2186	To stand by
G2187	Ephraim
G2188	be opened up
G2189	Enmity
G2190	Hated
G2191	A serpent
G2192	To have
G2193	until
G2194	Zebulun
G2195	Zacchaeus
G2196	Zerah
G2197	Zechariah
G2198	To live
G2199	Zebedee
G2200	Boiling hot
G2201	A yoke
G2202	A band
G2203	Zeus
G2204	to burn
G2205	eagerness
G2206	to be jealous
G2207	One who is eagerly devoted to a person or a thing
G2209	Damage
G2210	To inflict loss  upon
G2211	Zenas
G2212	To seek
G2213	A question
G2214	A question
G2215	Spurious wheat
G2216	Zerubbabel
G2217	Darkness
G2218	A yoke
G2219	Leaven
G2220	To leaven
G2221	To capture alive
G2222	Life
G2223	A girdle
G2224	To gird
G2225	To preserve alive
G2226	An animal
G2227	To make that which was dead to live
G2228	Or
G2230	To govern
G2231	Rule
G2232	A leader
G2233	to lead
G2234	Gladly
G2235	Already
G2236	Most gladly
G2237	Pleasure
G2238	Mint
G2239	Habit
G2240	To have come
G2241	Eli
G2242	Heli
G2243	Elijah
G2244	Age
G2245	Of which size
G2246	The sun
G2247	A nail
G2250	A day
G2251	Our
G2253	Half-dead
G2255	Half
G2256	Half an hour
G2259	When
G2260	Than
G2261	Placid
G2262	Er
G2263	Quiet
G2264	Herod
G2265	The Herodians
G2266	Herodias
G2267	Herodion
G2268	Isaiah
G2269	Esau
G2270	To rest from work
G2271	Quietness
G2272	Quiet
G2273	Whether
G2274	To be defeated
G2275	Defect
G2276	Lesser
G2278	To make a sound
G2279	a sound
G2280	Thaddaeus
G2281	the sea
G2282	to cherish
G2283	Tamar
G2284	To amaze
G2285	Astonishment
G2286	Deadly
G2287	Death-bringing
G2288	Death
G2289	To put to death
G2290	To bury
G2291	Terah
G2292	To be courageous
G2293	To be of good courage
G2294	Courage
G2295	a marvel
G2296	to wonder
G2297	Wonderful
G2298	To be wondered at
G2299	A goddess
G2300	To see
G2301	To make a public show of
G2302	a theatre
G2303	Brimstone
G2304	Divine
G2305	Divinity
G2306	Of brimstone
G2307	An act of will
G2308	A willing
G2309	To will
G2310	a foundation stone
G2311	To found
G2312	Taught by God
G2313	To fight against God
G2314	Fighting against God
G2315	God-breathed
G2316	God
G2317	Reverence for God
G2318	Devout
G2319	Hating God
G2320	Deity
G2321	Theophilus
G2322	Care
G2323	To care for
G2324	A servant
G2325	To reap
G2326	Reaping
G2327	A reaper
G2328	To warm
G2329	Heat
G2330	Summer
G2331	A Thessalonian
G2332	Thessalonica
G2333	Theudas
G2334	To look at
G2335	A sight
G2336	A repository
G2337	To suckle
G2338	Female
G2339	Hunting
G2340	To hunt
G2341	To fight with wild beasts
G2342	a wild beast
G2343	To store up
G2344	A store-house for precious things
G2345	To touch
G2346	to make narrow
G2347	Persecution
G2348	To die
G2349	Mortal
G2350	To disturb greatly
G2351	din
G2352	To crush
G2353	cattle
G2354	To lament
G2356	worship as expressed in ritual acts
G2357	religious
G2358	to lead around
G2359	Hair
G2360	To disturb
G2361	A clot
G2362	A  throne
G2363	Thyatira
G2364	A daughter
G2365	A little  daughter
G2366	A storm
G2367	Of the sandarach  tree
G2368	Incense
G2369	either the altar of incense
G2370	To burn incense
G2371	to be furiously angry with
G2372	An outburst of passion
G2373	To provoke to anger
G2374	a door
G2375	The heavy oblong Roman shield
G2376	A small opening
G2377	A door-keeper
G2378	Sacrifice
G2379	An altar
G2380	To sacrifice
G2381	Thomas
G2382	A breast-plate
G2383	Jairus
G2384	Jacob
G2385	James
G2386	Healing
G2387	Jambres
G2388	Jannai
G2389	Jannes
G2390	To heal
G2391	Jared
G2392	A cure
G2393	Jasper
G2394	Jason
G2395	A physician
G2397	Form
G2398	One's own
G2399	an amateur
G2400	See! Lo! Behold! Look!
G2401	Idumea
G2402	Sweat
G2403	Jezebel
G2405	The duty  of a priest
G2406	The act or office of priesthood
G2407	To serve as priest
G2408	Jeremiah
G2409	A priest
G2410	Jericho
G2411	A temple
G2412	Suitable to a sacred character
G2413	Sacred
G2414	Jerusalem
G2415	An inhabitant of Jerusalem
G2416	To commit sacrilege
G2417	Robbing temples
G2418	To minister in holy things
G2419	Jerusalem
G2420	The abstract notion of the priestly office
G2421	Jesse
G2422	Jephthah
G2423	Jeconiah
G2424	Jesus
G2425	considerable
G2426	Sufficiency
G2427	To make sufficient
G2428	supplication
G2429	Moisture
G2430	Iconium
G2431	Joyous
G2432	Cheerfulness
G2433	to have mercy on
G2434	A propitiation
G2435	a sin offering
G2436	Propitious
G2437	Illyricum
G2438	A thong
G2439	To clothe
G2440	A long flowing outer garment
G2441	raiment
G2442	To desire earnestly
G2443	In order that
G2445	Joppa
G2446	The Jordan
G2447	Poison
G2448	Judah
G2449	Judea
G2450	To live as a Jew
G2451	Jewish
G2452	In the manner of Jews
G2453	Jewish
G2454	The Jewish religion
G2455	Judah
G2456	Julia
G2457	Julius
G2458	Junia
G2459	Justus
G2460	A horse-soldier
G2461	Cavalry
G2462	A horse
G2463	A rainbow or halo
G2464	Isaac
G2465	Equal to or like the angels
G2466	Issachar
G2469	Iscariot
G2470	Equal
G2471	Equality
G2472	Equally privileged
G2473	Like-minded
G2474	Israel
G2475	An Israelite
G2476	to make to stand
G2477	To get acquainted with
G2478	Strong
G2479	Strength
G2480	To have strength
G2481	Perhaps
G2482	Italy
G2483	Italian
G2484	Ituraean
G2485	A small fish
G2486	A fish
G2487	A track
G2488	Jotham
G2489	Joanna
G2490	Joanan
G2491	the Baptist
G2492	Job
G2493	Joel
G2494	Jonam
G2495	Jonah
G2496	Joram
G2497	Jorim
G2498	Jehoshaphat
G2500	Joses  son of Eliezer
G2501	Joseph
G2502	Josiah
G2503	Iota
G2504	To also
G2505	Just as
G2506	Taking down
G2507	to take down
G2508	To cleanse
G2509	Even as
G2510	To lay hold of
G2511	To cleanse
G2512	Cleansing
G2513	Clean
G2514	Cleanness
G2515	A seat
G2516	To be sitting
G2517	In order
G2518	To sleep
G2519	A leader
G2520	To come down
G2521	To sit
G2522	Daily
G2523	to make to sit
G2524	To send
G2525	To set down
G2526	According to which thing
G2527	One the whole
G2528	To arm fully
G2529	To see clearly
G2530	in proportion as
G2531	According to the manner in which
G2532	And
G2533	Caiaphas
G2535	Cain
G2536	Cainan
G2537	Fresh
G2538	Freshness
G2539	Although
G2540	Fitting season
G2541	Caesar
G2542	one in Galilee
G2543	And yet
G2544	And yet
G2545	To ignite
G2546	And there
G2547	And thence
G2548	And he
G2549	evil
G2550	Evil-mindedness
G2551	To speak evil of
G2552	Experience of evil
G2553	To suffer evil
G2554	To do harm
G2555	Doing evil
G2556	Bad
G2557	a criminal
G2558	To treat evilly
G2559	To treat badly
G2560	Badly
G2561	Affliction
G2562	Stubble
G2563	A reed
G2564	to call
G2565	A cultivated olive tree
G2566	Very well
G2567	A teacher of that which is noble  and good
G2569	To do well
G2570	Beautiful
G2571	A covering
G2572	To veil
G2573	Well
G2574	A camel or dromedary
G2575	A furnace
G2576	To close
G2577	To work
G2578	To bend
G2579	And if
G2580	Cana
G2581	A Canaanite
G2582	Candace
G2583	a rule
G2584	Capernaum
G2585	To hawk
G2586	Smoke
G2587	Cappadocia
G2588	the heart
G2589	A knower of the inner life
G2590	fruit
G2591	Carpus
G2592	To bear fruit
G2593	Fruitful
G2594	To persevere
G2595	A dry stalk
G2596	against
G2597	To go down
G2598	to lay
G2599	To burden
G2600	Descent
G2602	foundation
G2603	to decide against
G2604	A reporter
G2605	To declare openly
G2606	To laugh at
G2607	To condemn
G2608	To break down
G2609	To lead down
G2610	To subdue
G2611	To bind up
G2612	Quite clear
G2613	To condemn
G2614	To hunt down
G2615	To enslave
G2616	To overpower
G2617	To shame
G2618	To burn up
G2619	To veil
G2620	To boast against
G2621	To recline
G2622	To break in pieces
G2623	To shut up
G2624	To give as an inheritance
G2625	To cause to recline at table
G2626	To flood over
G2627	A deluge
G2628	To follow after
G2629	To cut up
G2630	To cast down headlong
G2631	Punishment following condemnation
G2632	To condemn
G2633	Condemnation
G2634	To exercise authority over
G2635	To speak evil of
G2636	Evil-speaking
G2637	Slanderous
G2638	to seize tight hold of
G2639	To enter in a list
G2641	To leave behind
G2642	To stone down
G2643	Reconciliation
G2644	To change
G2645	Left behind
G2646	An inn
G2647	to break up
G2648	To understand
G2649	To give evidence  against
G2650	To wait
G2652	A curse
G2653	To curse
G2654	To use up
G2655	to burden
G2656	To nod
G2657	To take note of
G2658	to come down
G2659	Deep sleep
G2660	To be pierced
G2661	To deem  worthy
G2662	To trample down
G2663	resting
G2664	to cause to rest
G2665	a curtain
G2666	To drink down
G2667	To fall down
G2668	To sail down
G2669	To exhaust by labor or suffering
G2670	To sink in the sea
G2671	Cursing
G2672	To curse
G2673	to make idle
G2674	To number among
G2675	to fit  together
G2676	A perfecting
G2677	A bringing to a condition of fitness
G2678	To shake  up and down
G2679	To dig down under
G2680	To build
G2681	To encamp
G2682	A dwelling-place
G2683	To overshadow
G2684	To view closely
G2685	A spy
G2686	To deal craftily with
G2687	To let down
G2688	Behavior
G2689	Garb
G2690	To overturn
G2691	To grow wanton towards
G2692	Overthrow
G2693	To strew or spread over
G2694	To pull down
G2695	To slaughter
G2696	To seal up
G2697	A possession
G2698	to lay down
G2699	A mutilation
G2701	To run down
G2702	To bear down
G2703	To flee for refuge
G2704	To destroy
G2705	To kiss affectionately
G2706	To despise
G2707	A despiser
G2708	To pour  upon
G2709	Under the earth
G2710	To use to the full
G2711	To cool
G2712	Full of images of idols
G2713	Opposite
G2714	Before the face of
G2715	To have  power  over
G2716	To effect by labor
G2718	To come down from sky to earth
G2719	To eat up
G2720	to make straight
G2721	To rush
G2722	to hold fast
G2723	To accuse
G2724	An accusation
G2725	An accuser
G2726	A downcast countenance as a sign of sorrow
G2727	To instruct orally
G2728	To rust
G2729	To prevail against
G2730	To dwell in
G2731	A dwelling
G2732	A habitation
G2733	A dwelling
G2734	To mirror
G2736	down
G2737	Lower
G2738	Burning heat
G2739	To burn
G2740	A burning up
G2741	To burn with great heat
G2742	A scorching heat
G2743	To cauterize
G2744	To boast
G2745	A boasting
G2746	The act of boasting
G2747	Cenchreae
G2748	Kidron
G2749	To lie
G2750	A bandage
G2751	To shear
G2752	A word of command
G2753	To command
G2754	Vainglory
G2755	Vainglorious
G2756	empty
G2757	Empty disputing
G2758	to empty
G2759	A sting
G2760	A centurion
G2761	Falsely
G2762	A little hook
G2763	A potter
G2764	Of clay
G2765	A pitcher
G2766	A tile
G2767	To mix
G2768	a horn
G2769	A husk  of the carob
G2770	To gain
G2771	Gain
G2772	A small coin
G2773	a changer of large into smaller coins
G2774	the chief matter
G2775	To wound in the head
G2776	the head
G2777	a roll
G2778	A poll-tax
G2779	A garden
G2780	A gardener
G2782	A proclamation
G2783	A herald
G2784	To proclaim
G2785	A sea monster
G2786	Cephas
G2787	the Ark
G2788	A harp
G2789	to play on the harp
G2790	A harpist
G2791	Cilicia
G2792	cinnamon
G2793	To be in danger or peril
G2794	Danger
G2795	To set in motion
G2796	A moving
G2797	Kish
G2798	A young tender shoot
G2799	To weep
G2800	A breaking
G2801	A fragment
G2802	Cauda
G2803	Claudia
G2804	Claudius
G2805	Weeping
G2806	To break
G2807	A key
G2808	To shut
G2809	A theft
G2810	Cleopas
G2811	Glory
G2812	A thief
G2813	To steal
G2814	A branch
G2815	Clement
G2816	To inherit
G2817	An inheritance
G2818	An heir
G2819	a lot
G2820	To cast lots
G2821	A calling
G2822	Called
G2823	An oven
G2824	A small geographical division
G2825	A couch
G2826	A couch or litter of a sick person
G2827	To rest
G2828	a dining couch
G2829	Thieving
G2830	Rough water
G2831	To be tossed by waves
G2832	Clopas
G2833	To rub
G2834	Cnidus
G2835	A quadrans
G2836	Belly
G2837	To fall asleep
G2838	Repose
G2839	common
G2840	To make unclean
G2841	to share
G2842	 contributory help
G2843	Willing to share
G2844	A sharer
G2845	a bed
G2846	A bed-chamber
G2847	Crimson
G2848	A kernel
G2849	To chastise
G2850	Flattery
G2851	Chastisement
G2852	To strike with the fist
G2853	
G2854	Eye-salve
G2855	A money-changer
G2856	to cut short
G2857	Colossae
G2859	bosom
G2860	to swim
G2861	a pool
G2862	A colony
G2863	To wear the hair long
G2864	Hair
G2865	to convey
G2866	In better health
G2867	To whitewash
G2868	Dust
G2869	To abate
G2870	Beating of the breast or head in lamentation
G2871	Slaughter
G2872	to grow weary
G2873	trouble
G2874	Manure
G2875	to cut
G2876	A raven
G2877	A little girl
G2878	A gift
G2879	Korah
G2880	To fill
G2881	Corinthian
G2882	Corinth
G2883	Cornelius
G2884	a  measure
G2885	To put into order
G2886	Earthly
G2887	Orderly
G2888	Ruler of this world
G2889	The world
G2890	Quartus
G2891	arise
G2892	A guard
G2893	To lighten
G2894	A large basket
G2895	A bed
G2896	To cry aloud
G2897	Drunken dissipation
G2898	A skull
G2899	The fringe
G2900	Strong
G2901	To strengthen
G2902	To be strong
G2903	Most excellent
G2904	Dominion
G2905	To cry aloud
G2906	a shout
G2907	Flesh
G2908	Stronger
G2909	Stronger
G2910	To hang
G2911	A crag
G2912	A Cretan
G2913	Crescens
G2914	Crete
G2915	Barley
G2916	Made of barley
G2917	a judgment
G2918	A lily growing wild
G2919	to judge
G2920	Judging
G2921	Crispus
G2922	Criterion
G2923	A judge
G2924	Critical
G2925	To knock
G2926	A cellar
G2927	Hidden
G2928	To hide
G2929	To be clear as crystal
G2930	Crystal
G2931	In secret
G2932	to acquire
G2933	A piece of landed property
G2934	A beast of burden  either for riding or for carrying loads on its back
G2935	A possessor
G2936	To create
G2937	creation
G2938	A created thing
G2939	creator
G2940	trickery
G2941	governing
G2942	A steersman
G2943	In a circle round
G2944	To encircle
G2945	A circle
G2946	A place of wallowing
G2947	To roll
G2948	Crippled
G2949	A wave
G2950	A cymbal
G2951	Cumin
G2952	A little dog
G2953	A Cypriote
G2954	Cyprus
G2955	To bend
G2956	Belonging to Cyrene
G2957	Cyrene
G2958	Cyrenius or Quirinius
G2959	A lady
G2960	Of the Lord
G2961	To have authority
G2962	Lord
G2963	lordship
G2964	To ratify
G2965	A dog
G2966	A limb
G2967	To prevent
G2968	A village
G2969	A large village
G2970	A feasting
G2971	A gnat
G2972	Cos
G2973	Cosam
G2974	dumb
G2975	to obtain  by lot
G2976	Lazarus
G2977	Secretly
G2978	A sudden storm
G2979	To kick
G2980	to speak
G2981	speech
G2982	why
G2983	to receive
G2984	Lamech
G2985	A torch
G2986	Shining
G2987	Splendor
G2988	Magnificently
G2989	To shine
G2990	To be hidden
G2991	Hewn out of the rock
G2992	a people
G2993	Laodicea
G2994	A Laodicean
G2995	The throat
G2996	Lasea
G2997	To burst asunder with a loud noise
G2998	To hew stones
G2999	Service rendered to God
G3000	To serve
G3001	An herb
G3003	a division of the Roman army
G3004	to say
G3005	A remnant
G3006	Smooth
G3007	to be wanting
G3008	To act in the public service
G3009	A charitable gift
G3010	Given to serving
G3011	A minister
G3012	A towel
G3013	A scale
G3014	Leprosy
G3015	A leprous person
G3016	A small piece of money
G3017	Levi
G3018	Levi
G3019	A Levite
G3020	Belonging to the tribe of Levi
G3021	To whiten
G3022	White
G3023	A lion
G3024	Forgetfulness
G3025	A trough
G3026	Folly
G3027	A robber
G3028	A receiving
G3029	Very
G3030	frankincense
G3031	A censer
G3032	A freedman
G3033	Libya
G3034	To stone
G3035	Made of stone
G3036	To stone
G3037	A stone
G3038	a mosaic pavement
G3039	To crush to powder
G3040	A harbor
G3041	A lake
G3042	A famine
G3043	Flax
G3044	Linus
G3045	rich
G3046	A Roman pound
G3047	The south-west wind
G3048	A collection
G3049	To reckon
G3050	reasonable
G3051	oracles
G3052	Eloquent
G3053	Reasoning
G3054	To contend about words
G3055	Contention about words
G3056	A word
G3057	A lance
G3058	To revile a person to his face
G3059	Reviling
G3060	A railer
G3061	a pestilence
G3062	Left
G3063	Finally
G3064	From now on
G3065	Lucas
G3066	Lucius
G3067	A bath
G3068	To wash
G3069	Lydda
G3070	Lydia
G3071	Lycaonia
G3072	In the Lycaonian language
G3073	Lycia
G3074	A wolf
G3075	To outrage
G3076	To pain
G3077	Pain
G3078	Lysanias
G3079	Claudius Lysias
G3080	Dissolution
G3081	It is advantageous to
G3082	Lystra
G3083	The purchasing money for manumitting slaves
G3084	To release on receipt of ransom
G3085	liberation
G3086	A redeemer
G3087	A lamp-stand
G3088	A lamp
G3089	to loose
G3090	Lois
G3091	Lot
G3092	Maath
G3093	Magdala
G3094	Magdalene
G3095	Magic
G3096	To practice sorcery or magic
G3097	A sorcerer
G3098	Magog
G3099	Midian
G3100	To make a disciple of
G3101	A learner
G3102	A female disciple
G3103	Methuselah
G3104	Menna
G3105	To be raving mad
G3106	To bless
G3107	Happy
G3108	Regarding as happy
G3109	Macedonia
G3110	A Macedonian
G3111	A meat-market
G3112	At a distance
G3113	From a  distance
G3114	To suffer long
G3115	Patience
G3116	With longsuffering
G3117	Long
G3118	Long-timed
G3119	Weakness
G3120	soft
G3121	Mahalaleel or Maleleel
G3122	Most of all
G3123	More
G3124	Malchus
G3125	A grandmother
G3126	riches
G3127	Manaen
G3128	Manasseh
G3129	To learn
G3130	Raving madness
G3131	manna
G3132	To divine
G3133	to die
G3134	Our Lord has come
G3135	A pearl
G3136	Martha
G3137	Mary
G3138	Mark
G3139	Marble
G3140	To witness
G3141	Witness
G3142	Witness
G3143	to witness
G3144	A witness
G3145	To bite
G3146	To flog
G3147	To flog
G3148	a scourge
G3149	The breast
G3150	Vain speaking
G3151	A vain
G3152	Vain
G3153	Vanity
G3154	To become vain or foolish
G3155	In vain
G3156	Matthew
G3157	Matthan
G3158	Matthat
G3159	Matthias
G3160	Mattatha
G3161	Mattathias
G3162	A sword
G3163	in the sphere of words
G3164	To engage in battle
G3166	To boast
G3167	Grand
G3168	majesty or magnificence
G3169	Magnificent
G3170	to enlarge
G3171	Greatly
G3172	majesty
G3173	Large
G3174	Greatness
G3175	A great one
G3177	To translate
G3178	Deep drinking
G3179	To cause to change its place
G3180	scheming
G3182	To make drunk
G3183	A drunkard
G3184	To be intoxicated with wine
G3188	Ink
G3189	Black
G3190	Melea
G3191	To devise
G3192	Honey
G3194	Melita
G3195	To intend
G3196	A bodily organ
G3197	Melchi
G3198	Melchizedek
G3199	It is a care
G3200	A parchment leaf
G3201	To blame
G3202	Blaming one's lot or destiny
G3303	Indeed
G3304	Nay rather
G3305	indeed
G3306	To remain
G3307	To divide into parts
G3308	Care
G3309	To be over-anxious
G3310	a part
G3311	a distributing
G3312	A divider
G3313	A part
G3314	the South
G3315	To mediate
G3316	a mediator
G3317	Midnight
G3318	Mesopotamia
G3319	Middle
G3320	A middle wall
G3321	Mid-heaven
G3322	To be in the middle
G3323	Messiah
G3324	Full
G3325	To fill
G3326	with
G3327	To change my place
G3328	To change
G3329	to turn about
G3330	to share
G3331	change
G3332	To change my position
G3333	To summon to oneself
G3334	To move away
G3335	to take a share  of
G3336	Participation
G3337	To change
G3338	to change my mind
G3339	To transform
G3340	To repent
G3341	Repentance
G3342	Meanwhile
G3343	To send for
G3344	To turn
G3345	To change the outward appearance  of something
G3346	to transfer
G3347	Afterwards
G3348	To have a share of
G3349	To be suspended
G3350	Change of abode
G3351	To transport
G3352	Sharing
G3353	A sharer
G3354	To measure
G3355	A measure
G3356	To bear gently with
G3357	Moderately
G3358	A measure
G3359	The forehead
G3360	As far as
G3361	Not
G3365	By no means
G3366	And not
G3367	No one
G3368	Not at any time
G3369	Not yet
G3370	A Mede
G3371	No longer
G3372	Length
G3373	To lengthen
G3374	A sheep's  hide
G3375	Assuredly
G3376	A  month
G3377	to reveal
G3379	Lest at any time
G3380	Not yet
G3382	The thigh
G3383	Nor
G3384	A mother
G3385	If not
G3386	Let alone
G3388	The womb
G3389	A matricide
G3392	To stain
G3393	Pollution
G3394	The act of pollution
G3395	A mixture
G3396	To mix
G3398	Little
G3399	Miletus
G3400	A Roman mile
G3401	To imitate
G3402	An imitator
G3403	To remember
G3404	To hate
G3405	reward
G3406	A rewarder
G3407	A paid worker
G3408	pay
G3409	To hire out
G3410	A rented house
G3411	A hired servant
G3412	Mitylene
G3413	Michael
G3414	A mina
G3416	Mnason
G3417	Remembrance
G3418	A tomb
G3419	A tomb
G3420	Memory
G3421	To remember
G3422	Reminder
G3423	To ask in marriage
G3424	One speaking with difficulty
G3425	With difficulty
G3426	A dry measure
G3428	an adulteress
G3429	To commit adultery
G3430	Adultery
G3431	To commit adultery
G3432	An adulterer
G3433	With difficulty
G3434	Moloch
G3435	To soil
G3436	Staining
G3437	A complaint
G3438	Lodging
G3439	Only
G3440	Alone
G3441	Only
G3442	One-eyed
G3443	To leave alone
G3444	Form
G3445	To form
G3446	Form
G3447	To make an image of a calf
G3448	A calf
G3449	Wearisome labor
G3451	Skilled in music
G3452	Marrow
G3453	To initiate
G3454	An idle tale
G3455	To bellow
G3456	to sneer at
G3457	Belonging to a mill
G3458	A millstone
G3460	Myra
G3461	A myriad
G3462	To anoint
G3463	Ten thousand
G3464	Anointing-oil
G3465	Mysia
G3466	A mystery
G3467	To be short-sighted
G3468	A bruise
G3469	To blame
G3470	A blemish
G3471	to make foolish
G3472	Folly
G3473	Foolish talking
G3474	stupid
G3475	Moses
G3476	Nahshon
G3477	Naggai
G3478	Nazareth
G3479	Of Nazareth
G3480	A Nazarene
G3481	Nathan
G3482	Nathanael
G3483	Yes
G3484	Nain
G3485	A temple
G3486	Nahum
G3487	Spikenard
G3488	Narcissus
G3489	to be shipwrecked
G3490	A captain  of a ship
G3491	A ship
G3492	A sailor
G3493	Nahor
G3494	A young man
G3495	A young man
G3497	Naaman
G3498	dead
G3499	To put to death
G3500	putting to death
G3501	young
G3502	A young bird
G3503	Youth
G3504	newly converted to Christianity
G3506	To nod
G3507	A cloud
G3508	Naphtali
G3509	A cloud
G3510	A kidney
G3511	temple-warden
G3512	Associated with youth
G3513	by
G3514	To spin
G3515	To be childlike
G3516	Unlearned
G3517	Nereus
G3518	Neri
G3519	A little island
G3520	An island
G3521	Fasting
G3522	To fast
G3523	Fasting
G3524	Sober
G3525	to be calm
G3526	Niger
G3527	Nicanor
G3528	To conquer
G3529	Victory
G3530	Nicodemus
G3531	A Nicolaitan
G3532	Nicolaus
G3533	Nicopolis
G3534	Victory
G3536	A Ninevite
G3537	A basin for washing hands or feet
G3538	To wash
G3539	To understand
G3540	A thought
G3541	Illegitimate
G3542	pasture
G3543	To practice
G3544	connected with law
G3545	Lawfully
G3546	Money
G3547	A teacher and interpreter of the Mosaic Law
G3548	Lawgiving
G3549	to ordain
G3550	A lawgiver
G3551	Usage
G3552	To be diseased
G3553	A trouble
G3554	A disease
G3555	A brood of young birds
G3556	A nestling
G3557	To rob
G3558	The south wind
G3559	A warning
G3560	To admonish
G3561	The new moon
G3562	Wisely
G3563	The mind
G3564	Nymphas
G3565	a bride
G3566	A bridegroom
G3567	A bridal chamber
G3568	just now
G3570	just now
G3571	The night
G3572	To prick
G3573	To nod in sleep
G3574	A night and day
G3575	Noah
G3576	Blunt
G3577	The back
G3578	Lodging
G3579	to entertain a stranger
G3580	To entertain strangers
G3581	Alien
G3582	A Roman measure
G3583	To dry up
G3584	Dry
G3585	Wooden
G3586	Anything made of wood
G3587	To shave
G3588	The
G3589	Eighty
G3590	The eighth
G3591	a weight
G3592	This here
G3593	To journey
G3594	To lead
G3595	A leader
G3596	To travel
G3597	A journey
G3598	A way
G3599	A tooth
G3600	To torment
G3601	Pain
G3602	Lamentation
G3604	Uzziah
G3605	To stink
G3606	whence
G3607	A linen cloth
G3608	A linen bandage
G3609	Of one's family
G3610	A household servant
G3611	To inhabit
G3612	A prison cell
G3613	A dwelling-place
G3614	A house
G3615	One of a family
G3616	To manage a household
G3617	A head of a household
G3618	To erect a building
G3619	the act of building
G3621	To be a steward
G3622	Management of household affairs
G3623	A household manager
G3624	a house
G3625	the inhabited world
G3626	A keeper-at-home
G3627	To pity
G3628	Pity
G3629	Compassionate
G3630	An excessive wine-drinker
G3631	Wine
G3632	Drunkenness
G3633	To think
G3634	Of what kind
G3635	To delay
G3636	Slothful
G3637	Of or belonging to the eighth day
G3638	Eight
G3639	Ruin
G3640	Of little faith
G3641	few
G3642	Faint-hearted
G3643	To despise
G3644	A destroyer
G3645	To destroy
G3646	A whole burnt offering
G3647	Perfect soundness
G3648	Complete in every part
G3649	To howl
G3650	All
G3651	Perfect
G3652	Olympas
G3653	An unripe fig
G3654	Wholly
G3655	A violent rain
G3656	To consort with
G3657	Intercourse
G3659	An eye
G3660	To swear
G3661	With one mind
G3662	To be like
G3663	Of like feelings
G3664	Like
G3665	Likeness
G3666	To make like
G3667	a likeness
G3668	In like manner
G3669	Making like
G3670	to promise
G3671	A profession
G3672	Admittedly
G3673	Of the same trade or craft
G3674	Together
G3675	Of one mind
G3676	Yet
G3677	A dream
G3678	A young donkey
G3679	To reproach
G3680	Reproach
G3681	Reproach
G3682	Onesimus
G3683	Onesiphorus
G3684	Pertaining to a donkey
G3685	To profit
G3686	Name
G3687	To give a name to
G3688	A donkey
G3689	Really
G3690	Vinegar
G3691	sharp
G3692	A crevice
G3693	From behind
G3694	Behind
G3695	To make ready
G3696	An instrument
G3697	Of what kind or manner
G3699	Where
G3700	To appear
G3701	A vision
G3702	Roasted
G3703	Autumn
G3704	How
G3705	A spectacle
G3706	A sight
G3707	Visible
G3708	To see
G3709	Anger
G3710	To irritate
G3711	Prone to anger
G3712	A fathom
G3713	To stretch forth
G3714	Mountainous
G3715	Strong desire
G3716	To walk in a straight course
G3717	Upright
G3718	To cut straight
G3719	To rise early
G3720	Early
G3722	Early dawn
G3723	Rightly
G3724	To separate
G3725	The boundaries of a place
G3726	To adjure by
G3727	An oath
G3728	The taking of an oath
G3729	To rush
G3730	A rush
G3731	A rushing on
G3732	A bird
G3733	A bird
G3734	A setting of boundaries
G3735	A mountain
G3736	To dig
G3737	Bereaved
G3738	To dance
G3739	Who
G3740	As often as
G3741	Holy
G3742	Holiness
G3743	Religiously
G3744	A smell
G3745	How much
G3747	A bone
G3748	Whosoever
G3749	Made of clay
G3750	The sense of smell
G3751	The loins
G3752	When
G3753	When
G3754	That
G3755	Until
G3756	No
G3757	Where
G3758	Ah! aha! derisive
G3759	Woe!
G3760	By no means
G3761	Neither
G3762	No one
G3763	Never
G3764	Not yet
G3765	No longer
G3766	Therefore
G3767	Therefore
G3768	Not yet
G3769	A tail
G3770	In heaven
G3771	From heaven
G3772	Heaven
G3773	Urbanus
G3774	Uriah
G3775	the ear
G3776	Property
G3777	And not
G3778	This
G3779	Thus
G3780	By no means
G3781	a debtor
G3782	A debt
G3783	A debt
G3784	To owe
G3785	O that! to wish! Would that!
G3786	Advantage
G3787	Eye-service
G3788	The eye
G3789	A serpent
G3790	The brow
G3791	To trouble
G3792	To gather a crowd
G3793	A crowd
G3794	A fortress
G3795	A little fish
G3796	Late
G3797	Late
G3798	Late
G3799	the face
G3800	Pay
G3802	To ensnare
G3803	A snare
G3804	suffering
G3805	Destined to suffer
G3806	Suffering
G3807	A boy's guardian or tutor
G3808	A little boy
G3809	Discipline
G3810	An instructor
G3811	to discipline
G3812	From childhood
G3813	A little child
G3814	A female slave
G3815	To play
G3816	a male child
G3817	To strike
G3819	Of old
G3820	Old
G3821	Oldness
G3822	To make old
G3823	Wrestling
G3824	A new birth
G3825	Again
G3826	All at once
G3828	Pamphylia
G3829	An inn
G3830	An innkeeper
G3831	A festival assembly
G3832	With one's whole household or family
G3833	Complete armor
G3834	Shrewdness
G3835	Cunning
G3837	Everywhere
G3838	Complete
G3839	In every way
G3840	From all sides
G3841	Ruler of all
G3842	Always
G3843	Wholly
G3844	from
G3845	To transgress
G3846	To compare
G3847	A transgression
G3848	A transgressor
G3849	To urge
G3850	a comparison
G3851	To expose oneself to danger
G3852	A command
G3853	To notify
G3854	to come on the scene
G3855	To pass by
G3856	To put to open shame
G3857	Paradise
G3858	To receive
G3859	Useless debate
G3860	To hand over
G3861	Unexpected
G3862	An instruction
G3863	To make jealous
G3864	By the sea
G3865	To look past
G3866	A deposit
G3867	To admonish
G3868	To beg off
G3869	To sit down beside
G3870	to send for
G3871	To hide
G3873	To be at hand
G3874	A calling for
G3875	an advocate
G3876	Disobedience
G3877	To accompany
G3878	to hear carelessly or incidentally
G3879	To stoop
G3880	To take from
G3881	To coast along
G3882	Adjacent to the sea
G3883	A change
G3884	To deceive
G3885	Afflicted with paralysis
G3886	To relax
G3887	To remain by
G3888	To encourage
G3889	Encouragement
G3890	Comfort
G3891	To act contrary to law
G3892	A transgression
G3893	To embitter
G3894	A provocation
G3895	To fall away
G3896	To sail past
G3897	Near to
G3898	Similarly
G3899	To go past
G3900	A falling away
G3901	to be lost
G3902	Marked with
G3903	To prepare
G3904	The day of preparation
G3905	To extend
G3906	To watch
G3907	Observation
G3908	to set  before
G3909	To come by chance
G3910	present
G3911	To turn aside
G3912	To be out of my senses
G3913	Madness
G3914	To pass the winter
G3915	Wintering
G3916	Instantly
G3917	A leopard
G3918	To be present
G3919	To bring in secretly
G3920	Brought in secretly
G3921	To enter secretly
G3922	To enter secretly
G3923	To contribute besides
G3924	besides
G3925	A camp
G3926	To trouble
G3927	Residing in a strange country
G3928	To pass by
G3929	Overlooking
G3930	To offer
G3931	Solace
G3932	Virginity
G3933	A maiden
G3934	A Parthian
G3935	to let pass
G3936	To bring
G3937	Parmenas
G3938	A passing by or through
G3939	To sojourn
G3940	A sojourning
G3941	Foreign
G3942	A cryptic saying
G3943	Given to wine
G3944	To pass away time
G3945	To resemble
G3946	Like
G3947	To arouse anger
G3948	Stimulation
G3949	To provoke to anger
G3950	Exasperation
G3951	To stir up
G3952	presence
G3953	a dainty side-dish
G3954	Freedom
G3955	To speak freely
G3956	All
G3957	The feast of Passover
G3958	To be acted upon in a certain way
G3959	Patara
G3960	To smite
G3961	To tread
G3962	Father
G3963	Patmos
G3964	A patricide
G3965	Lineage
G3966	A patriarch
G3967	Ancestral
G3968	Fatherland
G3969	Patrobas
G3970	Handed down by  one's ancestors
G3971	Hereditary
G3972	Paul
G3973	to cause to cease
G3974	Paphos
G3975	To fatten
G3976	A shackle
G3977	Level
G3978	To travel on foot
G3979	On foot
G3980	To obey one in authority
G3981	Persuasive
G3982	To persuade
G3983	To be hungry
G3984	A trial
G3985	To try
G3986	trial
G3987	To try
G3988	Persuasion
G3989	The sea
G3990	To behead
G3991	The fifth
G3992	To send
G3993	One who works for his living
G3994	A mother-in-law
G3995	A father-in-law
G3996	To mourn
G3997	Mourning
G3998	Poor
G3999	Five times
G4000	Five thousand
G4001	Five hundred
G4002	Five
G4003	The fifteenth
G4004	Fifty
G4005	Pentecost
G4006	Confidence
G4008	Over
G4009	a boundary
G4010	Pergamum
G4011	Perga
G4012	about
G4013	To lead or carry about
G4014	to strip off
G4015	To flash  around like lightning
G4016	To cast around
G4017	To look around on
G4018	A wrapper
G4019	To bind  around
G4020	To overdo
G4021	over-careful
G4022	To go around
G4023	to contain
G4024	To gird round
G4025	A putting around or on
G4026	to stand around
G4027	Refuse
G4028	To cover up
G4029	To lie about
G4030	A helmet
G4031	Having full power over
G4032	To conceal
G4033	To encircle
G4034	To shine around
G4035	To leave behind
G4036	Very sorrowful
G4037	To wait for
G4038	Round about
G4039	To dwell around
G4040	Dwelling around
G4041	Costly
G4042	A section or passage of Scripture
G4043	To walk
G4044	To put on a spit
G4045	To fall into the midst of
G4046	To acquire
G4047	Acquiring
G4048	To tear off
G4049	To distract
G4050	Abundance
G4051	Abundance
G4052	to exceed the ordinary
G4053	More
G4057	Greatly
G4058	A dove
G4059	To cut around
G4060	To place or put around
G4061	Circumcision
G4062	To turn round
G4063	To run around
G4064	To carry around
G4065	To look down upon
G4066	Neighboring
G4067	Scrapings
G4068	To boast
G4069	Persis
G4070	Last year
G4071	A bird
G4072	To fly
G4073	A rock
G4074	Peter
G4075	Rocky
G4076	Rue
G4077	A fountain
G4078	To fasten
G4079	The rudder of a ship
G4080	How large
G4081	Clay
G4082	A sack
G4083	A cubit
G4084	To lay hold of
G4085	To press down
G4086	Persuasive speech
G4087	To make bitter
G4088	Bitterness
G4089	Bitter
G4090	Bitterly
G4091	Pilate
G4092	To swell
G4093	A tablet for writing
G4094	A plate
G4095	To drink
G4096	Fatness
G4097	To sell
G4098	To fall
G4099	Pisidia
G4100	To believe
G4101	Genuine
G4102	Faith
G4103	Trustworthy
G4104	To convince
G4105	To lead astray
G4106	A wandering
G4107	A wanderer
G4108	misleading
G4109	A tablet
G4110	A thing formed or fashioned
G4111	To form
G4112	Formed
G4113	A street
G4114	Breadth
G4115	To enlarge
G4116	Broad
G4117	Braided hair
G4118	The greatest
G4119	More
G4120	To weave together
G4121	To have more than enough
G4122	To take advantage of
G4123	A covetous or avaricious person
G4124	Covetousness
G4125	The side of the body
G4126	To sail
G4127	A blow
G4128	A multitude
G4129	To increase
G4130	To fill
G4131	A striker
G4132	A flood
G4133	However
G4134	Full
G4135	to complete
G4136	Full assurance
G4137	To fill
G4138	a fill
G4139	Near
G4140	Satisfaction
G4141	To strike
G4142	a boat
G4143	A ship
G4144	A voyage
G4145	Rich
G4146	Richly
G4147	To become rich
G4148	To make rich
G4149	Riches
G4150	To wash
G4151	Wind
G4152	Spiritual
G4153	Spiritually
G4154	To blow
G4155	To choke
G4156	Strangled
G4157	breath
G4158	Reaching to the feet
G4159	Whence
G4160	to make
G4161	A thing made
G4162	A doing
G4163	a maker
G4164	Various
G4165	To shepherd
G4166	A shepherd
G4167	A flock
G4168	A little flock
G4169	Of what sort
G4170	To make war
G4171	A war
G4172	A city
G4173	A ruler of a city
G4174	commonwealth
G4175	A state
G4176	To live the life of a citizen
G4177	A citizen
G4178	Many times
G4179	Many times more
G4180	Much-speaking
G4181	In many parts
G4182	Much varied
G4183	Much
G4184	Very compassionate
G4185	Very costly
G4186	Of great value
G4187	In many ways
G4188	Drink
G4189	Wickedness
G4190	Evil
G4192	labor
G4193	Belonging to Pontus
G4194	Pontius
G4195	Pontus
G4196	Publius
G4197	A journey
G4198	To travel
G4199	To lay waste
G4200	A source of gain
G4201	Porcius
G4202	Fornication
G4203	To fornicate
G4204	A prostitute
G4205	A fornicator
G4206	Far
G4207	From afar
G4209	A purple garment
G4210	Purple
G4211	A female seller of purple cloth
G4212	How often
G4213	Drinking
G4214	How much
G4215	A river
G4216	Carried away by a stream
G4217	Of what kind
G4218	At one time or other
G4219	When
G4220	Which of two
G4221	A drinking cup
G4222	To cause to drink
G4223	Puteoli
G4224	A drinking
G4225	Where
G4226	Where
G4227	Pudens
G4228	The foot
G4229	A thing done
G4230	A business
G4231	To transact business
G4232	The palace at Jerusalem occupied by the Roman governor
G4233	An officer employed to execute judicial sentences
G4234	a doing
G4237	A company formed into divisions
G4238	To do
G4239	Mild
G4240	Mildness
G4241	It becomes
G4242	An embassy
G4243	To be aged
G4244	An assembly of elders
G4245	Elder
G4246	An old man
G4247	An old woman
G4248	Falling headlong
G4249	To saw
G4250	Formerly
G4251	Prisca
G4252	Prisca
G4253	before
G4254	to lead forth
G4255	To propose
G4256	To make a prior accusation
G4257	To hear beforehand
G4258	To sin previously
G4259	A porch
G4260	To go forward
G4261	To thrust forward
G4262	Pertaining to sheep
G4263	A sheep
G4264	To lead forward
G4265	To provide
G4266	To happen  previously
G4267	To know beforehand
G4268	Foreknowledge
G4269	An ancestor
G4270	to write previously
G4271	Manifest to all
G4272	To give before
G4273	A betrayer
G4274	A precursor
G4276	To hope before
G4277	To say previously
G4278	To begin before
G4279	To promise beforehand
G4281	To go forward
G4282	To prepare or appoint beforehand
G4283	To preach the gospel beforehand
G4284	To hold before
G4285	To lead onward by example
G4286	A setting forth
G4287	Appointed before
G4288	Inclination
G4289	Eager
G4290	Readily
G4291	To preside
G4292	To provoke
G4293	To announce beforehand
G4294	To prepare or complete beforehand
G4295	To be set  before
G4296	To announce or preach beforehand
G4297	Progress
G4298	to advance
G4299	A prejudgment
G4300	To establish or ratify before
G4301	To take before
G4302	To tell  beforehand
G4303	To predict
G4304	To meditate beforehand
G4305	To be anxious beforehand
G4306	To take thought for beforehand
G4307	Forethought
G4308	To see beforehand
G4309	To foreordain
G4310	To suffer previously
G4311	To send forward
G4312	Impulsive
G4313	To precede
G4314	To
G4315	The day before the Sabbath
G4316	To address by name
G4317	To bring to
G4318	Approach
G4319	To beg
G4320	To go up to
G4321	To spend in addition
G4322	To fill up by adding to
G4323	To consult with
G4324	To utter additional threats
G4325	To spend in addition
G4326	To want more
G4327	to await
G4328	To expect
G4329	Expectation
G4330	To permit one to approach
G4332	To wait upon
G4333	To gain
G4334	To come up to
G4335	prayer
G4336	To pray
G4337	to attend to
G4338	To fasten with nails
G4339	a proselyte
G4340	For a season
G4341	To call to oneself
G4342	To persist
G4343	Perseverance
G4344	A pillow or cushion
G4345	To assign by lot
G4346	Partiality
G4347	to join  closely
G4348	A stumbling-block
G4349	A cause of stumbling
G4350	To stumble
G4351	To roll to
G4352	To go down on my knees to
G4353	A worshipper
G4354	To speak to
G4355	to take to oneself
G4356	A receiving
G4357	To remain
G4358	To anchor at a place
G4359	To owe besides
G4360	To be displeased or offended with
G4361	Very hungry
G4362	To fasten to
G4363	to fall down before
G4364	To pretend
G4365	To come to
G4366	To dash against
G4367	to instruct
G4368	A female guardian
G4369	To place  to
G4370	To run to
G4371	Anything eaten with bread
G4372	recent
G4373	Recently
G4374	to bring to
G4375	Pleasing
G4376	An offering
G4377	To call to
G4378	A pouring upon
G4379	To touch lightly
G4380	To favor specially
G4381	One who shows partiality
G4382	Partiality
G4383	The face
G4385	To stretch out
G4386	Formerly
G4388	To purpose
G4389	To encourage
G4390	To run before
G4391	To have been already
G4392	A pretext
G4393	To bring forth
G4394	Prophecy
G4395	To foretell
G4396	A prophet
G4397	Prophetic
G4398	A prophetess
G4399	To anticipate
G4400	To appoint
G4401	To choose or appoint beforehand
G4402	Prochorus
G4403	The stern of a ship
G4404	Early in the morning
G4405	Early morning
G4406	Dawning
G4407	Belonging to the morning
G4408	The prow of a ship
G4409	To have preeminence
G4410	A chief  seat
G4411	The chief place at a banquet or table
G4412	First
G4413	First
G4414	One who stands in the front rank
G4415	The birthright
G4416	First-born
G4417	To stumble
G4418	The heel
G4419	An extremity
G4420	A wing
G4421	Winged
G4422	To terrify
G4423	Terror
G4424	Ptolemais
G4425	A simple wooden pitchfork
G4426	To frighten
G4427	Spittle
G4428	To fold
G4429	To spit
G4430	A fall
G4431	A falling
G4432	Beggary
G4433	To be in poverty
G4434	Poor
G4435	The fist
G4436	A divining spirit
G4437	Frequent
G4438	To box
G4439	A gate
G4440	A large gate
G4441	To ask
G4442	Fire
G4443	A fire
G4444	A tower
G4445	To be sick with a fever
G4446	A fever
G4447	Fiery
G4448	to burn
G4449	To be red
G4450	Red
G4451	A burning
G4453	To sell
G4454	A colt
G4455	At any time
G4456	To harden
G4457	Hardness of heart
G4459	How
G4460	Rahab
G4461	Rabbi
G4462	Rabbi
G4463	To beat with rods
G4464	A rod
G4465	A holder of the rods
G4466	Ragau
G4467	A careless action
G4468	Craftiness
G4469	Empty
G4470	A piece of cloth
G4471	Rama
G4472	To sprinkle
G4473	Sprinkling
G4474	To slap
G4475	A slap
G4476	A needle
G4477	Rahab
G4478	Rachel
G4479	Rebecca
G4480	A chariot
G4481	Rephan
G4482	To flow
G4484	Rhegium
G4485	What is broken
G4486	To rend
G4487	A thing spoken
G4488	Rhesa
G4489	An orator
G4490	Expressly
G4491	A root
G4492	To cause to take root
G4493	A glance
G4494	To toss to and fro
G4495	To throw off or away
G4496	To throw
G4497	Rehoboam
G4498	Rhoda
G4499	Rhodes
G4500	With a great noise
G4501	A sword
G4502	Reuben
G4503	Ruth
G4504	Rufus
G4505	A narrow street or lane in a town or city
G4506	To rescue
G4507	Filth
G4508	Filthy
G4509	Filth
G4510	To be filthy
G4511	A flowing
G4512	A wrinkle
G4513	Roman
G4514	Roman
G4515	In the Latin language
G4516	Rome
G4517	To strengthen
G4518	Thou hast forsaken me
G4519	Hosts
G4520	A keeping of the Sabbath
G4521	The Sabbath
G4522	A dragnet
G4523	A Sadducee
G4524	Zadok
G4525	To fawn upon
G4526	Sack-cloth
G4527	Shelah
G4528	Salathiel
G4529	Salamis
G4530	Salim
G4531	To shake
G4532	Salem
G4533	Salmon
G4534	Salmone
G4535	The tossing of the sea in a tempest
G4536	A trumpet
G4537	To sound a trumpet
G4538	A trumpeter
G4539	Salome
G4540	Samaria
G4541	A Samaritan
G4542	A Samaritan woman
G4543	Samothrace
G4544	Samos
G4545	Samuel
G4546	Samson
G4547	A sandal
G4548	A plank
G4549	Saul
G4550	Rotten
G4551	Sapphira
G4552	A sapphire
G4553	A basket
G4554	Sardis
G4556	Carnelian
G4557	Sardonyx
G4558	Zarephath
G4559	Fleshly
G4560	Fleshly
G4561	Flesh
G4562	Serug
G4563	To sweep
G4564	Sarah
G4565	Sharon
G4567	An adversary
G4568	A large measure equal to nearly three English gallons
G4569	Saul
G4570	to extinguish
G4572	Of yourself
G4573	To worship
G4574	An object of worship or veneration
G4575	venerated
G4576	To reverence
G4577	A chain
G4578	A shaking
G4579	To shake
G4580	Secundus
G4581	Seleucia
G4582	The moon
G4583	To be a lunatic
G4584	Semein
G4585	The finest wheaten flour
G4586	Venerable
G4587	Dignity
G4588	Sergius
G4589	Seth
G4590	Shem
G4591	To signify
G4592	A sign
G4593	To note
G4594	Today
G4595	To cause to rot
G4596	Silken
G4597	A moth
G4598	Moth-eaten
G4599	To strengthen
G4600	The jawbone
G4601	To be silent
G4602	Silence
G4603	Made of iron
G4604	Iron
G4605	Sidon
G4606	Sidonian
G4607	An assassin
G4608	Intoxicating drink
G4609	Silas
G4610	Silvanus
G4611	Siloam
G4612	An apron worn by artisans
G4613	Simon
G4614	Sinai
G4615	Mustard
G4616	Fine linen
G4617	To sift
G4618	Fattened
G4619	Fattened
G4620	A measured portion of grain or food
G4621	Wheat
G4622	Zion
G4623	To keep silence
G4624	To cause to stumble
G4625	A snare
G4626	To dig
G4627	A boat
G4628	The leg
G4629	Clothing
G4630	Sceva
G4631	Tackle
G4632	A vessel to contain liquid
G4633	A tent
G4634	The feast of tabernacles
G4635	A tent-maker
G4636	A tent
G4637	To dwell as in a tent
G4638	A tent pitched
G4639	A shadow
G4640	To leap
G4641	Hardness of heart
G4642	Hard
G4643	Hardness
G4644	Stiff-necked
G4645	To harden
G4646	Crooked
G4647	A stake or thorn
G4648	To look at
G4649	A watcher
G4650	To disperse
G4651	A scorpion
G4652	Full of darkness
G4653	Darkness
G4654	To darken
G4655	Darkness
G4656	To darken
G4657	Refuse
G4658	A Scythian
G4659	Gloomy
G4660	To flay
G4661	Spoil taken from a foe
G4662	Eaten by worms
G4663	A gnawing worm
G4664	Made of emerald
G4665	An emerald
G4666	Myrrh
G4667	Smyrna
G4669	To mingle with myrrh
G4670	Sodom
G4672	Solomon
G4673	A bier
G4674	Yours
G4676	A handkerchief
G4677	Susannah
G4678	Wisdom
G4679	To make wise
G4680	Wise
G4681	Spain
G4682	To convulse
G4683	To swathe
G4684	To live extravagantly
G4685	To draw
G4686	Anything wound up or coiled
G4687	To sow
G4688	A body-guardsman
G4689	To pour out as a libation
G4690	seed
G4691	A babbler
G4692	To hasten
G4693	A cave
G4694	A hidden rock
G4695	To defile
G4696	A spot
G4697	To feel compassion
G4698	The inward parts
G4699	A sponge
G4700	Ashes
G4701	Seed sown
G4702	Sown
G4703	Seed for sowing
G4704	To hasten
G4705	Diligent
G4708	More earnestly
G4709	Diligently
G4710	speed
G4711	A plaited basket
G4712	a stadium
G4713	A jar or vase
G4714	An insurrection
G4715	An Attic silver coin equal in value to the Jewish shekel
G4716	A cross
G4717	To fix to the cross
G4718	A grape
G4719	A head of grain
G4720	Stachys
G4721	A flat roof of a house
G4722	To cover
G4723	Barren
G4724	To set
G4725	A garland
G4726	A groaning
G4727	To groan
G4728	Narrow
G4729	to press upon
G4730	A narrow space
G4731	Solid
G4732	To strengthen
G4733	Firmness
G4734	Stephanas
G4735	A crown
G4736	Stephen
G4737	To crown
G4738	The breast
G4739	To stand fast
G4740	Firmness
G4741	to fix firmly
G4742	A mark or brand
G4743	A moment
G4744	To shine
G4745	A colonnade
G4746	A bough
G4747	the heavenly bodies
G4748	To walk in
G4749	A long robe
G4750	The mouth
G4751	The stomach
G4752	Warfare
G4753	An army
G4754	To wage war
G4755	a general or leader of the army
G4756	An army
G4757	A soldier
G4758	To collect an army
G4759	Commander of the Roman emperor's body-guard
G4760	An encamped army
G4761	To twist
G4762	To turn
G4763	To live luxuriously
G4764	Wantonness
G4765	A small bird
G4766	To spread
G4767	Hateful
G4768	To be gloomy
G4769	A pillar
G4770	Stoic
G4771	You
G4772	Kindred
G4773	Akin to
G4774	Permission
G4775	To sit with
G4776	To cause to sit down with
G4777	To suffer hardships together with
G4778	To suffer ill-treatment with
G4779	To call together
G4780	To conceal closely
G4781	To oppress
G4782	To go down with
G4783	Assent
G4784	To give a vote with
G4785	To be voted or classed with
G4786	To mix with
G4787	To move together
G4788	To enclose
G4789	A joint heir
G4790	To be a partaker with
G4791	A partaker with
G4792	To bear away together with
G4793	To join together
G4794	To be bowed together
G4795	A coincidence
G4796	To rejoice with
G4797	To bewilder
G4798	To have dealings with
G4799	Confusion
G4800	To live together with
G4801	To yoke together
G4802	To seek together
G4803	Mutual questioning
G4804	A disputer
G4805	A yoke-fellow
G4806	To make alive together with
G4807	A sycamore tree
G4808	A fig-tree
G4809	A sycamore tree
G4810	A  fig
G4811	To accuse falsely
G4812	To plunder
G4813	To rob
G4814	To talk with
G4815	To seize
G4816	To collect
G4817	To reason
G4818	To be moved to grief by sympathy
G4819	To happen
G4820	to throw together
G4821	To reign together with
G4822	to unite or knit together
G4823	To give advice
G4824	a body of advisers in a court
G4825	An adviser
G4826	Simeon or Simon
G4827	A fellow disciple
G4828	To bear witness together with
G4829	To partake with
G4830	Jointly partaking
G4831	A joint imitator
G4832	Similar
G4833	To bring to the same form with
G4834	To sympathize with
G4835	Sympathizing
G4836	To come together with
G4837	To invite
G4838	To take along as a companion
G4840	To be present together with
G4841	To suffer together with
G4842	To send together with
G4843	To embrace completely
G4844	To drink together with
G4845	To fill completely
G4846	To choke utterly
G4847	A fellow citizen
G4848	To journey together with
G4849	A drinking party
G4850	A fellow elder
G4851	To bring together
G4852	To assent to
G4853	One of the same tribe
G4854	Grown together
G4855	To grow at the same time
G4856	To agree with
G4857	Harmony
G4858	Harmony of instruments
G4859	Harmonious
G4860	To compute
G4861	Of one accord
G4862	With
G4863	To gather together
G4864	An assembly
G4865	To struggle in company with
G4866	To compete together with others
G4867	To gather together
G4868	To compare  accounts
G4869	A fellow captive or prisoner
G4870	To accompany
G4871	To be assembled together with
G4872	To go up with
G4873	To recline at table with
G4874	To mingle together with
G4875	To rest along with
G4876	To meet
G4878	To lend a hand along with
G4879	To lead away with
G4880	To die together with
G4881	To perish along with
G4882	To send together with
G4883	To fit together
G4884	To seize
G4885	To grow together
G4886	That which binds together
G4887	To bind together
G4888	To glorify together with
G4889	A fellow slave
G4890	A running together
G4891	To raise along with
G4892	A council
G4893	The conscience
G4894	To know
G4895	To be with
G4896	To come together
G4897	To enter together with
G4898	A fellow traveler
G4899	Fellow-elect
G4900	To compel
G4901	To unite in bearing witness
G4902	To accompany
G4903	To cooperate with
G4904	A fellow worker
G4905	To come or go with
G4906	To eat with
G4907	A putting together in the mind
G4908	Intelligent
G4909	To consent
G4910	To feast sumptuously with
G4911	To rise up together against
G4912	to press together
G4913	To delight inwardly in
G4914	A custom
G4915	One of the same age
G4916	To bury along with
G4917	To break
G4918	To press on all sides
G4919	To break in pieces
G4920	To consider
G4921	To place together
G4922	To journey with
G4923	A company traveling together
G4924	To dwell with
G4925	To build together with
G4926	To talk with
G4927	To be contiguous with
G4928	Distress
G4929	To arrange with
G4930	A completion
G4931	To bring to an end
G4932	To cut short
G4933	To preserve
G4934	to make a compact  with
G4935	Concisely
G4936	To run  together
G4937	To break by crushing
G4938	Crushing
G4939	One brought up with
G4940	To meet with
G4941	Syntyche
G4942	To dissemble with
G4943	To help together
G4944	To be in travail together
G4945	A conspiracy
G4946	Syracuse
G4947	Syria
G4948	Syrian
G4949	Syrophoenician
G4950	Syrtis
G4951	To draw
G4952	To throw violently on the ground
G4953	A signal agreed upon
G4954	Belonging to the same body
G4955	A fellow insurgent
G4956	Commendatory
G4957	To crucify together with
G4958	To contract
G4959	To groan together
G4960	To be in the same rank with
G4961	A fellow soldier
G4962	To roll or gather together
G4963	A gathering together
G4964	To conform to
G4965	Sychar
G4966	Shechem
G4967	Slaughter
G4968	A slaughtered victim
G4969	To slay
G4970	Exceedingly
G4971	Exceedingly
G4972	To seal
G4973	A seal
G4974	The ankle bone
G4975	Nearly
G4976	Fashion
G4977	To rend
G4978	A rent
G4979	A cord
G4980	to have leisure
G4981	Leisure
G4982	To save
G4983	Body
G4984	Bodily
G4985	Bodily
G4986	Sopater
G4987	To heap up
G4988	Sosthenes
G4989	Sosipater
G4990	A savior
G4991	Welfare
G4992	Saving
G4993	To be of sound mind
G4994	To make sober-minded
G4995	Self-control
G4996	Soberly
G4997	Soundness of mind
G4998	Of sound mind
G4999	Taverns
G5000	Antelope
G5001	Rank
G5002	Appointed
G5003	To endure severe hardship
G5004	Hardship
G5005	Wretched
G5006	A talent in weight
G5007	A talent of silver or gold
G5008	girl
G5009	A store-chamber
G5010	Order
G5011	Humble
G5012	Humility
G5013	To make or bring low
G5014	Abasement
G5015	To disturb
G5016	A disturbance
G5017	A disturbance
G5018	Belonging to Tarsus
G5019	Tarsus
G5020	To thrust down to Tartarus or Gehenna
G5021	to assign
G5022	A bull
G5023	This
G5027	A burial
G5028	A burial-place
G5029	Quickly
G5030	Soon
G5031	Swift
G5032	More swiftly
G5033	Most swiftly
G5034	Quickness
G5035	Quickly
G5036	Quick
G5037	And
G5038	A wall
G5039	A sign
G5040	A little child
G5041	To bear children
G5042	Child bearing
G5043	A child
G5044	To bring up children
G5045	A carpenter
G5046	Perfect
G5047	Perfectness
G5048	as a course
G5049	Perfectly
G5050	Completion
G5051	A perfecter
G5052	To bring to maturity
G5053	To end
G5054	End of life
G5055	to end
G5056	an end
G5057	A publican
G5058	A tax-collector's office
G5059	A wonder
G5060	Tertius
G5061	Tertullus
G5062	Forty
G5063	Forty years of age
G5064	Four
G5065	Fourteenth
G5066	Of the fourth day
G5067	Fourth
G5068	Square
G5069	A quaternion
G5070	Four thousand
G5071	Four hundred
G5072	Of four months
G5073	Four-fold
G5074	Four-footed
G5075	To rule over as a tetrarch
G5076	A tetrarch
G5077	To reduce to ashes
G5078	Art
G5079	A craftsman
G5080	To make liquid
G5081	Clearly
G5082	So great
G5083	To keep
G5084	A prison
G5085	Tiberias
G5086	Tiberius
G5087	To put
G5088	To bear
G5089	To pluck
G5090	Timaeus
G5091	to value at a price
G5092	A price
G5093	Of great price
G5094	Preciousness
G5095	Timothy
G5096	Timon
G5097	To punish
G5098	Punishment
G5099	To pay
G5100	Any one
G5101	Who
G5102	A title
G5103	Titus
G5105	Consequently
G5106	Indeed now
G5107	Of this kind
G5108	Of such a kind
G5109	A wall
G5110	Interest
G5111	To dare
G5112	More boldly
G5113	A daring
G5114	Sharper
G5115	A bow
G5116	Topaz
G5117	A place
G5118	So great
G5119	Then
G5121	On the contrary
G5122	By name
G5131	A he-goat
G5132	A table
G5133	A money-changer
G5134	A wound
G5135	To wound
G5136	To be laid bare
G5137	The neck
G5138	Rough
G5139	Trachonitis
G5140	Three
G5141	To tremble
G5142	To feed
G5143	To run
G5144	Thirty
G5145	Three hundred
G5146	A thistle
G5147	A worn path
G5148	A space of three years
G5149	To grate
G5150	Lasting three months
G5151	Three times
G5152	Having three stories
G5153	Three thousand
G5154	Third
G5155	Made of hair
G5156	A trembling
G5157	A turning
G5158	way
G5159	To endure the ways of
G5160	Food
G5161	Trophimus
G5162	A nurse
G5163	The track of a wheel
G5164	A wheel
G5165	A deep dish
G5166	To gather
G5167	A turtle-dove
G5168	The eye of a needle
G5169	A hole
G5170	Tryphena
G5171	To live a luxurious life
G5172	Effeminate luxury
G5173	Tryphosa
G5174	Troas
G5176	To eat
G5177	to obtain
G5178	To torture
G5179	a figure
G5180	To beat
G5181	Tyrannus
G5183	A Tyrian
G5184	Tyre
G5185	Blind
G5186	To make blind
G5187	To puff up
G5188	To raise smoke
G5189	Violent
G5190	Tychicus
G5191	Dark purple or blue
G5192	Jacinth
G5193	Glassy
G5194	Glass
G5195	To insult
G5196	insult
G5197	An insolent
G5198	To be well
G5199	sound
G5200	Moist
G5201	A water pot
G5202	To be only a water drinker
G5203	Afflicted with dropsy
G5204	Water
G5205	Rain
G5206	Adoption
G5207	A son
G5208	Wood
G5211	Hymenaeus
G5212	Your
G5214	To sing
G5215	A hymn
G5217	To go away
G5218	Obedience
G5219	To listen
G5220	Subject to a husband
G5221	To meet
G5222	A meeting
G5223	Goods
G5225	To begin
G5226	To yield
G5227	Opposite to
G5228	in behalf of
G5229	to raise beyond
G5230	Past the bloom of youth
G5231	Far above
G5232	To increase exceedingly or beyond measure
G5233	To transgress
G5234	Beyond measure
G5235	To surpass
G5236	Excess
G5237	To overlook
G5238	Beyond
G5239	To over-stretch
G5240	To pour out so that it overflows
G5241	To intercede for
G5242	To excel
G5243	Pride
G5244	Proud
G5245	To be more than conqueror
G5246	Immoderate
G5247	Superiority
G5248	to abound exceedingly
G5249	Superabundantly
G5250	To abound exceedingly
G5251	To highly exalt
G5252	To have high notions
G5253	An upper room
G5254	To submit to
G5255	Listening to
G5256	To minister to
G5257	A servant
G5258	Sleep
G5259	By
G5260	To throw or put under
G5261	A writing-copy
G5262	a figure
G5263	To indicate
G5264	To receive as a guest
G5265	to put on my feet
G5266	A sandal
G5267	Answerable to
G5268	A beast of burden
G5269	To under-gird
G5270	Underneath
G5271	To act the part
G5272	a response
G5273	a hypocrite
G5274	to take up
G5275	To leave behind
G5276	A wine-vat
G5277	To leave behind
G5278	to remain behind
G5279	To remind
G5280	Remembrance
G5281	Endurance
G5282	To conjecture
G5283	A supposition
G5284	To sail under
G5285	To blow gently
G5286	A footstool
G5287	confidence
G5288	To withdraw
G5289	A shrinking
G5290	To turn back
G5291	To spread under
G5292	Subjection
G5293	To place under
G5294	To put under
G5295	To run under shelter of
G5296	A pattern
G5297	To bear up under
G5298	To withdraw
G5299	To strike under the eye
G5300	A hog
G5301	Hyssop
G5302	To fall behind
G5303	that which is lacking
G5304	Poverty
G5305	Lastly
G5306	Later
G5307	Woven
G5308	High
G5309	To be high-minded
G5310	Highest
G5311	Height
G5312	to raise on high
G5313	Height
G5314	A glutton
G5315	To eat
G5316	to shine
G5317	Peleg
G5318	Apparent
G5319	To make clear
G5320	Clearly
G5321	A manifestation
G5322	A torch
G5323	Phanuel
G5324	To cause to appear
G5325	Show
G5326	An apparition
G5327	A valley
G5328	Pharaoh
G5329	Perez
G5330	A Pharisee
G5331	Magic
G5333	A magician
G5334	Report
G5335	To assert
G5336	A manger
G5337	Worthless
G5338	Brightness
G5339	To spare
G5340	Sparingly
G5341	A mantle
G5342	To carry
G5343	To flee
G5344	Felix
G5345	A report
G5346	To say
G5347	Festus
G5348	to anticipate
G5349	Corruptible
G5350	To speak aloud
G5351	To corrupt
G5352	Autumnal
G5353	A sound
G5354	To envy
G5355	Envy
G5356	Corruption
G5357	A shallow and flat bowl
G5358	Loving what is good
G5359	Philadelphia
G5360	Brotherly love
G5361	Loving like a brother
G5362	Loving one's husband
G5363	Love of mankind
G5364	Humanely
G5365	Love of money
G5366	Money-loving
G5367	Self-loving
G5368	To love
G5369	Pleasure-loving
G5370	A kiss
G5371	Philemon
G5372	Philetus
G5373	Friendship
G5374	A Philippian
G5375	Philippi
G5376	Philip
G5377	Loving God
G5378	Philologus
G5379	Love of dispute
G5380	Strife-loving
G5381	Love to strangers
G5382	Hospitable
G5383	To love the chief place
G5384	Friendly
G5385	Love of wisdom
G5386	A philosopher
G5387	Tenderly loving
G5388	Loving one's children
G5389	To be zealous
G5390	Kindly
G5392	To muzzle
G5393	Phlegon
G5394	To inflame
G5395	A flame
G5396	To gossip against
G5397	Prating
G5398	Fearful
G5399	To fear
G5400	A terrible sight
G5401	fear
G5402	Phoebe
G5403	Phoenicia
G5404	A palm tree
G5405	Phoenix
G5406	A murderer
G5407	To murder
G5408	Murder
G5409	To carry
G5410	Forum
G5411	A tax
G5412	To load
G5413	A burden
G5415	Fortunatus
G5416	A scourge
G5417	To flagellate
G5418	A hedge
G5419	To declare
G5420	To stop
G5421	A pit
G5422	To deceive the mind
G5423	A deceiver
G5424	The mind
G5425	To shudder
G5426	to think
G5427	Thought
G5428	Understanding
G5429	Intelligent
G5430	Wisely
G5431	To be thoughtful
G5432	To guard
G5433	To be wanton
G5434	A dry stick for burning
G5435	Phrygia
G5436	Phygelus
G5437	Flight
G5438	A watching
G5439	To imprison
G5440	A phylactery
G5441	A guard
G5442	to guard
G5443	A tribe or race of people
G5444	A leaf
G5445	A mass or lump
G5446	Natural
G5447	By nature
G5448	To inflate
G5449	Nature
G5450	A puffing up
G5451	A plant
G5452	To plant
G5453	To grow
G5454	A burrow
G5455	To give forth a sound
G5456	A sound
G5457	Light
G5458	A light
G5459	radiant
G5460	Bright
G5461	to light up
G5462	Light
G5463	To rejoice
G5464	Hail
G5465	To let down
G5466	A Chaldean
G5467	hard
G5468	To bridle
G5469	A bridle
G5470	Made of bronze
G5471	A worker in brass or copper
G5472	Chalcedony
G5473	A bronze vessel
G5474	Orichalcum
G5475	Copper
G5476	On or to the ground
G5477	Canaan
G5478	Canaanite
G5479	Joy
G5480	Sculpture
G5481	An impression
G5482	A palisade
G5483	to show favor to
G5484	For the sake of
G5485	grace
G5486	A gift of grace
G5487	To favor
G5488	Haran
G5489	Papyrus
G5490	A gap
G5491	A lip
G5492	To be storm-tossed
G5493	A storm-brook
G5494	A storm
G5495	A hand
G5496	To lead by the hand
G5497	One who leads a helpless person by the hand
G5498	A handwriting
G5499	Done or made with hands
G5500	To elect by show of hands
G5501	Worse
G5502	Cherubim
G5503	A widow
G5504	Yesterday
G5505	A thousand
G5506	A commander of a thousand men
G5507	A thousand
G5508	Chios
G5509	A tunic
G5510	Snow
G5511	A short cloak
G5512	To mock
G5513	Warm
G5514	Chloe
G5515	Green
G5517	Earthy
G5518	A Greek dry measure
G5519	A swine
G5520	To be angry with
G5521	Gall
G5522	Earth
G5523	Chorazin
G5524	To furnish abundantly
G5525	A dance
G5526	To feed
G5527	Food
G5528	Grass
G5529	Chuza
G5530	To use
G5531	To lend
G5532	Need
G5533	A debtor
G5534	It is necessary
G5535	To need
G5536	Money
G5537	to warn
G5538	An oracle
G5539	Useful
G5540	Use
G5541	To be kind
G5542	Smooth speech
G5543	Useful
G5544	Goodness
G5545	An anointing
G5546	A Christian
G5547	Anointed One
G5548	To anoint
G5549	To delay
G5550	Time
G5551	To waste time
G5552	Golden
G5553	A piece of gold
G5554	Adorned with a gold ring
G5555	A topaz
G5556	A chrysoprase
G5557	Gold
G5558	To gild
G5559	The skin
G5560	Lame
G5561	a country or region
G5562	 to have room for
G5563	to separate
G5564	A place
G5565	Apart from
G5566	The north-west wind
G5567	To sing
G5568	A psalm
G5569	A false brother
G5570	A false or pretended apostle
G5571	False
G5572	A false teacher
G5573	False-speaking
G5574	To deceive
G5575	A false witness
G5576	To testify falsely
G5577	False testimony
G5578	A false prophet
G5579	A lie
G5580	A false Christ
G5581	Falsely named
G5582	A falsehood
G5583	A liar
G5584	To feel
G5585	To reckon
G5586	a pebble
G5587	A whispering
G5588	A whisperer
G5589	A crumb
G5590	the vital breath
G5591	Animal
G5592	Cold
G5593	Cool
G5594	To cool
G5595	To feed
G5596	A bit
G5597	To rub
G5598	Omega
G5599	O
G5601	Obed
G5602	Here
G5603	An ode
G5604	The pain of childbirth
G5605	To be in travail
G5606	The shoulder
G5608	To buy
G5609	An egg
G5610	a definite space of time
G5611	Fair
G5612	To roar
G5613	As
G5614	hosanna!
G5615	In like manner
G5616	As if
G5617	Hosea
G5618	Just as
G5619	Just as if
G5620	So that
G5621	An ear
G5622	Usefulness
G5623	To help
G5624	Profitable
