1	first
2	Aaron
3	Abaddon
4	not a financially burdensome
5	Father
6	Habel
7	Abijah
8	Abiathar
9	Abilene
10	Abiud
11	Abraham
12	the Abyss
13	Hagabus
14	do good
15	one who does good
16	do good
17	good deeds
18	one who does good deeds
19	good
20	goodness
21	great joy
22	be extremely joyful
23	unmarried
24	be indignant
25	indignation
26	love
27	love
28	only dear
29	Hagar
30	force to carry
31	container
32	message
33	inform
34	messenger
35	container
36	herd
37	without record of ancestors
38	inferior
39	dedicate
40	sanctification
41	holy
42	holiness
43	holiness
44	bent arm
45	fish hook
46	anchor
47	unshrunken
48	purity
49	purify
50	purification
51	not know
52	sin committed in ignorance
53	ignorance
54	pure
55	purity
56	sincerely
57	lack of knowledge
58	unknown
59	market
60	buy
61	loafer
62	a catch
63	uneducated
64	remain outdoors
65	catch in mistake
66	wild olive tree
67	violent
68	Agrippa
69	field
70	be alert
71	sleeplessness
72	bring
73	behavior
74	fight
75	intense sorrow
76	compete
77	Adam
78	free of charge
79	Addi
80	sister
81	brother
82	brotherhood
83	not evident
84	uncertainty
85	aimlessly
86	be upset
87	abode of the dead
88	impartial
89	continuously
90	continuously
91	sincerity
92	hurt
93	unrighteous 
94	unjust deed
95	a biased judge
96	unjust
97	unjustly
98	Admin
99	bad
100	pure
101	of Adramyttium
102	Adriatic Sea
103	abundance
104	it is impossible
105	incapable
106	sing
107	always
108	eagle
109	without yeast
110	Azor
111	Azotus
112	enmity
113	air
114	immortality
115	immortal
116	forbidden
117	without God
118	lawless one
119	reject
120	annulment
121	Athens
122	Athenian
123	compete in a contest
124	struggle
125	come together
126	be disheartened
127	＠
128	of a goat
129	shore
130	Egyptian
131	Egypt
132	eternal
133	modesty
134	an Ethiopian
135	blood
136	cause flow of blood
137	bleed
138	Aeneas
139	praise
140	praise
141	riddle
142	praise
143	Aenon
144	goat
145	select
146	religious party
147	choose
148	divisive
149	carry
150	able to understand
151	have capacity to understand
152	capacity to understand
153	shamefully greedy
154	shamefully greedy
155	dirty talk
156	disgraceful
157	indecent behavior
158	shamefulness
159	be ashamed
160	ask for
161	a request
162	reason
163	charge
164	charge
165	reason
166	accusation
167	immediate
168	captivity
169	take captive
170	take captive
171	captive
172	era
173	eternal
174	immorality
175	uncleanness
176	defiled
177	lack opportunity
178	unfavorable
179	without fault
180	thorn plant
181	thorny
182	without fruit
183	above criticism
184	uncovered
185	without a proper trial
186	cannot be ended
187	unceasing
188	never stopping
189	rebellion
190	not controlled
191	uncontrollable
192	Hakeldama
193	pure
194	be in distress
195	firmly
196	ripen
197	yet, still
198	hearing
199	go/come behind
200	audible
201	hear
202	lack of self-control
203	lacking self-control
204	pure
205	accurateness
206	strictest
207	accurate
208	learn exactly
209	accurately
210	locust
211	audience hall
212	hearer
213	being uncircumcised
214	cornerstone
215	finest booty
216	extreme boundary
217	Aquila
218	invalidate authority of
219	freely
220	not willing
221	salt
222	alabaster jar
223	alabaster jar
224	false pride
225	arrogant person
226	clang
227	inexpressible
228	mute
229	salt
230	anoint
231	before dawn
232	rooster
233	an Alexandrian
234	Alexandrian
235	Alexander
236	flour
237	truth
238	speak truth
239	true
240	real
241	grind grain
242	really
243	fisherman
244	catch fish
245	make salty
246	a thing ritually defiled
247	but
248	change
249	from elsewhere
250	elsewhere
251	speak allegorically
252	hallelujah
253	each other
254	foreigner
255	change
256	jump up
257	different
258	busybody
259	belonging to another
260	heathen
261	differently
262	thresh
263	not able to reason
264	aloes
265	salt
266	salty
267	free from anxiety
268	chain
269	of no advantage
270	first
271	Alphaeus
272	threshing floor
273	fox
274	capture
275	at the same time
276	uneducated
277	unfading
278	never fading
279	sin
280	sin
281	sin
282	without witness
283	sinful
284	Amaziah
285	peaceable
286	mow
287	amethyst
288	disregard
289	blameless
290	blameless
291	without worry
292	unchanging
293	firm
294	not regretful
295	unrepentant
296	＠
297	truly
298	without a mother
299	undefiled
300	Amminadab
301	sand
302	sand
303	lamb
304	repayment
305	ugly
306	grapevine
307	vinedresser
308	vineyard
309	Ampliatus
310	help
311	cast a fish net
312	casting-net
313	clothe
314	clothe
315	Amphipolis
316	city street
317	both
318	blameless
319	spice
320	without defect
321	Amon
322	Amos
323	would
324	each
325	stairs
326	go up
327	adjourn a hearing
328	pull up
329	look up
330	gaining sight
331	shout
332	postponement
333	upstairs room
334	inform
335	cause to be born again
336	read
337	compel
338	necessary
339	out of obligation
340	trouble
341	make known again
342	public reading
343	lead up
344	make known
345	revelation
346	welcome
347	deliver
348	live again
349	try to find out
350	＠
351	reactivate
352	renew, revive
353	a curse
354	curse
355	observe
356	an offering
357	insolence
358	killing
359	kill
360	innocent
361	sit up
362	restore
363	make new
364	renewal
365	uncover
366	return
367	recline to eat
368	bring together
369	cause to lie down
370	hinder
371	shout
372	cry out
373	study thoroughly
374	investigation in court
375	roll away
376	straighten up
377	lift up and carry
378	ascension
379	＠
380	jump up
381	proportion
382	consider carefully
383	without salt
384	destroy
385	death
386	return
387	guiltless
388	wait for
389	cause to remember
390	reminder
391	be made new
392	return to one&rsquo;s right senses
393	Hananias
394	indisputable
395	indisputable
396	unworthy
397	unworthily
398	a rest
399	cause to rest
400	persuade
401	maimed
402	send back
403	jump up
404	recline to eat
405	make complete
406	without excuse
407	demand
408	unroll
409	start fire
410	countless
411	cause an uproar
412	cause distress
413	pull up
414	resurrection
415	cause to revolt
416	crucify again
417	groan deeply
418	return
419	behavior
420	save
421	compile
422	rise
423	explain
424	rising
425	eastern
426	turn over
427	rear
428	come into view
429	lead up
430	cry out loudly
431	excess
432	go away
433	relief
434	encourage
435	slave dealer
436	Andrew
437	be courageous
438	Andronicus
439	murderer
440	blamelessness
441	blameless
442	indescribable
443	inexpressible
444	unfailing
445	endurable
446	unmerciful
447	unmerciful
448	be driven on by wind
449	wind
450	impossible
451	impossible to understand
452	tolerant
453	impossible to understand
454	unashamed
455	above criticism
456	move up
457	relief
458	interrogate
459	without
460	unusable
461	find by searching
462	be patient with
463	cousin
464	dill
465	it is fitting
466	fierce
467	man
468	be hostile toward
469	give thanks
470	blossom
471	charcoal fire
472	charcoal
473	pleasing people
474	human
475	murderer
476	human being
477	be proconsul
478	proconsul
479	loosen
480	merciless
481	unwashed
482	cause to stand up
483	Hanna
484	Hannas
485	without understanding
486	lack of understanding
487	open
488	rebuild
489	＠
490	lawlessness
491	lawless
492	without the Law
493	useless
494	build up again
495	impious
496	patience
497	struggle against
498	something given in exchange for
499	fill up
500	pay back
501	repayment
502	recompense
503	answer
504	cling to a belief
505	instead
506	discuss
507	be hostile toward
508	accuser
509	contradiction
510	resist
511	invite back
512	be hostile toward
513	opposite to
514	help
515	oppose
516	ability to help
517	a dispute
518	insult in return
519	ransom
520	repay
521	recompense
522	Antioch
523	an Antiochean
524	pass.
525	Antipas
526	Antipatris
527	across from
528	resist
529	actively oppose
530	be hostile toward
531	representation
532	antichrist
533	draw out
534	bucket
535	face into
536	waterless
537	genuine
538	not subject to
539	above
540	from above
541	inland
542	＠
543	not advantageous
544	axe
545	worthy
546	regard worthy
547	worthily
548	invisible
549	Aoulia
550	inform
551	hang oneself
552	lead away
553	uneducated
554	lead away
555	ask for back
556	lose feeling of shame
557	settle with
558	be foreigner
559	tender
560	meet up with
561	meeting up with
562	once
563	permanent
564	unprepared
565	deny
566	certainly
567	from now on, again
568	completion
569	first portion
570	all
571	take leave of
572	deceive
573	deception
574	without father
575	radiance
576	cast off like foam
577	disobedience
578	disobey
579	disobedient
580	threaten
581	threatening
582	be absent
583	go
584	renounce
585	cannot be tempted
586	inexperienced
587	look forward eagerly
588	undress
589	an undressing
590	drive away
591	serious criticism
592	freedman
593	Apelles
594	expect
595	opposite
596	endless
597	without distraction
598	＠
599	go away
600	be away from
601	not think true
602	lacking in trustworthiness
603	unbelievable
604	＠
605	sincerity
606	healthy
607	generously
608	from
609	disembark
610	throw off
611	fix attention on
612	be rejected
613	rejection
614	cease
615	governmental census
616	register
617	demonstrate
618	proof
619	tithe
620	give a tenth
621	pleasing
622	welcome
623	leave home on a journey
624	going away on a journey
625	pay
626	cause divisions
627	regard as unworthy
628	acceptance
629	removal of filth by washing
630	storehouse
631	treasure up
632	crowd against
633	die
634	＠
635	restore
636	reveal
637	revelation
638	eager desire
639	reconcile
640	restoration
641	put away
642	behead
643	close
644	cut down/off
645	verdict
646	respond
647	an answer
648	keep secret
649	secret
650	kill
651	＠
652	cause a state
653	roll away
654	speak about freely
655	obtain from
656	enjoyment
657	leave behind
658	lick off
659	leave behind
660	destroy
661	Apollyon
662	Apollonia
663	Apollos
664	defend oneself
665	defend oneself
666	make pure
667	deliverance
668	dismiss
669	wipe off
670	remain behind
671	cause (respect)
672	＠
673	send out
674	fall away
675	cause wrong views
676	sail from
677	wash off
678	cause plants to die
679	be at a loss
680	consternation
681	jump away into
682	separate
683	pack up
684	a shadow
685	pull out
686	rebellion
687	＠
688	deserter
689	remove a roof
690	send someone out
691	defraud
692	apostleship
693	apostle
694	ask hostile questions
695	cause to change belief
696	hate
697	expelled from synagogue
698	say goodbye
699	complete
700	put away
701	shake off
702	pay back
703	be very bold
704	harshness
705	harshly
706	avoid
707	absence
708	carry away
709	escape
710	speak out
711	unload a cargo
712	consumption
713	go away from
714	move away
715	faint
716	Forum of Appius
717	unapproachable
718	blameless
719	impartially
720	free from sinning
721	start a fire
722	Apphia
723	push away
724	destruction
725	a curse
726	as a result
727	indeed
728	Arabia
729	Arabs
730	Ram
731	seamless
732	an Arab
733	be idle
734	idle
735	＠
736	silver money
737	silversmith
738	silver
739	made of silver
740	the Areopagus
741	member of council of Areopagus
742	means of favor
743	please
744	pleasing
745	Aretas
746	virtue
747	Are?
748	lamb
749	count
750	a
751	Arimathea
752	Aristarchus
753	eat a meal
754	left
755	Aristobulus
756	meal
757	sufficient
758	be sufficient
759	a bear
760	a bear
761	chariot
762	Armageddon
763	Armin
764	promise for marriage
765	body joint
766	deny
767	Arni
768	sheep
769	plow
770	a plow
771	plunder
772	plunder
773	snatch
774	vicious
775	first installment
776	＠
777	what cannot be spoken
778	be sick
779	ill
780	male homosexual
781	human male
782	Artemas
783	Artemis
784	sail
785	now
786	newborn
787	qualified
788	loaf of bread
789	season
790	Arphaxad
791	archangel
792	ancient
793	Archelaus
794	beginning
795	initiator
796	the line of the high priest
797	chief priest
798	head of a rebellion
799	the Chief Shepherd
800	Archippus
801	leader of a synagogue
802	master builder
803	head tax collector
804	head steward
805	election of magistrates
806	rule
807	ruler
808	perfumed ointment
809	Asa
810	immovable
811	Asaph
812	unquenchable
813	impiety
814	act.
815	impious
816	sensuality
817	inferior
818	Asher
819	incapacity
820	be weak
821	weakness
822	unable
823	Asia
824	an Asian
825	provincial authority
826	a going without food
827	going without food
828	do one&rsquo;s best
829	wineskin
830	gladly
831	foolish
832	greet
833	a greeting
834	spotless
835	a snake;
836	irreconcilable
837	penny
838	Assaron
839	very near
840	Assos
841	wander
842	beautiful
843	star, planet
844	unstable
845	without love
846	abandon truth
847	lightning
848	glisten
849	star, planet
850	Asyncritus
851	disagreeable
852	without understanding
853	not keeping agreement
854	safety
855	safe
856	make safe
857	safely
858	behave indecently
859	indecent behavior
860	ugly
861	recklessness
862	recklessly
863	be lazy
864	lazy
865	lazily
866	childless
867	stare at
868	without
869	treat shamefully
870	dishonor
871	dishonor
872	lacking in honor
873	be disgraced
874	steam
875	moment
876	bad
877	Attalia
878	cause to be seen
879	dawn
880	Augustus
881	arrogant
882	willing
883	control
884	play the flute
885	courtyard
886	flutist
887	spend the night
888	wood flute
889	increase
890	growth
891	＠
892	tomorrow
893	exacting
894	contentment
895	content
896	condemned by own actions
897	without any cause
898	eyewitness
899	same
900	in the 
901	with one&rsquo;s own hand
902	boast
903	dark and miserable
904	put away
905	hidden
906	destroy
907	cease to exist
908	invisible
909	latrine
910	severe self-control
911	humbleness
912	pardon
913	ligament
914	immortality
915	immortal
916	willingness
917	integrity
918	dismiss
919	＠
920	be against what is good
921	not loving money
922	departure
923	cause to rebel
924	immediately
925	fearlessly
926	be similar to
927	fix attention on
928	exclude
929	favorable circumstances
930	foam up
931	foam
932	foolishness
933	foolish
934	fall asleep
935	withhold payment
936	mute
937	Ahaz
938	Achaia
939	Achaicus
940	unthankful
941	Ahaz
942	not man-made
943	Achim
944	＠
945	useless
946	become perverse
947	useless
948	until
949	chaff
950	truthful
951	wormwood
952	bitterness
953	lifeless
954	＠
955	Baal
956	Babylon
957	status
958	depth
959	make deep
960	deep
961	palm branch
962	Balaam
963	Balak
964	money bag
965	throw
966	wash
967	baptism
968	washing
969	baptizer
970	dip in
971	son
972	Barabbas
973	Barak
974	Barachiah
975	non-Greek
976	be troubled
977	＠
978	Bartholomew
979	Bar-Jesus
980	Bar-Jona(h)
981	＠
982	Barnabas
983	hardship
984	Barsabbas
985	Bartimaeus
986	burden, weigh down
987	heavy
988	valuable
989	torture
990	torment
991	prison guard
992	torment
993	reign
994	royal
995	king
996	be a king
997	royal
998	petty king
999	queen
1000	foot
1001	bewitch
1002	carry
1003	thornbush
1004	bath
1005	frog
1006	use many words
1007	what is detestable
1008	detested
1009	detest
1010	certain
1011	cause to believe
1012	verification
1013	worldly
1014	defile ritually
1015	Beelzebub
1016	Belial
1017	sewing needle
1018	missile
1019	＠
1020	＠
1021	Benjamin
1022	Bernice
1023	Beroea
1024	from Beroea
1025	Berus
1026	Beöorsor
1027	Beor
1028	Bethabara
1029	Bethany
1030	Betharaba
1031	Bethesda
1032	Bethzatha
1033	Bethlehem
1034	Bethsaida
1035	Bethsaida
1036	Bethphage
1037	judgment seat
1038	Bereus
1039	beryl
1040	violence
1041	suffer violence
1042	violent
1043	violent person
1044	little scroll
1045	＠
1046	document
1047	document
1048	eat
1049	Bithynia
1050	daily life
1051	conduct daily life
1052	daily life
1053	of daily life
1054	harmful
1055	injure
1056	sprout leaves
1057	＠
1058	Blastus
1059	blaspheme
1060	reviling
1061	blasphemous
1062	an act of seeing, a look
1063	see
1064	must be put
1065	Boanerges
1066	shout
1067	Boaz
1068	shout
1069	help
1070	help
1071	helper
1072	pit
1073	pit
1074	＠
1075	drop a plummet
1076	missile
1077	Boaz
1078	Boaz
1079	watery mud
1080	the north
1081	feed animals
1082	Bosor
1083	a crop
1084	grape cluster
1085	member of council of Jews
1086	intend
1087	plan
1088	a desire
1089	desire
1090	hill
1091	cattle
1092	gift
1093	control
1094	be slow in
1095	sail slowly
1096	slow
1097	slowness
1098	power
1099	few
1100	infant
1101	rain
1102	be indignant
1103	thunder
1104	rain
1105	＠
1106	＠
1107	be furious
1108	cause to pour out
1109	food
1110	eatable
1111	eating
1112	sink
1113	open sea
1114	tanner
1115	＠
1116	fine linen
1117	altar
1118	＠
1119	Gabbatha
1120	Gabriel
1121	gangrene
1122	Gad
1123	Gadarene
1124	Gaza
1125	treasury
1126	treasury
1127	Gaius
1128	milk
1129	a Galatian
1130	Galatia
1131	Galatian
1132	a calm
1133	Galilee
1134	a Galilean
1135	Gaul
1136	Gallio
1137	Gamaliel
1138	marry
1139	marry
1140	give in marriage
1141	marriage
1142	because
1143	belly
1144	Gauda
1145	really
1146	Gideon
1147	hell
1148	Gethsemane
1149	Gethsemane
1150	neighbor
1151	laugh
1152	laughter
1153	fill
1154	be full
1155	same generation
1156	be descended from
1157	genealogy
1158	birthday
1159	birth, birthday
1160	birthday
1161	birth
1162	a birth
1163	product
1164	procreate
1165	offspring
1166	Gennesaret
1167	birth
1168	born
1169	descendant
1170	a Gerasene
1171	a Gergesene
1172	high council of the Jews
1173	old man
1174	taste
1175	cultivate land
1176	field
1177	share-cropper
1178	earth
1179	old age
1180	grow old
1181	come to exist
1182	know
1183	sweet wine
1184	sweet
1185	a tongue
1186	money box
1187	bleacher
1188	genuine
1189	genuinely
1190	darkness
1191	intention
1192	know
1193	acquainted
1194	acquaintance with
1195	one who knows
1196	what is known
1197	complain
1198	complaint
1199	complainer
1200	impostor
1201	Golgotha
1202	Gomorrah
1203	cargo
1204	parents
1205	a knee
1206	kneel down
1207	letter of alphabet
1208	expert teacher in the Law
1209	written
1210	passage
1211	write
1212	of old women
1213	stay awake
1214	discipline oneself
1215	physical exercise
1216	be poorly dressed
1217	wear rags
1218	poorly clothed
1219	nakedness
1220	foolish woman
1221	feminine
1222	woman
1223	Gog
1224	a corner
1225	letter of Greek alphabet
1226	David
1227	be demon possessed
1228	demon
1229	demonic
1230	demon
1231	harm
1232	tear
1233	weep
1234	ring
1235	finger
1236	Dalmanutha
1237	Dalmatia
1238	bring under control
1239	heifer
1240	Damaris
1241	Damascene
1242	Damascus
1243	Dan
1244	＠
1245	debt
1246	creditor
1247	give a loan
1248	Daniel
1249	＠
1250	creditor
1251	spend
1252	expense
1253	David
1254	and
1255	plea
1256	it is necessary
1257	example
1258	disgrace publicly
1259	make known
1260	＠
1261	cowardice
1262	be cowardly
1263	in the afternoon
1264	cowardly
1265	somebody
1266	severe
1267	terribly
1268	eat a meal
1269	host
1270	meal
1271	banquet supper
1272	religion
1273	religious
1274	ten
1275	twelve
1276	sixteen
1277	eighteen
1278	fifteen
1279	Decapolis
1280	fourteen
1281	tenth
1282	collect tithes
1283	pleasing
1284	lure into sin
1285	fruit tree
1286	＠
1287	＠
1288	right
1289	plead
1290	reverence
1291	Derbean
1292	Derbe
1293	skin
1294	made of leather
1295	skin
1296	whip
1297	bind
1298	tie up
1299	a bundle
1300	prisoner
1301	chains
1302	prison guard
1303	prison
1304	prisoner
1305	ruler
1306	come here
1307	come here
1308	on the second day
1309	for the second time
1310	the second after the first
1311	second
1312	receive
1313	bind
1314	then
1315	very clearly
1316	evident
1317	make known
1318	Demas
1319	make a speech
1320	Demetrius
1321	builder
1322	assembly
1323	public
1324	coin
1325	ever
1326	＠
1327	indeed
1328	by
1329	cross over
1330	accuse
1331	state with confidence
1332	see clearly
1333	devilish
1334	give notice
1335	pass.
1336	examine thoroughly
1337	give an exact report
1338	deciding a case
1339	grumble
1340	become fully awake
1341	behave in a certain way
1342	receive from
1343	diadem crown
1344	distribute, divide up
1345	successor
1346	gird
1347	making of a covenant
1348	distribution
1349	divide
1350	clean out
1351	clean out
1352	refute
1353	order
1354	serve
1355	service
1356	servant
1357	two hundred
1358	hear a legal case
1359	evaluate carefully
1360	ability to decide
1361	prevent
1362	converse
1363	argue
1364	cease
1365	language
1366	stop
1367	make peace
1368	reason thoroughly
1369	reasoning
1370	scatter
1371	testify
1372	protest strongly
1373	associate
1374	distribute
1375	division
1376	cause to spread
1377	gesture
1378	thought
1379	mind
1380	make open
1381	spend the
1382	finish
1383	always
1384	constant arguing
1385	cross over
1386	sail across
1387	be irked
1388	travel through
1389	be perplexed
1390	earn
1391	be furious
1392	＠
1393	rip
1394	be able to speak
1395	plunder
1396	＠
1397	explain
1398	extort
1399	scatter
1400	tear apart
1401	be scattered
1402	diaspora
1403	command
1404	interval of time
1405	distinction
1406	mislead
1407	rescue
1408	ordinance
1409	ordinance
1410	be deeply troubled
1411	command
1412	remain
1413	avoid
1414	Why?
1415	make a will
1416	＠
1417	stay
1418	food
1419	shine through
1420	transparent
1421	transparent
1422	carry through
1423	escape
1424	spread news about
1425	destroy utterly
1426	decay
1427	varied
1428	protect
1429	seize and kill
1430	joke at
1431	depart from
1432	second marriage
1433	a second marriage
1434	able to teach
1435	instructed
1436	teaching
1437	teacher
1438	teach
1439	teaching
1440	Temple tax
1441	Didymus
1442	I give
1443	give
1444	wake up
1445	think seriously about
1446	come out
1447	main street crossing
1448	interpretation
1449	interpreter
1450	interpret
1451	move on to
1452	learn about
1453	two-year-old
1454	＠
1455	tell fully
1456	narration
1457	＠
1458	cross-currents
1459	penetrate
1460	move on
1461	examine carefully
1462	insist firmly
1463	judge
1464	just verdict
1465	righteous
1466	righteousness
1467	put right with
1468	regulation
1469	uprightly
1470	be put right with
1471	a judge
1472	punishment
1473	fishnet
1474	hypocritical
1475	therefore
1476	travel through
1477	Dionysius
1478	therefore
1479	fallen from Zeus
1480	a reform
1481	a new order
1482	break through
1483	the Dioscuri
1484	because
1485	Diotrephes
1486	＠
1487	double
1488	double
1489	twice
1490	＠
1491	doubt
1492	double-edged
1493	two thousand
1494	filter out
1495	cause a separation
1496	discord
1497	cut in two
1498	be thirsty
1499	thirst
1500	double-minded
1501	persecution
1502	persecutor
1503	pursue
1504	rule
1505	obey rules
1506	suppose
1507	examine
1508	testing
1509	examination
1510	testing
1511	considered good
1512	beam
1513	treacherous
1514	deceive
1515	treachery
1516	cause to be false
1517	gift
1518	splendor
1519	praise
1520	＠
1521	the act of giving
1522	giver
1523	a Doberian
1524	make ready for service
1525	subservience
1526	be a slave
1527	slave woman
1528	slave
1529	subservient to
1530	enslave
1531	banquet
1532	dragon
1533	trap
1534	coin
1535	sickle
1536	race
1537	Drusilla
1538	be able
1539	ability
1540	enable
1541	official
1542	be able
1543	possible
1544	go down
1545	two
1546	difficult
1547	dysentery
1548	dysentery
1549	hard to interpret
1550	west
1551	difficult
1552	with difficulty
1553	the west
1554	difficult to understand
1555	defame
1556	defamation
1557	twelve
1558	twelfth
1559	the twelve tribes
1560	housetop
1561	gift
1562	without cost
1563	grant
1564	gift
1565	gift
1566	the act of bringing gifts
1567	five, fifth
1568	ah
1569	if
1570	if indeed
1571	himself, herself, itself
1572	allow
1573	seventy
1574	seventy times
1575	seventh
1576	Eber
1577	Hebrew
1578	a Hebrew
1579	Hebrew
1580	Hebrew language
1581	come near
1582	record
1583	guarantee
1584	near
1585	nearer
1586	cause to stand up
1587	resurrection
1588	spy
1589	＠
1590	go into effect
1591	become discouraged
1592	accuse
1593	leave progeny
1594	dwell among
1595	boast
1596	graft
1597	lock up
1598	accusation
1599	dress
1600	obstacle
1601	prevent
1602	self-control
1603	control oneself
1604	self-controlled
1605	classify
1606	put into
1607	pregnant
1608	rub on
1609	I
1610	raze
1611	ground
1612	being firm
1613	support
1614	Hezekiah
1615	self-imposed religion
1616	be in the habit of
1617	official
1618	heathen
1619	like a heathen
1620	nation
1621	custom
1622	＠
1623	if
1624	form
1625	＠
1626	form
1627	temple of an idol
1628	what is sacrificed to idols
1629	worshiper of idols
1630	idolatry
1631	idol
1632	without reason
1633	twenty
1634	yield
1635	image
1636	sincerity
1637	sincere
1638	surely
1639	be
1640	go
1641	because of
1642	if indeed
1643	if perhaps, if somehow
1644	live in peace
1645	peace
1646	free from worry
1647	make peace
1648	peacemaker
1649	＠
1650	to
1651	one
1652	lead into
1653	listen to
1654	receive
1655	move into
1656	move into
1657	invite in
1658	coming
1659	rush into
1660	move into
1661	run (back) into
1662	bring in
1663	afterwards
1664	＠
1665	be in habit of
1666	out of
1667	each
1668	always
1669	one hundred
1670	hundred year old
1671	hundred times as much
1672	Roman officer
1673	Roman officer
1674	go out of
1675	throw out
1676	end
1677	sprout up
1678	throwing out
1679	marry
1680	give in marriage
1681	＠
1682	give oneself completely
1683	wait for
1684	easily known
1685	be absent
1686	rent out
1687	tell fully
1688	give justice
1689	the act of giving justice
1690	punisher
1691	pursue and drive out
1692	betrayed
1693	expectation
1694	take off clothes
1695	there
1696	from there
1697	that
1698	there
1699	seek diligently
1700	speculation
1701	be astounded
1702	astounded
1703	be very amazed
1704	exposed
1705	clean out
1706	＠
1707	lose heart
1708	pierce
1709	break off
1710	not allow
1711	congregation
1712	keep away from
1713	swim away
1714	carry out
1715	hinderance
1716	cut down/off
1717	consider seriously
1718	tell
1719	shine forth
1720	forget entirely
1721	select
1722	fails or ends
1723	chosen
1724	a choice
1725	become extremely weary
1726	wipe dry
1727	ridicule
1728	slip away
1729	return to one&rsquo;s right senses
1730	willing
1731	willingly
1732	long ago
1733	put to a test
1734	send out
1735	excessively
1736	stretch out
1737	rush out
1738	fall from
1739	sail away from
1740	make happen
1741	completion
1742	be greatly astounded
1743	die
1744	depart out of
1745	engage in sexual immorality
1746	treat as rejected
1747	destroy by fire
1748	uproot
1749	amazement
1750	be corrupt
1751	bring safely
1752	stir up against
1753	stretch out
1754	complete
1755	earnestness
1756	continuously
1757	continuously
1758	put out of
1759	shake out/off
1760	outside
1761	sixth
1762	sprain
1763	provide food for
1764	trembling
1765	untimely birth
1766	carry out
1767	flee from
1768	terrify
1769	terrified
1770	sprout leaves
1771	cry out
1772	cause to flow out
1773	＠
1774	depart
1775	die
1776	willing
1777	olive tree
1778	olive oil
1779	the Olive Orchard
1780	an Elamite
1781	fewer
1782	have too little
1783	make less
1784	＠
1785	drive along
1786	fickleness
1787	light
1788	very small
1789	Eleazar
1790	＠
1791	rebuke
1792	rebuke
1793	evidence for
1794	rebuke
1795	pitiable
1796	show mercy to
1797	acts of charity
1798	merciful
1799	mercy
1800	freedom
1801	free
1802	set free
1803	coming
1804	made of ivory
1805	Eliakim
1806	Eliakim
1807	package
1808	Eliezer
1809	Eliud
1810	Elizabeth
1811	Elisha
1812	Elisha
1813	roll up
1814	sores
1815	have sores
1816	pull in
1817	Greece
1818	Greek person
1819	Greek
1820	Greek woman
1821	Greek-speaking Jew
1822	in the Greek
1823	charge to an account
1824	record
1825	Elmadam
1826	Elmodam
1827	hope for
1828	hope
1829	Elymas
1830	my God
1831	of myself
1832	embark
1833	throw in
1834	dip into
1835	dip in
1836	enter into mysteries
1837	cause to embark
1838	look closely, directly at
1839	insist sternly
1840	vomit
1841	be enraged
1842	Emmanuel
1843	Emmaus
1844	remain
1845	among
1846	Hamor
1847	mine
1848	mocking
1849	mock
1850	mock
1851	mocker
1852	send in
1853	live among
1854	＠
1855	satisfy with food
1856	set on fire
1857	＠
1858	＠
1859	＠
1860	fall into
1861	involved in
1862	a braiding
1863	＠
1864	be in business
1865	business
1866	marketplace
1867	merchant
1868	＠
1869	in front of
1870	spit on
1871	visible
1872	make visible
1873	terrified
1874	breathe on
1875	established in
1876	call on
1877	in
1878	embrace
1879	＠
1880	leap upon
1881	take on human form
1882	in front of
1883	in front of
1884	be hostile toward
1885	against
1886	evident
1887	begin
1888	ninth
1889	permit
1890	poor
1891	proof
1892	demonstrate
1893	proof
1894	eleven
1895	eleventh
1896	be possible
1897	be at home
1898	clothe
1899	just
1900	＠
1901	be honored
1902	splendid
1903	clothing
1904	cause to be able
1905	enter secretly
1906	a wearing of
1907	clothe
1908	building material
1909	an ambush
1910	wait in ambush
1911	a plot
1912	wrap in
1913	be inside
1914	＠
1915	on account of
1916	ninety
1917	speechless
1918	a functioning
1919	function
1920	deed
1921	effective
1922	act.
1923	bear a grudge against
1924	here
1925	from here
1926	think about
1927	thought
1928	exist
1929	one year
1930	sometimes
1931	happen
1932	strengthen
1933	nine
1934	＠
1935	gesture
1936	way of thinking
1937	legal
1938	subject to the law,
1939	＠
1940	dwell in
1941	put under oath
1942	unity
1943	afflict
1944	guilty
1945	commandment
1946	prepare
1947	preparation for burial
1948	command
1949	from here
1950	intercession
1951	put in
1952	valuable
1953	commandment
1954	local people
1955	among
1956	make ashamed
1957	train
1958	trembling
1959	shame
1960	carouse
1961	plead
1962	wrap
1963	engrave
1964	insult
1965	dream
1966	a dream
1967	in front of
1968	Enos
1969	listen carefully to
1970	Enoch
1971	six
1972	proclaim throughout
1973	redeem
1974	lead out
1975	take out
1976	exclude
1977	ask
1978	immediately
1979	follow
1980	six hundred
1981	wipe away
1982	jump up
1983	resurrection
1984	sprout leaves
1985	stand up
1986	open fully
1987	deceive
1988	immediately
1989	be in despair
1990	send out
1991	be attached to, be an adherent
1992	bring to an end
1993	glisten
1994	immediately
1995	raise to life
1996	go out of
1997	＠
1998	convict
1999	be lured away
2000	vomit
2001	seek diligently
2002	go/come out
2003	it is possible
2004	try to find out
2005	＠
2006	be prominent
2007	tell fully
2008	sixty
2009	＠
2010	proclaim
2011	practice
2012	＠
2013	＠
2014	astonish greatly
2015	be fully able
2016	departure
2017	destroy
2018	agree
2019	charge under oath
2020	exorcist
2021	dig out
2022	ill-treat
2023	＠
2024	despise
2025	＠
2026	authority to rule
2027	reign
2028	authoritative
2029	high ranking
2030	cause to wake up
2031	awakened
2032	outside
2033	from outside
2034	drive away
2035	outside
2036	be like
2037	celebrate
2038	festival
2039	a promise
2040	promise
2041	a promise
2042	bring upon
2043	struggle for
2044	gather together more
2045	Epaenetus
2046	praise
2047	praise
2048	raise
2049	be ashamed of
2050	beg
2051	devote oneself to
2052	listen to
2053	listen to
2054	whenever
2055	indispensable
2056	return to
2057	remind
2058	remain
2059	return
2060	rebel against
2061	correcting (faults)
2062	above
2063	accursed
2064	help
2065	province
2066	an eparch
2067	the eparch
2068	residence
2069	＠
2070	in the 
2071	Epaphras
2072	cause to foam up
2073	Epaphroditus
2074	stir up
2075	because
2076	because
2077	because
2078	notice
2079	＠
2080	since
2081	introduction
2082	happen
2083	later
2084	beyond
2085	stretch toward
2086	put on garment
2087	cloak
2088	arrive
2089	ask
2090	request
2091	be alert for
2092	mistreat
2093	upon
2094	arrive
2095	throw on
2096	be financial burden
2097	cause to mount
2098	notice
2099	a patch
2100	cry out loudly
2101	plot
2102	marry
2103	on the earth
2104	happen
2105	know about
2106	knowledge
2107	inscription
2108	write on
2109	cause to be seen
2110	welcome
2111	＠
2112	add to
2113	give to
2114	put into order
2115	go down
2116	gentleness
2117	gentle
2118	try to find out
2119	sentenced to die
2120	laying on
2121	desire greatly
2122	one who greatly desires
2123	deep desire
2124	offer a sacrifice
2125	sit down
2126	call
2127	pretext
2128	forgive
2129	accursed
2130	lie on
2131	run aground
2132	gain in addition
2133	poll tax
2134	Epicurean
2135	a help
2136	shout threats
2137	decide
2138	take hold of
2139	shine forth
2140	forget
2141	name
2142	fail to have
2143	lick
2144	forgetfulness
2145	remaining
2146	explanation
2147	explain
2148	witness
2149	a care
2150	take care of
2151	carefully
2152	remain
2153	agree
2154	intention
2155	break an oath
2156	perjurer
2157	daily
2158	press against
2159	rebuke
2160	deeply desire
2161	deep desire
2162	longed for
2163	deep desire
2164	arrive
2165	sew on
2166	throw on
2167	start a riot
2168	well known
2169	food
2170	select carefully
2171	get ready
2172	take up residence
2173	cast a shadow upon
2174	take care of
2175	visitation
2176	guardian
2177	conceal circumcision
2178	sow on top of
2179	know
2180	rebellion
2181	master
2182	write a letter
2183	understanding
2184	intelligent
2185	strengthen
2186	letter
2187	put to silence
2188	return
2189	change of one&rsquo;s beliefs
2190	cause to come together
2191	gathering together
2192	run together
2193	sew on
2194	uprising
2195	dangerous
2196	persist in
2197	increase greatly
2198	ordinance
2199	command
2200	complete
2201	needful
2202	place on
2203	rebuke
2204	punishment
2205	allow
2206	be governor
2207	authority
2208	foreman
2209	acquire
2210	illuminate
2211	appearance
2212	wonderful
2213	illuminate
2214	cause to experience
2215	cry out
2216	dawn
2217	try to
2218	attack
2219	pour on
2220	provide for
2221	provision
2222	rub on
2223	touch
2224	build upon
2225	run aground
2226	call oneself
2227	watch
2228	eyewitness
2229	＠
2230	in the sky
2231	seven
2232	seven times
2233	seven thousand
2234	sevenfold
2235	Erastus
2236	try to learn
2237	work
2238	behavior
2239	worker
2240	act.
2241	make resentful
2242	become stuck fast
2243	announce
2244	lonely place
2245	uninhabited
2246	be destroyed
2247	desolation
2248	quarrel
2249	selfish ambition
2250	wool
2251	strife
2252	goat
2253	ram
2254	Hermas
2255	interpretation
2256	translator
2257	translate
2258	Hermes
2259	Hermogenes
2260	reptile
2261	Red
2262	go, come
2263	ask
2264	clothing
2265	＠
2266	eat
2267	＠
2268	Esli
2269	a mirror
2270	evening
2271	the evening
2272	Hezron
2273	be treated worse
2274	final(ly)
2275	＠
2276	inside
2277	from inside
2278	inner
2279	companion
2280	speaking a strange language
2281	teach a different doctrine
2282	be mismatched
2283	different
2284	differently
2285	still
2286	make ready
2287	Hetoimas
2288	readiness
2289	ready
2290	ready
2291	year
2292	good
2293	Eve
2294	tell the good news
2295	the good news
2296	evangelist
2297	cause to be pleased
2298	pleasing
2299	pleasing
2300	Eubulus
2301	Well done!
2302	important
2303	glibness
2304	fair weather
2305	be pleased with
2306	what pleases
2307	good deed
2308	do good
2309	benefactor
2310	suitable
2311	immediately
2312	sail a straight course
2313	be encouraged
2314	encouraged
2315	encouraged
2316	make straight
2317	immediately
2318	straight
2319	righteousness
2320	have time to
2321	opportunity
2322	favorable time
2323	favorable time
2324	easier
2325	reverence
2326	show reverence for
2327	pious
2328	praise
2329	praised
2330	praise
2331	generous
2332	Eunice
2333	consider favorably
2334	eagerness
2335	make a eunuch
2336	eunuch
2337	Euodia
2338	get along well
2339	devoted
2340	easily persuaded
2341	easily distracting
2342	controlling tightly
2343	good deed
2344	be rich
2345	prosperity
2346	beauty
2347	quite pleasing
2348	constant
2349	make good showing
2350	northeast wind
2351	discover
2352	the southeast wind
2353	broad
2354	religion
2355	worship
2356	religious
2357	religious
2358	intelligible
2359	compassionate
2360	behave with decorum or dignity
2361	with propriety
2362	attractiveness
2363	attractive
2364	vigorously
2365	vulgar speech
2366	Eutychus
2367	praise
2368	worthy of praise
2369	produce much fruit
2370	make glad
2371	Euphrates River
2372	joyfulness
2373	thank
2374	thanksgiving
2375	thankful
2376	prayer
2377	pray
2378	useful
2379	be encouraged
2380	fragrance
2381	left
2382	banquet
2383	jump on
2384	at once
2385	of Ephesus
2386	Ephesian
2387	Ephesus
2388	inventor
2389	a work group
2390	daily
2391	arrive
2392	stand at
2393	＠
2394	Ephraim
2395	Be opened!
2396	yesterday
2397	enmity
2398	be enemy of
2399	snake
2400	possess
2401	until
2402	＠
2403	seven
2404	Zebulun
2405	Zacchaeus
2406	Zerah
2407	sabachthani
2408	Zechariah
2409	live
2410	＠
2411	Zebedee
2412	＠
2413	connect
2414	pair
2415	bands
2416	Zeus
2417	＠
2418	set one&rsquo;s heart on
2419	earnest concern
2420	set one&rsquo;s heart on
2421	enthusiast
2422	loss
2423	suffer loss
2424	Zenas
2425	Zeno
2426	try to find
2427	a point of dispute
2428	seeking information
2429	darnel
2430	＠
2431	Zerubbabel
2432	gloom
2433	yoke
2434	yeast
2435	use yeast
2436	control
2437	life
2438	belt
2439	gird
2440	＠
2441	keep alive
2442	animal
2443	make live
2444	letter of Greek alphabet
2445	or
2446	truly
2447	surely
2448	be governor
2449	government
2450	ruler
2451	be of an opinion
2452	gladly
2453	already
2454	pleasure
2455	mint
2456	custom
2457	arrive
2458	my God
2459	Heli
2460	Elijah
2461	lifetime
2462	how extensive
2463	sun
2464	nail
2465	day
2466	our
2467	half dead
2468	one half
2469	half an hour
2470	＠
2471	whenever
2472	than
2473	gentle
2474	Er
2475	quiet
2476	＠
2477	Herodians
2478	Herodias
2479	Herodion
2480	Isaiah
2481	Esau
2482	less
2483	rest
2484	quiet circumstances
2485	quiet
2486	either … or
2487	be defeated
2488	failure
2489	＠
2490	make a noise
2491	information
2492	sound
2493	a sound
2494	letter of Greek alphabet
2495	come
2496	little girl
2497	Thaddaeus
2498	sea
2499	take care of
2500	Tamar
2501	be amazed
2502	astonishment
2503	deadly
2504	deadly
2505	death
2506	execute
2507	bury
2508	Terah
2509	have courage
2510	have courage
2511	＠
2512	amazement
2513	be amazed
2514	marvelous
2515	marvelous
2516	goddess
2517	look at
2518	shame publicly
2519	amphitheater
2520	sulfur
2521	divine
2522	divine being
2523	sulfurous yellow
2524	Thecla
2525	desire
2526	desire
2527	purpose
2528	foundation
2529	foundation
2530	lay a foundation
2531	taught by God
2532	＠
2533	fight against God
2534	fighting against God
2535	inspired of God
2536	God
2537	religion
2538	religious
2539	God-hating
2540	divine being
2541	Theophilus
2542	healing
2543	heal
2544	servant
2545	reap
2546	reaping
2547	reaper
2548	warm oneself
2549	heat
2550	summer
2551	Thessaly
2552	Thessalonian
2553	Thessalonica
2554	Theudas
2555	look at
2556	spectacle
2557	receptacle for a sword
2558	nurse
2559	female
2560	trap
2561	catch in mistake
2562	be in serious conflict
2563	a wild animal
2564	treasure up
2565	storeroom
2566	touch
2567	crowd against
2568	trouble
2569	die
2570	mortal
2571	be upset
2572	start a riot
2573	clamor
2574	break
2575	oppress
2576	livestock
2577	wail
2578	song of grief
2579	religion
2580	religious
2581	triumph over
2582	hair
2583	be alarmed
2584	clot of blood
2585	throne
2586	break into pieces
2587	Thyatira
2588	daughter
2589	little daughter
2590	windstorm
2591	made of citron wood
2592	incense
2593	incense altar
2594	make an offering of incense
2595	be furious
2596	fury
2597	be extremely angry
2598	door
2599	long oblong shield
2600	window
2601	doorkeeper
2602	sacrifice
2603	altar
2604	sacrifice
2605	Thomas
2606	breastplate
2607	letter of Greek alphabet
2608	Jairus
2609	Jacob
2610	James
2611	power to heal
2612	Jambres
2613	Jannai
2614	Jannes
2615	heal
2616	Jared
2617	a healing
2618	＠
2619	Jason
2620	physician
2621	Jachin
2622	twelve
2623	Look!
2624	appearance
2625	one&rsquo;s own
2626	layman
2627	look!
2628	Idumea
2629	sweat
2630	Jezebel
2631	Hierapolis
2632	priesthood
2633	priesthood
2634	be a priest
2635	Jeremiah
2636	priest
2637	Jericho
2638	sacrificed to a deity
2639	temple
2640	religious
2641	holy
2642	＠
2643	Jerusalemite
2644	rob temples
2645	temple robber
2646	be a priest
2647	Jerusalem
2648	priesthood
2649	Jesse
2650	Jephthah
2651	Jeconiah
2652	Jesus
2653	enough
2654	adequacy
2655	make adequate
2656	supplication
2657	moisture
2658	Iconium
2659	happy
2660	happiness
2661	forgive
2662	means of forgiveness
2663	means of forgiveness
2664	merciful
2665	Illyricum
2666	strap
2667	clothe
2668	clothing
2669	clothing
2670	desire
2671	in order to
2672	Why?
2673	Joppa
2674	Jordan River
2675	venom
2676	Judah
2677	Judea
2678	live as a Jew
2679	Jewish
2680	like a Jew
2681	Judean
2682	practice of Judaism
2683	Judah
2684	Julia
2685	Julius
2686	Junia
2687	Junias
2688	Justus
2689	cavalryman
2690	a horseman
2691	horse
2692	circle of light
2693	Isaac
2694	like an angel
2695	Issachar
2696	Iscariot
2697	Iscariot
2698	equal
2699	equality
2700	equal to
2701	similarly minded
2702	Israel
2703	Israelite
2704	Issachar
2705	put
2706	a sail
2707	visit and get information
2708	powerful
2709	capability
2710	be capable of
2711	probably
2712	Italy
2713	Italian
2714	Ituraean
2715	little fish
2716	fish
2717	imitate
2718	Jotham
2719	Jehoiakim
2720	Joanan
2721	Joanna
2722	John
2723	Joash
2724	Job
2725	Obed
2726	Joda
2727	Joel
2728	Jonathas
2729	Jonam
2730	Jonan (
2731	Jonah
2732	Joram
2733	Jorim
2734	Jehoshaphat
2735	Jose
2736	Joses
2737	Joseph
2738	Josech
2739	Josiah
2740	smallest letter
2741	letter of Greek alphabet
2742	the cab
2743	＠
2744	container
2745	just as
2746	a tearing down
2747	lower
2748	make clean
2749	just as
2750	fasten onto
2751	make clean
2752	purification
2753	scapegoat
2754	clean
2755	purification
2756	chair
2757	sit
2758	＠
2759	one after another
2760	＠
2761	sleep
2762	teacher
2763	be fitting
2764	sit
2765	＠
2766	daily
2767	sit
2768	let down
2769	bring down
2770	appoint
2771	just as
2772	general
2773	complete(ly)
2774	arm fully
2775	learn about
2776	because
2777	to the degree that
2778	just as
2779	and
2780	Caiaphas
2781	even though
2782	Cain
2783	Cainan
2784	Cainan
2785	new
2786	newness
2787	empty talk
2788	although
2789	occasion
2790	Caesar
2791	Caesarea
2792	although
2793	although
2794	burn
2795	＠
2796	then
2797	＠
2798	badness
2799	malice
2800	revile
2801	suffering distress
2802	suffer distress
2803	do evil
2804	evildoer
2805	bad
2806	criminal
2807	mistreat
2808	injure
2809	evil
2810	injury
2811	straw
2812	reed
2813	name
2814	cultivated olive tree
2815	teaching what is good
2816	Fair Havens
2817	nobility of character
2818	do good
2819	good
2820	veil
2821	cover
2822	good
2823	camel
2824	rope
2825	furnace
2826	＠
2827	be sick
2828	＠
2829	＠
2830	Cana
2831	nationalist
2832	Canaanite
2833	the Candace
2834	rule
2835	Capernaum
2836	peddle for profit
2837	smoke
2838	Cappadocia
2839	eager expectation
2840	inner self
2841	knower of the heart
2842	Carpus
2843	fruit
2844	bear fruit
2845	fruitful
2846	persevere
2847	speck
2848	down
2849	move down
2850	knock down
2851	cause undue hardship
2852	＠
2853	slope
2854	make go down
2855	cry out
2856	creation
2857	disqualify
2858	proclaimer
2859	proclaim throughout
2860	laugh at
2861	condemn
2862	break
2863	write down
2864	lead down
2865	conquer
2866	wrap
2867	easily understood
2868	condemn
2869	condemnation
2870	seek for
2871	make subservient
2872	oppress
2873	a cursed thing
2874	invoke a curse
2875	put to shame
2876	burn down
2877	cover one&rsquo;s head
2878	boast against
2879	lie down
2880	break into pieces
2881	put into prison
2882	parcel out by lot
2883	＠
2884	cause to recline to eat
2885	flood
2886	flood
2887	follow along behind
2888	cut
2889	throw down a cliff
2890	condemnation
2891	condemn
2892	condemnation
2893	stoop down
2894	rule over
2895	slander
2896	slander
2897	slanderer
2898	acquire
2899	put on a list
2900	remnant
2901	leave
2902	stone to death
2903	reconciliation
2904	reconcile
2905	a remnant
2906	inn
2907	tear down
2908	consider closely
2909	witness against
2910	remain
2911	in private
2912	curse
2913	curse
2914	destroy completely
2915	be financial burden
2916	gesture
2917	give careful consideration
2918	reach
2919	bewilderment
2920	＠
2921	regard as worthy
2922	trample on
2923	rest
2924	rest
2925	curtain
2926	burn to ashes
2927	swallow
2928	fall
2929	sail toward shore
2930	mistreat
2931	cause to sink
2932	curse
2933	curse
2934	put an end to
2935	belong to
2936	make adequate
2937	adequacy
2938	adequacy
2939	give a signal
2940	tear down
2941	make ready
2942	make a nest
2943	a nest
2944	cast a shadow upon
2945	observe secretly
2946	a spy
2947	exploit with cunning
2948	bring under control
2949	behavior
2950	＠
2951	turn over
2952	have lust
2953	harm
2954	kill
2955	drag off forcefully
2956	slaughter
2957	＠
2958	seal up
2959	possession
2960	experience
2961	mutilation
2962	shoot down
2963	run down to
2964	shine upon
2965	cause to happen
2966	flee
2967	deprave
2968	kiss
2969	despise
2970	scoffer
2971	shout at
2972	pour down on
2973	the world below
2974	make use of
2975	be enrolled
2976	make cool
2977	full of idols
2978	opposite
2979	in front of
2980	reign
2981	accomplish
2982	move down
2983	eat up
2984	＠
2985	guide
2986	bless ardently
2987	make an attack upon
2988	prevent
2989	accuse
2990	accusation
2991	accuser
2992	accuser
2993	depression
2994	teach
2995	become rusty
2996	be fully able
2997	dwell
2998	dwelling place
2999	dwelling place
3000	dwelling place
3001	cause to dwell
3002	reflect
3003	a good order
3004	below
3005	lower
3006	less than
3007	Cauda
3008	scorching heat
3009	harm by heat
3010	be scorched by the heat
3011	burning
3012	burn
3013	＠
3014	scorching heat
3015	be seared with a hot iron
3016	boast
3017	boast
3018	boasting
3019	Capernaum
3020	Cenchrea
3021	cedar tree
3022	Kidron
3023	recline
3024	strip of cloth
3025	cut hair
3026	call of command
3027	command
3028	make a misstep
3029	pride without proper basis
3030	falsely proud
3031	without anything
3032	foolish talk
3033	cause to lose power
3034	sting, stinger
3035	Roman officer
3036	for no purpose
3037	smallest part of letter
3038	potter
3039	made of potter&rsquo;s clay
3040	clay vessel
3041	clay roof tile
3042	mix
3043	horn
3044	carob pod
3045	make profit
3046	profit
3047	coin
3048	moneychanger
3049	summary
3050	＠
3051	head
3052	beat on the head
3053	section of a scroll
3054	bury
3055	muzzle
3056	poll tax
3057	olive grove
3058	gardener
3059	honeycomb
3060	preaching
3061	preacher
3062	announce
3063	huge fish
3064	Cephas
3065	ciborium
3066	boat
3067	lyre
3068	play the lyre
3069	harpist
3070	Cilicia
3071	a Cilician
3072	＠
3073	be in danger
3074	danger
3075	move
3076	movement
3077	cinnamon
3078	Kish
3079	lend
3080	twig
3081	weep
3082	a breaking
3083	piece
3084	Clauda
3085	＠
3086	Claudia
3087	Claudius
3088	weeping
3089	break
3090	key
3091	close
3092	theft
3093	Cleopas
3094	honor
3095	thief
3096	steal
3097	branch
3098	Clement
3099	receive
3100	possession
3101	receiver
3102	lot
3103	choose
3104	call
3105	called
3106	oven
3107	regions
3108	cot
3109	bed
3110	cot
3111	bow
3112	eating group
3113	theft
3114	large swells or waves
3115	be tossed about by waves
3116	Clopas
3117	＠
3118	Cnidus
3119	coin
3120	belly
3121	sleep
3122	a sleep
3123	mutual
3124	defile
3125	share
3126	fellowship
3127	ready sharing
3128	partner
3129	in the common language
3130	bed
3131	bedroom
3132	scarlet
3133	seed
3134	＠
3135	flattering talk
3136	punishment
3137	a Colossian
3138	Colosse
3139	strike with fist
3140	join
3141	eye salve
3142	moneychanger
3143	reduce in number
3144	Colossian
3145	Colossae
3146	lap area
3147	swim
3148	pool
3149	Roman colony
3150	wear long hair
3151	hair
3152	carry to
3153	in better health
3154	whitewash
3155	dust
3156	cease
3157	lamentation
3158	slaughter
3159	labor
3160	labor
3161	dung heap
3162	dung
3163	dung
3164	cut
3165	raven
3166	a little girl
3167	gift to God
3168	temple treasury
3169	Korah
3170	be content
3171	a Corinthian
3172	Corinth
3173	Cornelius
3174	Cor
3175	beautify
3176	earthly
3177	modest
3178	modestly
3179	world ruler
3180	universe
3181	Quartus
3182	Stand up!
3183	Stand up!
3184	＠
3185	make less heavy
3186	large basket
3187	sleeping mat
3188	sleeping mat
3189	shout
3190	drunken dissipation
3191	skull
3192	fringe
3193	powerful
3194	become strong
3195	hold on to
3196	most excellent
3197	power
3198	shout
3199	shout
3200	meat
3201	＠
3202	better
3203	cause to hang
3204	steep slope
3205	a Cretan
3206	Crescens
3207	Crete
3208	barley
3209	made of barley
3210	legal decision of judgment
3211	wild flowers
3212	decide
3213	legal decision
3214	Crispus
3215	place of justice
3216	a judge
3217	able to judge
3218	knock
3219	secret place
3220	secret
3221	keep safe
3222	shine like crystal
3223	crystal
3224	secret
3225	secretly
3226	secret
3227	acquire
3228	property
3229	beast of burden
3230	owner
3231	create
3232	creation
3233	creature
3234	Creator
3235	trickery
3236	guidance
3237	captain of a ship
3238	surround
3239	around
3240	go around
3241	all around
3242	a wallowing and rolling
3243	a wallowing and rolling about
3244	roll about
3245	crippled
3246	waves
3247	cymbals
3248	cumin
3249	house dog
3250	a Cyprian
3251	Cyprus
3252	stoop down
3253	Quirinius
3254	a Cyrenian
3255	Cyrene
3256	Quirinius
3257	lady
3258	belonging to the Lord
3259	rule
3260	Quirinius
3261	Lord
3262	ruling power
3263	validate
3264	dog
3265	corpse
3266	prevent
3267	village
3268	town
3269	orgy
3270	gnat
3271	Cos
3272	Cosam
3273	mute
3274	thirty
3275	receive
3276	Lazarus
3277	secretly
3278	windstorm
3279	burst open
3280	＠
3281	speak
3282	utterance
3283	Why?
3284	take hold of
3285	Lamech
3286	torch
3287	shining
3288	brightness
3289	luxuriously
3290	shine
3291	escape notice
3292	hewn out of rock
3293	Laodicea
3294	a Laodicean
3295	nation
3296	throat
3297	Lasea
3298	＠
3299	crack
3300	hew out rock
3301	worship
3302	worship
3303	garden plant
3304	Lebbaeus
3305	army unit
3306	speak
3307	remnant
3308	smooth
3309	be in need
3310	serve
3311	service
3312	serving
3313	servant
3314	lick
3315	Lectra
3316	Why?
3317	towel
3318	flake
3319	leprosy
3320	leper
3321	small
3322	Levi
3323	Levi
3324	Levite
3325	Levitical
3326	make white
3327	white linen
3328	white
3329	lion
3330	forgetfulness
3331	receiving
3332	winepress
3333	pure nonsense
3334	robber
3335	＠
3336	very much
3337	frankincense
3338	censer
3339	Freeman
3340	Libya
3341	Libyan
3342	stone to death
3343	made out of stone
3344	throw stones
3345	stone
3346	pavement made of stone blocks
3347	crush
3348	harbor
3349	lake
3350	famine
3351	linen garment
3352	Linus
3353	luxurious
3354	pound
3355	the southwest
3356	collection
3357	reason about
3358	true to real nature
3359	＠
3360	eloquent
3361	false reasoning
3362	argue about words
3363	arguing about words
3364	statement
3365	spear
3366	slander
3367	slander
3368	slanderer
3369	plague
3370	remaining
3371	Luke
3372	Lucius
3373	washing
3374	wash
3375	Lydda
3376	Lydia
3377	Lycaonia
3378	in
3379	Lycia
3380	wolf
3381	injure severely
3382	make sad
3383	regret
3384	Lysanias
3385	Lysias
3386	a divorce
3387	be advantageous
3388	Lystra
3389	ransom
3390	liberate
3391	liberation
3392	liberator
3393	lampstand
3394	lamp
3395	untie
3396	Lois
3397	Lot
3398	forty
3399	Maath
3400	Magadan
3401	Magdala
3402	Magdalene
3403	Megiddo
3404	sorcery
3405	do sorcery
3406	＠
3407	wise man and priest
3408	Magog
3409	Midian
3410	chest of a man
3411	follow
3412	follower
3413	woman disciple
3414	Matthew
3415	Matthat
3416	Matthias
3417	Methuselah
3418	Mainan
3419	be insane
3420	regard as happy
3421	blessed
3422	joy
3423	Macedonia
3424	a Macedonian
3425	meat market
3426	far
3427	far
3428	be patient
3429	patience
3430	patiently
3431	long
3432	long
3433	sickness
3434	soft
3435	Mahalaleel
3436	especially
3437	more
3438	Malchus
3439	grandmother
3440	worldly wealth
3441	Manaen
3442	Manasseh
3443	be taught
3444	insanity
3445	manna
3446	tell fortunes
3447	fade away
3448	＠
3449	pearl
3450	Martha
3451	Mary
3452	Mary
3453	Mark
3454	marble
3455	witness
3456	witness
3457	witness
3458	testify
3459	witness
3460	bite
3461	＠
3462	＠
3463	beat with a whip
3464	beat with a whip
3465	flogging
3466	breast
3467	idle discussions
3468	empty talker
3469	futile
3470	futility
3471	be futile
3472	in vain
3473	Matthew
3474	Matthan
3475	Matthat
3476	Matthias
3477	Mattatha
3478	Mattathias
3479	sword
3480	severe clash
3481	clash severely
3482	boast
3483	wonderful
3484	prominence
3485	very wonderful
3486	make large
3487	greatly
3488	prominence
3489	great
3490	greatness
3491	very important person
3492	very important
3493	translate
3494	drunkenness
3495	＠
3496	cause to move
3497	scheming
3498	region
3499	get drunk
3500	drunkard
3501	be drunk
3502	＠
3503	＠
3504	greater
3505	more
3506	black
3507	Melea
3508	think about
3509	keep thinking about
3510	honey
3511	bee-hive
3512	＠
3513	of bees
3514	Malta
3515	Malta
3516	be about to
3517	body part
3518	Melchi
3519	Melchizedek
3520	＠
3521	parchment sheet
3522	blame
3523	blaming
3524	reason for complaint
3525	and
3526	Menan
3527	Menna
3528	on the contrary
3529	on the contrary
3530	nevertheless
3531	stay
3532	divide
3533	anxiety
3534	be anxious about
3535	portion
3536	division
3537	arbiter
3538	part
3539	be in the middle
3540	noon
3541	cause agreement
3542	mediator
3543	midnight
3544	Mesopotamia
3545	among
3546	dividing wall
3547	high in the sky
3548	be half over
3549	Messiah
3550	very full
3551	cause to bulge
3552	with
3553	depart
3554	change one&rsquo;s mind
3555	guide
3556	share
3557	departure
3558	depart
3559	summon
3560	cause to cease
3561	receive share in
3562	receiving share in
3563	exchange
3564	feel sad about
3565	change
3566	repent
3567	repentance
3568	between
3569	send for
3570	change
3571	change appearance
3572	depart
3573	change
3574	transplant
3575	afterwards
3576	share in
3577	be anxious about
3578	deportation
3579	deport
3580	partnership
3581	companion
3582	measure
3583	a measure
3584	deal gently with
3585	moderately
3586	measure
3587	forehead
3588	until
3589	to the degree that
3590	not
3591	not
3592	by no means
3593	and not
3594	no one
3595	never
3596	not yet
3597	a Mede
3598	＠
3599	not anything
3600	no longer
3601	length
3602	grow
3603	sheepskin
3604	month
3605	＠
3606	inform
3607	never
3608	lest, that … somewhere
3609	not yet
3610	so that not
3611	thigh
3612	nor
3613	mother
3614	marker of a question
3615	how much more
3616	womb
3617	one who murders mother
3618	one who murders mother
3619	capital city
3620	defile
3621	defilement
3622	defilement
3623	mixture
3624	mix
3625	little
3626	Miletus
3627	a Roman mile
3628	imitate
3629	imitator
3630	remember
3631	hate
3632	reward
3633	rewarder
3634	hired worker
3635	a wage
3636	hire
3637	a rented house
3638	hired worker
3639	Mitylene
3640	Michael
3641	monetary unit
3642	be engaged
3643	Mnason
3644	remembrance
3645	grave
3646	grave
3647	remembrance
3648	remember
3649	memorial
3650	promise in marriage
3651	＠
3652	hardly able to speak
3653	scarcely ever
3654	container
3655	adulteress
3656	become an outcast
3657	adultery
3658	commit adultery
3659	adulterer
3660	scarcely
3661	Moloch
3662	make dirty
3663	defilement
3664	complaint
3665	dwelling place
3666	unique
3667	only
3668	only one
3669	one-eyed
3670	be without relatives
3671	nature
3672	be formed
3673	embodiment
3674	＠
3675	calf
3676	musician
3677	hard labor
3678	marrow
3679	learn a secret
3680	legend
3681	roar
3682	ridicule
3683	of a mill
3684	of a mill
3685	hand mill
3686	mill house
3687	the mill house
3688	Myra
3689	ten thousand
3690	anoint with perfume
3691	ten thousand
3692	countless
3693	perfume
3694	Myra
3695	Mysia
3696	a secret
3697	fail to understand
3698	wound
3699	criticize
3700	blemish
3701	become foolish
3702	foolishness
3703	foolish talk
3704	foolish
3705	＠
3706	＠
3707	Moses
3708	letter of Greek alphabet
3709	Nahshon
3710	Naggai
3711	＠
3712	＠
3713	＠
3714	Nazareth
3715	＠
3716	Nazarene
3717	Nazarene
3718	Nathan
3719	＠
3720	Nathanael
3721	yes
3722	Naaman
3723	Nain
3724	temple
3725	Nahum
3726	perfume of nard
3727	Narcissus
3728	be shipwrecked
3729	ship owner
3730	ship
3731	sailor
3732	Nahor
3733	young man
3734	young man
3735	Neapolis
3736	＠
3737	Naaman
3738	dead
3739	stop completely
3740	death
3741	a New Moon festival
3742	new
3743	the young
3744	youth
3745	recent convert
3746	Nero
3747	Nuës
3748	gesture
3749	cloud
3750	Naphtali
3751	large crowd
3752	desires
3753	temple-keeper
3754	youthful
3755	on basis of
3756	spin
3757	be
3758	childish
3759	Nereus
3760	Neri
3761	small island
3762	island
3763	fasting
3764	fast
3765	hunger
3766	＠
3767	restrained
3768	be sober-minded
3769	Niger
3770	Nicanor
3771	conquer
3772	victory
3773	Nicodemus
3774	Nicolaitan
3775	Nicolas
3776	Nicopolis
3777	victory
3778	Nineveh
3779	Nineve
3780	a Ninevite
3781	washbasin
3782	wash
3783	consider well
3784	mind
3785	illegitimate
3786	pasture
3787	do customarily
3788	about the law
3789	correctly
3790	a coin
3791	teacher of
3792	giving law
3793	give law
3794	the Lawgiver
3795	law
3796	have morbid desire
3797	sickness
3798	sickness
3799	brood
3800	the young
3801	young bird
3802	embezzle
3803	south
3804	teaching
3805	instruct
3806	a New Moon Celebration
3807	wisely
3808	mind
3809	Nympha
3810	Nymphas
3811	bride
3812	groom
3813	wedding hall
3814	now
3815	＠
3816	time of the night
3817	pierce
3818	grow drowsy
3819	a night and a day
3820	Noah
3821	lazy
3822	back
3823	letter of Greek alphabet
3824	comb or card wool
3825	guest room
3826	be surprised
3827	show hospitality
3828	unknown
3829	pitcher
3830	become dry
3831	dried up
3832	wooden
3833	wood
3834	shave
3835	letter of Greek alphabet
3836	the
3837	eighty
3838	eighth
3839	hindrance
3840	this one
3841	travel
3842	guide
3843	guide
3844	travel
3845	journey
3846	make a path
3847	road
3848	tooth
3849	be in great pain
3850	intense anxiety
3851	lamentation
3852	Uzziah
3853	stink
3854	from where
3855	linen sheet
3856	linen cloth
3857	know
3858	relative
3859	servant in a household
3860	house servant
3861	dwell
3862	living quarters
3863	dwelling place
3864	house
3865	relative
3866	direct a household
3867	master of household
3868	build
3869	building
3870	edification
3871	builder
3872	manage a household
3873	task
3874	manager of a household
3875	house, temple
3876	earth
3877	homemaker
3878	staying at home
3879	have compassion on
3880	mercy
3881	merciful
3882	have mercy
3883	＠
3884	drunkard
3885	wine
3886	drunkenness
3887	suppose
3888	such as
3889	no matter what
3890	delay
3891	lazy
3892	the eighth day
3893	eight
3894	＠
3895	＠
3896	destructive
3897	ruin
3898	have limited faith
3899	of little faith
3900	few
3901	discouraged
3902	despise
3903	hardly
3904	destroyer
3905	ruin
3906	whole burnt offering
3907	complete health
3908	entire
3909	cry aloud
3910	whole
3911	completely
3912	Olympas
3913	late fig
3914	completely
3915	rainstorm
3916	have great affection for
3917	talk
3918	association
3919	crowd
3920	mist
3921	eyes
3922	＠
3923	swear an oath
3924	with one mind
3925	be like
3926	of like desires
3927	similar
3928	similarity
3929	be similar to
3930	similarity
3931	similarly
3932	similarity
3933	profess
3934	profession
3935	it must be admitted
3936	together
3937	of the same trade
3938	together
3939	like-minded
3940	although
3941	dream
3942	foal
3943	insult
3944	insult
3945	a disgrace
3946	Onesimus
3947	Onesiphorus
3948	of a donkey
3949	＠
3950	name
3951	be known
3952	donkey
3953	really
3954	sour wine
3955	sharp
3956	hole
3957	from behind
3958	behind
3959	prepare oneself
3960	tool
3961	what sort of
3962	when
3963	where
3964	be visible to
3965	a supernatural vision
3966	broiled
3967	ripe fruit
3968	how
3969	something seen
3970	vision
3971	visible
3972	see
3973	anger
3974	be very angry
3975	angry
3976	fathom
3977	strive to attain
3978	mountainous
3979	＠
3980	live right
3981	straight
3982	teach correctly
3983	rise early
3984	early in the morning
3985	early in the morning
3986	early morning
3987	correct(ly)
3988	decide
3989	＠
3990	region
3991	put under oath
3992	oath
3993	oath
3994	rush
3995	an impulse
3996	sudden violence
3997	bird
3998	mother hen
3999	fixed boundaries
4000	totality
4001	mountain
4002	dig
4003	orphan
4004	dance
4005	who, which
4006	＠
4007	who
4008	holy
4009	holiness
4010	holy
4011	odor
4012	as many as
4013	whomsoever
4014	bone
4015	whoever, whatever
4016	＠
4017	earthenware
4018	sense of smell
4019	waist
4020	whenever
4021	when
4022	that
4023	where
4024	not
4025	Aha!
4026	horror
4027	by no means
4028	and not
4029	no one, nothing
4030	never
4031	not yet
4032	nobody, nothing
4033	no longer
4034	so, then
4035	＠
4036	therefore
4037	not yet
4038	tail
4039	heavenly
4040	from the sky
4041	sky
4042	Urbanus
4043	Uriah
4044	ear
4045	property
4046	nor
4047	＠
4048	thus
4049	not
4050	debtor
4051	debt
4052	debt
4053	be in debt
4054	How I wish!
4055	advantage
4056	eye-service
4057	eye
4058	snake
4059	cliff
4060	sewer drain
4061	cause trouble
4062	gather a crowd
4063	crowd
4064	Ahaziah
4065	fortress
4066	fish
4067	late in the day
4068	evening
4069	late rain
4070	late
4071	face
4072	pay
4073	＠
4074	catch in mistake
4075	snare
4076	hill
4077	suffering
4078	subject to suffering
4079	sexual passion
4080	guardian
4081	young child
4082	instruction
4083	trainer
4084	teach
4085	since childhood
4086	child
4087	slave girl
4088	from childhood
4089	play
4090	child
4091	hit
4092	Pacatian
4093	long ago
4094	old
4095	oldness
4096	make old
4097	fight
4098	rebirth
4099	also
4100	＠
4101	all together
4102	very great
4103	Pamphylia
4104	＠
4105	＠
4106	inn
4107	innkeeper
4108	celebration
4109	with entire household
4110	weapons and armor
4111	treachery
4112	scoundrel
4113	＠
4114	everywhere
4115	from every direction
4116	everywhere
4117	＠
4118	everywhere
4119	from all directions
4120	the Almighty
4121	always
4122	certainly
4123	at
4124	disobey
4125	sail to
4126	transgression
4127	transgressor
4128	urge strongly
4129	risk
4130	parable
4131	have no concern
4132	command
4133	command
4134	come
4135	move along
4136	disgrace publicly
4137	paradise
4138	receive
4139	useless occupation
4140	give over
4141	incredible
4142	tradition
4143	make jealous
4144	by the seaside
4145	disregard
4146	what is entrusted
4147	advise strongly
4148	ask for
4149	sit down beside
4150	sit down beside
4151	ask for earnestly
4152	make secret
4153	a deposit
4154	be present
4155	encouragement
4156	the Helper
4157	disobedience
4158	be follower of
4159	refuse to obey
4160	bend over
4161	bring along with
4162	sail along coast
4163	coastal region
4164	a change
4165	deceive
4166	paralyzed
4167	a paralytic
4168	be paralyzed
4169	remain with
4170	console
4171	consolation
4172	consolation
4173	madness
4174	disobey
4175	lawless 
4176	rebel
4177	rebellion
4178	forsake
4179	sail past
4180	very similar
4181	very similarly
4182	pass.
4183	sin
4184	drift away
4185	being marked
4186	get ready
4187	Preparation Day
4188	supporter
4189	prolong
4190	watch closely
4191	close watch
4192	entrust to
4193	be in a place by happenstance
4194	temporary
4195	drive along
4196	be insane
4197	insanity
4198	madness
4199	spend the winter
4200	a spending of the winter in
4201	misuse
4202	suddenly
4203	leopard
4204	serve regularly
4205	be present
4206	cause
4207	joined falsely
4208	slip into a group
4209	slip into a group
4210	do one&rsquo;s best
4211	besides
4212	surround with a siege wall
4213	camp
4214	cause extra difficulty
4215	a stranger
4216	pass.
4217	disregard
4218	continue to be
4219	comfort
4220	virginity
4221	virgin
4222	a Parthian
4223	be weak
4224	＠
4225	stand near
4226	Parmenas
4227	a passing by
4228	dwell temporarily
4229	an alien residence
4230	stranger
4231	proverb
4232	drunkard
4233	pass.
4234	be very similar to
4235	very similar
4236	be upset
4237	encouragement
4238	overlook
4239	make angry
4240	anger
4241	incite
4242	presence
4243	plate
4244	courage
4245	speak boldly
4246	all
4247	Passover festival
4248	suffer
4249	Patara
4250	strike a blow
4251	step on
4252	father
4253	Patmos
4254	＠
4255	lineage
4256	patriarch
4257	paternal
4258	homeland
4259	Patrobas
4260	one who murders
4261	＠
4262	ancestral
4263	＠
4264	cease
4265	Paphos
4266	be unable to understand
4267	fetter
4268	level
4269	go by foot
4270	on foot
4271	going by foot
4272	obey
4273	persuasive
4274	persuasive power
4275	persuade
4276	＠
4277	be hungry
4278	experience
4279	examine
4280	examination
4281	attempt
4282	that which persuades
4283	the open sea
4284	behead
4285	on the fifth day
4286	fifth
4287	send
4288	the poor
4289	mother-in-law
4290	father-in-law
4291	be sad
4292	sorrow
4293	poor
4294	five times
4295	five thousand
4296	five hundred
4297	five
4298	fifteenth
4299	fifty
4300	Pentecost
4301	confidence
4302	＠
4303	Peraea
4304	furthermore
4305	across
4306	limit
4307	Pergamum
4308	Perga
4309	around
4310	travel about
4311	take from around
4312	start a fire
4313	shine brightly around
4314	clothe
4315	look around
4316	clothing
4317	wrap up
4318	be a busybody
4319	a busybody
4320	travel about
4321	contain
4322	be girded
4323	＠
4324	wearing
4325	avoid
4326	garbage
4327	sit around
4328	cover
4329	be around
4330	helmet
4331	have under control
4332	conceal
4333	surround
4334	shine around
4335	be left behind
4336	lick
4337	very sad
4338	wait for
4339	around
4340	live nearby
4341	neighbor
4342	private possession
4343	passage
4344	walk
4345	experience
4346	run into
4347	acquire
4348	experience
4349	sprinkle all around
4350	sprinkle around
4351	tear off
4352	be distracted and anxious
4353	abundance
4354	abundance
4355	be in abundance
4356	special advantage
4357	＠
4358	more than
4359	excessively
4360	excessively
4361	pigeon
4362	circumcise
4363	put around
4364	circumcision
4365	change to
4366	run about
4367	carry around
4368	disregard
4369	surrounding region
4370	garbage
4371	brag
4372	Persis
4373	from last year
4374	bird
4375	fly
4376	bedrock
4377	Peter
4378	rocky
4379	rue
4380	spring
4381	erect
4382	rudder
4383	how
4384	mud
4385	traveler&rsquo;s bag
4386	＠
4387	blindness
4388	cubit
4389	seize
4390	press down
4391	convincing speech
4392	＠
4393	be embittered
4394	bitterness
4395	bitter
4396	with agony
4397	Pilate
4398	completely
4399	sick with fever
4400	little writing tablet
4401	little writing tablet
4402	plate
4403	drink
4404	rich sap
4405	sell
4406	fall
4407	Pisidia
4408	Pisidian
4409	think to be true
4410	pure
4411	what can be believed
4412	trusting
4413	come to believe
4414	wander about
4415	deception
4416	wanderer
4417	wanderer
4418	deceitful
4419	stone tablet
4420	what is formed
4421	make
4422	false
4423	wide street
4424	breadth
4425	widen
4426	wide
4427	what is woven
4428	braid
4429	become more and more
4430	exploit
4431	greedy person
4432	greediness
4433	side of the human body
4434	sail
4435	hitting
4436	large number
4437	increase
4438	bully
4439	flood
4440	but, except
4441	full
4442	be completely certain
4443	complete certainty
4444	come to an end
4445	contents
4446	nearby
4447	gratification
4448	strike
4449	small boat
4450	boat
4451	braiding
4452	＠
4453	sailing
4454	rich
4455	in abundance
4456	be rich
4457	make rich
4458	abundant
4459	wash
4460	Holy Spirit
4461	from the Spirit
4462	from the Spirit
4463	blow
4464	drown
4465	choked
4466	wind
4467	＠
4468	a robe reaching down to the feet
4469	a basin for washing feet
4470	whence
4471	grass, herb
4472	do
4473	what is made
4474	doing
4475	doer
4476	of various kinds
4477	shepherd
4478	shepherd
4479	flock
4480	follower of Christ
4481	which
4482	wage war
4483	war
4484	town
4485	city official
4486	citizenship
4487	place of citizenship
4488	conduct in one&rsquo;s life
4489	citizen
4490	often
4491	many times as much
4492	rich in compassion
4493	talkative
4494	speaking much or a long time
4495	fragmentary
4496	a large crowd
4497	manifold
4498	many
4499	very compassionate
4500	valuable
4501	valuable
4502	in many ways
4503	a drink
4504	wickedness
4505	wicked
4506	pain
4507	Pontian
4508	Pontius
4509	the open sea
4510	Pontus
4511	Publius
4512	journey
4513	go
4514	destroy
4515	＠
4516	gain wealth
4517	Porcius
4518	fornication
4519	commit fornication
4520	a prostitute
4521	sexually immoral person
4522	far away
4523	long before
4524	＠
4525	purple cloth
4526	＠
4527	purple cloth
4528	purple
4529	how often
4530	drink
4531	how many?
4532	river
4533	carried off by a flood
4534	what sort of?
4535	in what way
4536	when?
4537	ever
4538	whether
4539	cup
4540	give or offer to drink
4541	Puteoli
4542	orgy
4543	somewhere
4544	where?
4545	Pudens
4546	foot
4547	event
4548	affairs
4549	do business
4550	palace
4551	officer
4552	deed
4553	＠
4554	＠
4555	group
4556	do
4557	gentleness
4558	gentle
4559	gentleness
4560	be fitting
4561	representative
4562	＠
4563	be a representative
4564	high council of the Jews
4565	of ancient times
4566	an old man
4567	old woman
4568	prostrate
4569	saw in two
4570	before
4571	Prisca
4572	Priscilla
4573	＠
4574	before
4575	go prior to
4576	decide beforehand
4577	accuse previously
4578	hear before
4579	sin previously
4580	forecourt
4581	move on
4582	sprout leaves
4583	of sheep
4584	lamb
4585	sheep
4586	urge
4587	provide for
4588	happen previously
4589	know beforehand
4590	have knowledge beforehand
4591	parentage
4592	write beforehand
4593	very obvious
4594	give beforehand
4595	betrayer
4596	forerunner
4597	＠
4598	hope beforehand
4599	begin previously
4600	promise beforehand
4601	go on
4602	make ready in advance
4603	bring good news ahead of time
4604	have advantage
4605	do with eagerness
4606	plan
4607	set time
4608	eagerness
4609	eager
4610	eagerly
4611	early rain
4612	＠
4613	guide
4614	provoke
4615	foretell
4616	make ready in advance
4617	have advantage
4618	exist openly
4619	preach beforehand
4620	progress
4621	progress
4622	partiality
4623	validate in advance
4624	detect
4625	say already
4626	predict
4627	plan ahead
4628	worry beforehand
4629	consider
4630	foresight
4631	know beforehand
4632	see beforehand
4633	decide beforehand
4634	suffer before
4635	ancestor
4636	send on one&rsquo;s way
4637	reckless
4638	precede
4639	to
4640	Friday
4641	designate
4642	bring into presence
4643	an access
4644	beg
4645	beggar
4646	move up to
4647	welcome
4648	＠
4649	spend much
4650	provide fully
4651	add
4652	approach
4653	threaten further
4654	resound
4655	spend in addition
4656	need something more
4657	accept
4658	give over
4659	wait with anxiety
4660	expectation
4661	allow to go farther
4662	approach
4663	serve
4664	earn in addition
4665	approach
4666	place for prayer
4667	pray
4668	be alert for
4669	nail onto
4670	proselyte
4671	presentation
4672	temporary
4673	call to oneself
4674	persist
4675	persistence
4676	cushion
4677	join
4678	unfavorable inclination
4679	join
4680	prejudice
4681	join
4682	stumbling
4683	obstacle
4684	strike against
4685	roll up in front of
4686	worship
4687	worshiper
4688	speak to
4689	take hold of
4690	reply
4691	acceptance
4692	acceptance
4693	stay on
4694	moor
4695	owe in return
4696	be angry
4697	strike against
4698	hungry
4699	crucify
4700	prostrate oneself before
4701	act.
4702	approach
4703	strike against
4704	＠
4705	command
4706	helper
4707	continue
4708	run up to
4709	a fish
4710	new
4711	recently
4712	behave toward
4713	pleasing
4714	sacrifice
4715	address
4716	be glad
4717	pouring
4718	touch
4719	be partial
4720	respecter of persons
4721	partiality
4722	＠
4723	＠
4724	＠
4725	face
4726	determine beforehand
4727	stretch out
4728	before
4729	plan beforehand
4730	urge on
4731	run in front of
4732	＠
4733	pretense
4734	produce
4735	inspired utterance
4736	speak inspired utterances
4737	prophet
4738	prophetic
4739	prophetess
4740	anticipate
4741	choose in advance
4742	choose in advance
4743	Prochorus
4744	＠
4745	early in the morning
4746	an early morning
4747	＠
4748	early
4749	bow
4750	have first place
4751	seat of honor
4752	seat of honor
4753	the first martyr
4754	before
4755	first
4756	ringleader
4757	birthright
4758	birthright
4759	first(ly)
4760	sin
4761	heel
4762	pinnacle
4763	wing
4764	winged
4765	be terrified
4766	something alarming
4767	Ptolemais
4768	winnowing tool
4769	be afraid
4770	saliva
4771	roll up
4772	spit
4773	corpse
4774	destruction
4775	poverty
4776	become poor
4777	poor
4778	fist
4779	Pythius
4780	often
4781	often
4782	box
4783	gate, door
4784	door, gate
4785	inquire
4786	fire
4787	bonfire
4788	watch tower
4789	have a fever
4790	fever
4791	fiery red
4792	be on fire
4793	be fiery red
4794	fiery red
4795	Pyrrhus
4796	burning
4797	sell
4798	foal
4799	ever
4800	have closed mind
4801	stubbornness
4802	how?
4803	somehow
4804	＠
4805	Rahab
4806	teacher
4807	Rabboni
4808	my teacher
4809	＠
4810	beat with a stick
4811	stick
4812	policeman
4813	little girl
4814	Reu
4815	wrongdoing
4816	wrongdoing
4817	sprinkle
4818	Rephan
4819	fool
4820	cloth patch
4821	Ramah
4822	sprinkle
4823	a sprinkling
4824	strike
4825	a blow
4826	throw down
4827	a needle
4828	fool
4829	Rahab
4830	Rachel
4831	Rebecca
4832	carriage
4833	Remphan
4834	Rephan
4835	flow
4836	Rhegium
4837	destruction
4838	rip
4839	word
4840	Rhesa
4841	＠
4842	lawyer
4843	thusly
4844	root
4845	be strengthened
4846	blinking of an eyelid
4847	be tossed about
4848	wave
4849	throw
4850	Rehoboam
4851	Rhoda
4852	Rhodes
4853	with a shrill noise
4854	Rompha
4855	sword
4856	a downward movement
4857	Reuben
4858	Ruth
4859	Rufus
4860	narrow street
4861	rescue
4862	be morally impure
4863	be defiled
4864	moral impurity
4865	dirty
4866	dirt
4867	defile
4868	flow
4869	a wrinkle
4870	Latin
4871	a Roman
4872	in
4873	Rome
4874	fare well
4875	＠
4876	you forsake me
4877	Almighty
4878	Sabbath rest
4879	Sabbath
4880	seine net
4881	a Sadducee
4882	Zadok
4883	give up belief
4884	sackcloth
4885	Shelah
4886	Shealtiel
4887	Salamis
4888	be distressed
4889	Salem
4890	Salim
4891	Salmon
4892	Salmone
4893	surging waves
4894	trumpet
4895	play the trumpet
4896	trumpeter
4897	Salome
4898	Solomon
4899	Samaria
4900	＠
4901	a Samaritan
4902	a Samaritan
4903	Samothrace
4904	Samos
4905	Samuel
4906	Sepphoris
4907	Samson
4908	sandal
4909	plank
4910	Saul
4911	bad
4912	Sapphira
4913	a sapphire stone
4914	basket
4915	Sardis
4916	carnelian
4917	carnelian
4918	sardonyx
4919	Zarephath
4920	human
4921	of people
4922	flesh
4923	Saruch
4924	sweep
4925	Sarah
4926	Sharon
4927	Satan
4928	satan
4929	seah
4930	Saul
4931	stop burning
4932	yourself
4933	worship
4934	sanctuary
4935	Imperial
4936	worship
4937	chain
4938	pit
4939	earthquake
4940	shake
4941	Secundus
4942	Seleucia
4943	moon
4944	be an epileptic
4945	Semei
4946	Semein
4947	finely ground flour
4948	honorable
4949	propriety
4950	Sergius
4951	＠
4952	Serug
4953	Seth
4954	Shem
4955	make clear
4956	sign
4957	take note of
4958	today
4959	＠
4960	decay
4961	＠
4962	moth larvae
4963	moth-eaten
4964	make more able
4965	cheek
4966	be disturbed
4967	keep quiet about
4968	silence
4969	＠
4970	iron
4971	made of iron
4972	Sidon
4973	Sidonian
4974	terrorist
4975	beer
4976	Silas
4977	Silvanus
4978	Siloam
4979	Simaias
4980	worker&rsquo;s smock
4981	Simon
4982	Sinai
4983	mustard plant
4984	linen cloth
4985	sift
4986	silken
4987	deep hole
4988	grain fed yearling
4989	grain
4990	grain fed cattle
4991	food ration
4992	wheat (seed)
4993	＠
4994	Zion
4995	be silent
4996	in private
4997	cease believing
4998	trap
4999	dig
5000	Scariot
5001	Scariot
5002	small boat
5003	leg
5004	clothing
5005	Sceva
5006	equipment
5007	object
5008	tent
5009	Festival of the Tents
5010	leather worker
5011	body
5012	take up residence
5013	dwelling
5014	shade
5015	jump for joy
5016	stubbornness
5017	violent
5018	stubbornness
5019	stubborn
5020	be stubborn
5021	crooked
5022	＠
5023	notice carefully
5024	goal
5025	scatter
5026	scorpion
5027	the dark
5028	darkness
5029	become dark
5030	darkness
5031	become dark
5032	rubbish
5033	a Scythian
5034	sad
5035	be troubled
5036	booty
5037	being eaten by worms
5038	maggot
5039	made of emerald
5040	emerald
5041	perfumed ointment
5042	mixture
5043	myrrh
5044	Smyrna
5045	a Smyrnaean
5046	＠
5047	Sodom
5048	Solomon
5049	bier
5050	your
5051	a piece of cloth
5052	Susanna
5053	wisdom
5054	know how to contrive cleverly
5055	skillful
5056	Spain
5057	throw into a fit
5058	clothe in swaddling cloth
5059	live indulgently
5060	pull
5061	band of soldiers
5062	sow seed
5063	courier
5064	pour libation
5065	seed
5066	ignorant show-off
5067	do quickly
5068	cave
5069	hidden danger
5070	spot
5071	spot
5072	feel compassion for
5073	intestines
5074	sponge
5075	ashes
5076	parentage
5077	what is sown
5078	seed
5079	do quickly
5080	eager
5081	eagerly
5082	do quickly
5083	large basket
5084	arena
5085	jar
5086	rebel
5087	rebellion
5088	coin
5089	a cross
5090	crucify
5091	a bunch of grapes
5092	head of wheat
5093	Stachys
5094	roof
5095	endure
5096	barrenness
5097	avoid
5098	wreath
5099	a groan
5100	groan
5101	narrow
5102	be restricted
5103	distress
5104	solid
5105	make strong
5106	firmness
5107	Stephanas
5108	Stephen
5109	wreath
5110	give a prize
5111	chest
5112	stand
5113	place of safety
5114	strengthen
5115	leafy branch
5116	scar
5117	a moment
5118	glisten
5119	porch
5120	＠
5121	a Stoic
5122	natural substances
5123	behave
5124	a long
5125	mouth
5126	stomach
5127	warfare
5128	army
5129	engage in war
5130	magistrate
5131	＠
5132	soldier
5133	enlist soldiers
5134	＠
5135	camp commander
5136	army
5137	misinterpret
5138	turn around
5139	live sensually
5140	sensual living
5141	sparrow
5142	＠
5143	spread out
5144	hated
5145	become dark and gloomy
5146	pillar
5147	＠
5148	you, your
5149	relative
5150	relative
5151	a
5152	permission
5153	sit down with
5154	sit down with
5155	join in suffering
5156	join in suffering
5157	call together
5158	conceal
5159	＠
5160	come/go down with
5161	joint agreement
5162	agree
5163	agree together
5164	count
5165	recline together
5166	fit together
5167	stir up
5168	catch fish
5169	fellow receiver
5170	associate with
5171	partner
5172	bury
5173	compare
5174	be doubled up
5175	by coincidence
5176	rejoice with
5177	cause consternation
5178	associate with
5179	＠
5180	uproar
5181	permit
5182	live with
5183	join together marriage
5184	dispute
5185	dispute
5186	debater
5187	fellow-worker
5188	raise to life with
5189	mulberry tree
5190	fig tree
5191	＠
5192	fig
5193	make false charges
5194	take control of
5195	rob
5196	talk with
5197	join in helping
5198	pick
5199	talk with
5200	feel sorry for
5201	happen
5202	help
5203	reign with
5204	unite
5205	plan against
5206	planning against
5207	adviser
5208	Simeon
5209	fellow disciple
5210	testify in support
5211	share with
5212	sharer
5213	joint imitator
5214	have same likeness
5215	similar in form
5216	give the same form
5217	suffer with
5218	sympathetic
5219	come together
5220	be encouraged together
5221	take/bring along with
5222	stay with
5223	be present with
5224	join in suffering
5225	send with
5226	surround
5227	embrace
5228	drink together
5229	collapse
5230	be swamped
5231	cause plants to die
5232	fellow citizen
5233	go with
5234	a common meal
5235	eating groups
5236	fellow elder
5237	gather together
5238	agree with
5239	beneficial
5240	burden together with others
5241	fellow countryman
5242	be one with
5243	grow up with
5244	agree with
5245	agreement
5246	music
5247	mutual consenting
5248	calculate
5249	harmonious
5250	with
5251	come together
5252	assembly
5253	join fervently in
5254	work with someone
5255	gather together
5256	settle money accounts
5257	fellow prisoner
5258	accompany
5259	eat with
5260	be made captive together with
5261	reconcile
5262	come/go up with
5263	associate in eating
5264	associate with
5265	rest with
5266	associate with
5267	happen
5268	a meeting
5269	join in helping
5270	be lead astray with
5271	die with
5272	perish with
5273	send with
5274	fit together
5275	seize
5276	spend the night with
5277	grow with
5278	bond
5279	be in prison with
5280	be honored with
5281	fellow slave
5282	a running together
5283	raise to life with
5284	city council
5285	ruler
5286	a member of the council
5287	be aware of
5288	＠
5289	be with
5290	come together
5291	enter with
5292	traveling companion
5293	chosen together with
5294	go out with
5295	force
5296	witness with
5297	fellow overseer
5298	join in attack
5299	accompany
5300	work together with
5301	fellow worker
5302	come together
5303	eat together
5304	what is understood
5305	intelligent
5306	agree
5307	feast together
5308	join in an attack
5309	experience
5310	rejoice in
5311	custom
5312	contemporary
5313	bury together with
5314	break into pieces
5315	crowd against
5316	＠
5317	understand
5318	＠
5319	stand with
5320	＠
5321	travel with
5322	group of travellers
5323	be aware of
5324	live with
5325	be built up together
5326	talk with
5327	be next to
5328	learn about
5329	neighboring country
5330	distress
5331	throw into confusion
5332	command
5333	end
5334	complete
5335	end
5336	one who follows the same trade
5337	preserve
5338	agree together
5339	briefly
5340	run together
5341	break into pieces
5342	destruction
5343	foster brother
5344	come near to
5345	Syntyche
5346	occurrence
5347	pretend together
5348	join in helping
5349	suffer together
5350	conspiracy
5351	Syrian woman
5352	Syracuse
5353	Syria
5354	a Syrian
5355	Syrophoenician
5356	＠
5357	dash
5358	the Syrtis
5359	pull
5360	throw into a fit
5361	signal
5362	being a co-member of a body
5363	a fellow insurrectionist
5364	commendatory
5365	crucify with
5366	draw to a close
5367	groan together
5368	correspond to
5369	fellow struggler
5370	come together
5371	revolt
5372	shape one&rsquo;s behavior
5373	Sychar
5374	Shechem the place
5375	slaughter
5376	sacrifice
5377	slaughter
5378	slip
5379	exceedingly
5380	exceedingly
5381	put a seal on
5382	signet
5383	ankle
5384	ankle
5385	almost
5386	form
5387	split
5388	tear
5389	ropes
5390	give time to
5391	lecture hall
5392	rescue
5393	body
5394	bodily
5395	bodily
5396	Sopater
5397	be engaged in
5398	Sosthenes
5399	Sosipater
5400	rescuer
5401	deliverance
5402	salvation
5403	saving
5404	be sane
5405	teach
5406	sound judgment
5407	moderately
5408	sound judgment
5409	moderate
5410	＠
5411	＠
5412	Tabitha
5413	order
5414	determined
5415	be sorrowful
5416	hardship
5417	wretched
5418	weighing a talent
5419	a talent of money
5420	little girl
5421	inner room
5422	＠
5423	sequence
5424	downhearted
5425	humility
5426	humility
5427	make low
5428	humility
5429	stir up
5430	movement
5431	commotion
5432	one from Tarsus
5433	Tarsus
5434	cast into hell
5435	assign
5436	bull
5437	＠
5438	burial place
5439	grave
5440	perhaps
5441	quickly
5442	swift
5443	quickly
5444	swift
5445	and
5446	city wall
5447	convincing proof
5448	child
5449	bear children
5450	bearing children
5451	child
5452	rear a child
5453	bear a child
5454	builder
5455	genuine
5456	maturity
5457	make perfect
5458	completely
5459	causing perfection
5460	perfecter
5461	bear ripe fruit
5462	die
5463	death
5464	complete
5465	end
5466	＠
5467	tax collector
5468	tax office
5469	portent
5470	Tertius
5471	Tertullus
5472	Tertullus
5473	＠
5474	＠
5475	four
5476	fourteenth
5477	forty
5478	a period of forty years
5479	the fourth day
5480	fourth
5481	a square
5482	a squad of four soldiers
5483	four thousand
5484	four hundred
5485	four-month period
5486	＠
5487	four times
5488	four-footed
5489	be a tetrarch
5490	tetrarch
5491	reduce to ashes
5492	craft
5493	craftsman
5494	become liquid
5495	clearly
5496	so great
5497	then
5498	keep on
5499	custody
5500	Tiberias
5501	Tiberius
5502	put
5503	give birth
5504	pick
5505	Timaeus
5506	honor
5507	honor
5508	precious
5509	wealth
5510	Timothy
5511	Timon
5512	punish
5513	punishment
5514	experience something bad
5515	who? what?
5516	someone, something
5517	Titius
5518	inscription
5519	Titus
5520	surely
5521	therefore
5522	＠
5523	therefore
5524	of such a kind
5525	like that
5526	wall
5527	interest
5528	dare
5529	＠
5530	rather boldly
5531	rather boldly
5532	a daring person
5533	sharper
5534	a bow
5535	topaz
5536	place
5537	so many
5538	then
5539	＠
5540	＠
5541	＠
5542	＠
5543	male goat
5544	table
5545	banker
5546	wounds
5547	hurt
5548	be easily known
5549	a neck
5550	rough
5551	Trachonitis
5552	three
5553	Three Taverns
5554	tremble
5555	provide food for
5556	run
5557	eye of needle
5558	thirty
5559	the number three hundred
5560	thorn plant
5561	path
5562	three-year period
5563	the teeth
5564	three months
5565	three times
5566	third story of a building
5567	the number three thousand
5568	for the third time
5569	third
5570	hairy
5571	trembling
5572	turning
5573	manner
5574	put up with
5575	food
5576	Trophimus
5577	nursing foster mother
5578	take care of
5579	behave correctly
5580	course
5581	a bowl
5582	gather or pick
5583	dove
5584	eye of a needle
5585	eye of a needle
5586	Tryphaena
5587	revel
5588	reveling
5589	Tryphosa
5590	Troas
5591	Trogyllium
5592	eat
5593	experience
5594	torture
5595	as an example
5596	visible scar
5597	strike
5598	Tyrannus
5599	despotic ruler
5600	be upset
5601	a Tyrian
5602	Tyre
5603	blind
5604	make to not understand
5605	be extremely proud
5606	smolder
5607	of a strong wind
5608	Tychicus
5609	＠
5610	blue
5611	hyacinth
5612	of glass
5613	glass
5614	maltreat
5615	maltreatment
5616	insolent person
5617	be healthy
5618	healthy
5619	wet
5620	pitcher
5621	drink water
5622	suffering from dropsy
5623	water
5624	rain
5625	adoption
5626	son
5627	forest
5628	Hymenaeus
5629	your
5630	sing a hymn
5631	hymn
5632	move along
5633	obedience
5634	obey
5635	married
5636	draw near
5637	drawing near
5638	possessions
5639	be
5640	obey
5641	hostile
5642	for the sake of
5643	be overly proud
5644	past one&rsquo;s prime
5645	above
5646	protect
5647	increase greatly
5648	sin against
5649	extremely
5650	be far more
5651	extra-ordinary
5652	even more
5653	＠
5654	beyond
5655	most earnestly
5656	beyond all measure
5657	over-extend
5658	overflow
5659	intercede
5660	surpass in value
5661	arrogance
5662	arrogant
5663	exceedingly
5664	have complete triumph
5665	boastful
5666	disregard
5667	high-sounding words
5668	be more abundant
5669	extremely
5670	be more than
5671	give exceptional honor
5672	be arrogant
5673	upstairs room
5674	experience
5675	being obedient
5676	serve
5677	servant
5678	sleep
5679	under
5680	bribe
5681	example
5682	example
5683	make known
5684	＠
5685	welcome
5686	put on sandals
5687	sandals
5688	liable to judgment
5689	pack animal
5690	brace a ship
5691	under
5692	lie underneath or in
5693	pretend
5694	pretense
5695	pretender
5696	take up
5697	window
5698	remnant
5699	be left behind
5700	wine trough
5701	leave behind
5702	resist
5703	remember
5704	reminder
5705	endurance
5706	suspect
5707	suspicion
5708	keep down
5709	sail under shelter of
5710	blow gently
5711	footstool
5712	substance
5713	avoid
5714	shrinking back
5715	return
5716	spread out clothing underneath
5717	obedience
5718	obey, be obedient
5719	instruct
5720	sail under shelter of
5721	example
5722	endure
5723	withdraw
5724	annoy
5725	a sow pig
5726	hyssop
5727	＠
5728	be in need
5729	need
5730	need
5731	the second one
5732	weave
5733	woven
5734	tall
5735	be arrogant
5736	the world above
5737	height
5738	lift up
5739	world above
5740	＠
5741	glutton
5742	cloak
5743	become visible
5744	Peleg
5745	widely known
5746	cause to be seen
5747	publicly
5748	revelation
5749	lantern
5750	Phanuel
5751	appear
5752	pomp
5753	ghost
5754	ravine
5755	Pharaoh
5756	Perez
5757	Pharisee
5758	sorcery
5759	sorcerer
5760	sorcery
5761	sorcerer
5762	report
5763	declare
5764	feed box
5765	bad
5766	light
5767	spare
5768	sparingly
5769	＠
5770	move
5771	flee
5772	Felix
5773	report
5774	tell
5775	spread news
5776	Festus
5777	come to
5778	mortal
5779	speak
5780	destroy
5781	late autumn
5782	sound
5783	be jealous
5784	jealousy
5785	destruction
5786	bowl
5787	liking what is good
5788	Philadelphia
5789	love for fellow believer
5790	one who loves fellow believers
5791	loving one&rsquo;s husband
5792	affection for people
5793	friendly
5794	love of money
5795	being fond of or loving money
5796	selfish love
5797	love
5798	loving pleasure
5799	kiss
5800	Philemon
5801	Philetus
5802	love
5803	a Philippian
5804	Philippi
5805	Philip
5806	loving God
5807	Philologus
5808	readiness to quarrel
5809	quarrelsome
5810	hospitality
5811	hospitable
5812	desire to be first
5813	friend
5814	human wisdom
5815	philosopher
5816	being very affectionate
5817	loving one&rsquo;s children
5818	aspire to a goal
5819	friendly
5820	kind
5821	say nothing
5822	beat with a whip
5823	Phlegon
5824	ignite
5825	flame
5826	talk nonsense
5827	gossipy
5828	be afraid
5829	fearful
5830	＠
5831	fearful thing
5832	fear
5833	Phoebe
5834	Phoenicia
5835	＠
5836	palm branch
5837	Phoenix
5838	murderer
5839	commit murder
5840	murder
5841	wear
5842	forum
5843	tribute
5844	cause to carry
5845	load
5846	cargo
5847	Fortunatus
5848	a whip
5849	beat with a whip
5850	fence
5851	explain
5852	cause to cease
5853	well of water
5854	deceive
5855	deceiver
5856	thinking
5857	be extremely afraid
5858	have attitude
5859	mind
5860	thinking
5861	wise
5862	wisely
5863	keep thinking about
5864	guard against
5865	rave
5866	firewood
5867	Phrygia
5868	be a fugitive
5869	Phygelus
5870	flight
5871	prison
5872	imprison
5873	phylactery
5874	guard
5875	keep away from
5876	tribe
5877	leaf
5878	lump of clay
5879	natural
5880	by nature
5881	be proud
5882	nature
5883	pride
5884	a plant
5885	plant
5886	grow up
5887	den
5888	call
5889	sound
5890	light
5891	star
5892	morning star
5893	full of light
5894	shine upon
5895	truth
5896	＠
5897	rejoice
5898	hailstorm
5899	let down
5900	a Chaldean
5901	troublous
5902	exercise self-control
5903	horse harness assembly
5904	bridle
5905	＠
5906	metalworker
5907	agate
5908	bronze vessel
5909	fine bronze
5910	bronze
5911	made of bronze
5912	on the ground
5913	Canaan
5914	Canaanite
5915	gladness
5916	mark
5917	exact representation
5918	barricade
5919	give generously
5920	because of
5921	kindness
5922	a gracious gift
5923	show kindness
5924	Haran
5925	sheet of paper
5926	chasm
5927	shore
5928	undergo bad weather
5929	winter stream
5930	winter
5931	hand
5932	lead by hand
5933	guide
5934	record of debts
5935	man-made
5936	choose
5937	very bad
5938	winged creature
5939	widow
5940	yesterday
5941	commanding officer
5942	group of a thousand
5943	the number one thousand
5944	Chios
5945	tunic
5946	snow
5947	＠
5948	cloak
5949	joke at
5950	lukewarm
5951	Chloe
5952	light green
5953	＠
5954	made of dust
5955	quart
5956	pig
5957	be very angry
5958	gall
5959	＠
5960	Chorazin
5961	provide for
5962	dancing
5963	eat one&rsquo;s fill
5964	food
5965	grass
5966	Chuza
5967	dust
5968	behave toward
5969	＠
5970	what is needed
5971	debtor
5972	a debtor
5973	should
5974	need
5975	riches
5976	reveal divine message
5977	divine revelation
5978	useful
5979	sexual function
5980	be kind
5981	attractive speech
5982	good
5983	benevolence
5984	assignment
5985	Christian
5986	Messiah
5987	assign
5988	be late
5989	time
5990	spend time
5991	＠
5992	gold
5993	wearing a gold ring
5994	chrysolite
5995	chrysoprase;
5996	gold
5997	golden
5998	be adorned with gold
5999	skin
6000	lame
6001	land
6002	Korazin
6003	move on
6004	separate
6005	field
6006	without
6007	a division
6008	the northwest
6009	＠
6010	sing praises
6011	song of praise
6012	false fellow believer
6013	false apostle
6014	liar
6015	false teacher
6016	liar
6017	lie
6018	give false witness
6019	false testimony
6020	false witness
6021	false prophet
6022	a lie
6023	false Christ
6024	＠
6025	a lie
6026	liar
6027	touch
6028	calculate
6029	pebble
6030	gossip
6031	gossiper
6032	crumb
6033	crumb
6034	inner self
6035	physical
6036	cold
6037	being cold
6038	diminish greatly
6039	give to eat
6040	piece of bread
6041	rub
6042	last
6043	O!, Oh!
6044	Obed
6045	here
6046	song
6047	birth pains
6048	have birth pains
6049	shoulder
6050	buy
6051	egg
6052	occasion
6053	beautiful
6054	roar
6055	like
6056	as if
6057	Hosanna!
6058	in the same way
6059	like
6060	Hosea
6061	just as
6062	just as
6063	as a result
6064	an ear
6065	an ear
6066	benefit
6067	help
6068	beneficial
7000	there
7005	@
7007	@
