G70001	aaron 
G70002	avaððon 
G70003	avariys 
G70004	avva 
G70005	avel 
G70006	aviya 
G70007	aviyaθar 
G70008	aviyliyniy 
G70009	aviyuð 
G70010	avraam 
G70011	aviyssos 
G70012	agavos 
G70013	agaθoeryeo 
G70014	agaθopiyeo 
G70015	agaθopiyiya 
G70016	agaθopiyos 
G70017	agaθos 
G70018	agaθuryeo 
G70019	agaθosiyniy 
G70020	agalliyasiys 
G70021	agalliyao 
G70022	agamos 
G70023	aganakteo 
G70024	aganaktiysiys 
G70025	agapao 
G70026	agapiy 
G70027	agapiytos 
G70028	agar 
G70029	anggarevo 
G70030	anggiyon 
G70031	anggeliya 
G70032	anggello 
G70033	anggelos 
G70034	anggos 
G70035	aye 
G70036	ayeliy 
G70037	ayenealoyiytos 
G70038	ayeniys 
G70039	ayiyazo 
G70040	ayiyazmos 
G70041	ayiyos 
G70042	ayiyotiys 
G70043	ayiyosiyniy 
G70044	anggaliy 
G70045	anggiystron 
G70046	anggiyra 
G70047	agnafos 
G70048	agniya 
G70049	agniyzo 
G70050	agniyzmos 
G70051	agnoeo 
G70052	agniyma 
G70053	agniya 
G70054	agnos 
G70055	agnotiys 
G70056	agnos 
G70057	agnosiya 
G70058	agnostos 
G70059	agora 
G70060	agorazo 
G70061	agoreos 
G70062	agra 
G70063	agrammatos 
G70064	agravleo 
G70065	agrevo 
G70066	agriyeleos 
G70067	agriyos 
G70068	agriyppas 
G70069	agros 
G70070	agriypneo 
G70071	agriypniya 
G70072	ago 
G70073	agoyiy 
G70074	agon 
G70075	agoniya 
G70076	agoniyzome 
G70077	aðam 
G70078	aðapanos 
G70079	aððiy 
G70080	aðelfiy 
G70081	aðelfos 
G70082	aðelfotiys 
G70083	aðiylos 
G70084	aðiylotiys 
G70085	aðiylos 
G70086	aðiymoneo 
G70087	aðiys 
G70088	aðiyakriytos 
G70089	aðiyaliyptos 
G70090	aðiyaliyptos 
G70091	aðiykeo 
G70092	aðiykiyma 
G70093	aðiykiya 
G70094	aðiykos 
G70095	aðiykos 
G70096	aðmiyn 
G70097	aðokiymos 
G70098	aðolos 
G70099	aðramiyttiynos 
G70100	aðriyas 
G70101	aðrotiys 
G70102	aðiynateo 
G70103	aðiynatos 
G70104	aðo 
G70105	aiy 
G70106	aetos 
G70107	aziymos 
G70108	azor 
G70109	azotos 
G70110	er 
G70111	aθanasiya 
G70112	aθemiytos 
G70113	aθeos 
G70114	aθezmos 
G70115	aθeteo 
G70116	aθetiysiys 
G70117	aθiyne 
G70118	aθiyneos 
G70119	aθleo 
G70120	aθliysiys 
G70121	aθriyzo 
G70122	aθiymeo 
G70123	aθoos 
G70124	eyiyos 
G70125	eyiyalos 
G70126	eyiyptiyos 
G70127	eyiyptos 
G70128	aiyðiyos 
G70129	eðos 
G70130	eθiyops 
G70131	ema 
G70132	ematekkhiysiya 
G70133	emorroeo 
G70134	eneas 
G70135	enesiys 
G70136	eneo 
G70137	eniygma 
G70138	enos 
G70139	enon 
G70140	ereome 
G70141	eresiys 
G70142	eretiyzo 
G70143	eretiykos 
G70144	ero 
G70145	esθanome 
G70146	esθiysiys 
G70147	esθiytiyriyon 
G70148	eskhrokerðiys 
G70149	eskhrokerðos 
G70150	eskhroloyiya 
G70151	eskhros 
G70152	eskhrotiys 
G70153	eskhiyniy 
G70154	eskhiynome 
G70155	eteo 
G70156	etiyma 
G70157	etiya 
G70158	etiyon 
G70159	etiyos 
G70160	etiyoma 
G70161	efniyðiyos 
G70162	ekhmalosiya 
G70163	ekhmalotevo 
G70164	ekhmalotiyzo 
G70165	ekhmalotos 
G70166	eon 
G70167	eoniyos 
G70168	akaθarsiya 
G70169	akaθartos 
G70170	akereome 
G70171	akeros 
G70172	akakos 
G70173	akanθa 
G70174	akanθiynos 
G70175	akarpos 
G70176	akatagnostos 
G70177	akatakaliyptos 
G70178	akatakriytos 
G70179	akataliytos 
G70180	akatapafstos 
G70181	akatastasiya 
G70182	akatastatos 
G70183	akelðamakh 
G70184	akereos 
G70185	akliyniys 
G70186	akmazo 
G70187	akmiyn 
G70188	akiy 
G70189	akoluθeo 
G70190	akuo 
G70191	akrasiya 
G70192	akratiys 
G70193	akratos 
G70194	akriyviya 
G70195	akriyvesteron 
G70196	akriyviys 
G70197	akriyvoo 
G70198	akriyvos 
G70199	akriys 
G70200	akroatiyriyon 
G70201	akroatiys 
G70202	akroviystiya 
G70203	akrogoniyeos 
G70204	akroθiyniyon 
G70205	akron 
G70206	akiylas 
G70207	akiyroo 
G70208	akoliytos 
G70209	akon 
G70210	ala 
G70211	alavastron 
G70212	alavastros 
G70213	alazoniya 
G70214	alazon 
G70215	alalazo 
G70216	alaliytos 
G70217	alalos 
G70218	alas 
G70219	aliyfo 
G70220	alektorofoniya 
G70221	alektor 
G70222	aleksanðrefs 
G70223	aleksanðriynos 
G70224	aleksanðros 
G70225	alevron 
G70226	aliyθiya 
G70227	aliyθevo 
G70228	aliyθiys 
G70229	aliyθiynos 
G70230	aliyθo 
G70231	aliyθos 
G70232	aliyefs 
G70233	aliyevo 
G70234	aliyzo 
G70235	aliyzyiyma 
G70236	alla 
G70237	allasso 
G70238	allakhoθen 
G70239	allakhu 
G70240	alliygoreo 
G70241	alliyluiya 
G70242	alliylon 
G70243	alloyeniys 
G70244	allome 
G70245	allos 
G70246	allotriyepiyskopos 
G70247	allotriyos 
G70248	allofiylos 
G70249	allos 
G70250	aloao 
G70251	alogos 
G70252	aliy 
G70253	aliykos 
G70254	aliypoteros 
G70255	aliysiys 
G70256	aliysiyteliys 
G70257	alfa 
G70258	alfeos 
G70259	alon 
G70260	alopiyks 
G70261	alosiys 
G70262	ama 
G70263	amaθiys 
G70264	amarantiynos 
G70265	amarantos 
G70266	amartano 
G70267	amartiyma 
G70268	amartiya 
G70269	amartiyros 
G70270	amartolos 
G70271	amakhos 
G70272	amao 
G70273	ameθiystos 
G70274	ameleo 
G70275	amemptos 
G70276	amemptos 
G70277	ameriymnos 
G70278	ametaθetos 
G70279	ametakiyniytos 
G70280	ametameliytos 
G70281	ametaniytos 
G70282	ametros 
G70283	amiyn 
G70284	amiytor 
G70285	amiyantos 
G70286	amiynaðav 
G70287	ammos 
G70288	amnos 
G70289	amiyviy 
G70290	ampelos 
G70291	ampelurgos 
G70292	ampelon 
G70293	ampliyatos 
G70294	amiynome 
G70295	amfiyazo 
G70296	amfiyvallo 
G70297	amfiyvliystron 
G70298	amfiyenniymiy 
G70299	amfiypoliys 
G70300	amfoðon 
G70301	amfoteriy 
G70302	amomiytos 
G70303	amomon 
G70304	amomos 
G70305	amos 
G70306	an 
G70307	ana 
G70308	anavaθmos 
G70309	anaveno 
G70310	anavallome 
G70311	anaviyvazo 
G70312	anavlepo 
G70313	anavlepsiys 
G70314	anavoao 
G70315	anavoliy 
G70316	anayeon 
G70317	ananggello 
G70318	anayennao 
G70319	anayiynosko 
G70320	ananggazo 
G70321	ananggeos 
G70322	ananggastos 
G70323	ananggiy 
G70324	anagnoriyzome 
G70325	anagnosiys 
G70326	anago 
G70327	anaðiykniymiy 
G70328	anaðiyksiys 
G70329	anaðekhome 
G70330	anaðiyðomiy 
G70331	anazao 
G70332	anaziyteo 
G70333	anazonniymiy 
G70334	anazopiyreo 
G70335	anaθallo 
G70336	anaθema 
G70337	anaθematiyzo 
G70338	anaθeoreo 
G70339	aneðiya 
G70340	aneresiys 
G70341	anereo 
G70342	anetiyos 
G70343	anakaθiyzo 
G70344	anakeniyzo 
G70345	anakenoo 
G70346	anakenosiys 
G70347	anakaliypto 
G70348	anakampto 
G70349	anakiyme 
G70350	anakefaleoo 
G70351	anakliyno 
G70352	anakrazo 
G70353	anakriyno 
G70354	anakriysiys 
G70355	anakiypto 
G70356	analamvano 
G70357	analiympsiys 
G70358	analiysko 
G70359	analoyiya 
G70360	analoyiyzome 
G70361	analos 
G70362	analiysiys 
G70363	analiyo 
G70364	anameno 
G70365	anamiymniysko 
G70366	anamniysiys 
G70367	ananeoo 
G70368	ananiyfo 
G70369	ananiyas 
G70370	anantiyrriytos 
G70371	anantiyrriytos 
G70372	anaksiyos 
G70373	anaksiyos 
G70374	anapafsiys 
G70375	anapavo 
G70376	anapiyθo 
G70377	anapempo 
G70378	anapiyðao 
G70379	anapiyros 
G70380	anapiypto 
G70381	anapliyroo 
G70382	anapoloyiytos 
G70383	anaptiysso 
G70384	anapto 
G70385	anariyθmiytos 
G70386	anasiyo 
G70387	anaskevazo 
G70388	anaspao 
G70389	anastasiys 
G70390	anastatoo 
G70391	anastavroo 
G70392	anastenazo 
G70393	anastrefo 
G70394	anastrofiy 
G70395	anatassome 
G70396	anatello 
G70397	anatiyθeme 
G70398	anatoliy 
G70399	anatrepo 
G70400	anatrefo 
G70401	anafeno 
G70402	anafero 
G70403	anafoneo 
G70404	anakhiysiys 
G70405	anakhoreo 
G70406	anapsiyksiys 
G70407	anapsiykho 
G70408	anðrapoðiystiys 
G70409	anðreas 
G70410	anðriyzome 
G70411	anðroniykos 
G70412	anðrofonos 
G70413	anenggliytos 
G70414	anekðiyiyyiytos 
G70415	aneklaliytos 
G70416	anekliyptos 
G70417	anektos 
G70418	aneliymon 
G70419	aneleos 
G70420	anemiyzome 
G70421	anemos 
G70422	anenðektos 
G70423	anekseravniytos 
G70424	aneksiykakos 
G70425	aneksiykhniyastos 
G70426	anepeskhiyntos 
G70427	anepiyliymptos 
G70428	anerkhome 
G70429	anesiys 
G70430	anetazo 
G70431	anev 
G70432	anefθetos 
G70433	anevriysko 
G70434	anekhome 
G70435	anepsiyos 
G70436	aniyθon 
G70437	aniyko 
G70438	aniymeros 
G70439	aniyr 
G70440	anθiystiymiy 
G70441	anθomoloyeome 
G70442	anθos 
G70443	anθrakiya 
G70444	anθraks 
G70445	anθropareskos 
G70446	anθropiynos 
G70447	anθropoktonos 
G70448	anθropos 
G70449	anθiypatos 
G70450	aniyiymiy 
G70451	aniyptos 
G70452	aniystiymiy 
G70453	anna 
G70454	annas 
G70455	aniytos 
G70456	aniya 
G70457	aniygo 
G70458	aniykoðomeo 
G70459	aniyksiys 
G70460	anomiya 
G70461	anomos 
G70462	anomos 
G70463	anorθoo 
G70464	anosiyos 
G70465	anokhiy 
G70466	antagoniyzome 
G70467	antallagma 
G70468	antanapliyroo 
G70469	antapoðiyðomiy 
G70470	antapoðoma 
G70471	antapoðosiys 
G70472	antapokriynome 
G70473	antekhome 
G70474	antiy 
G70475	antiyvallo 
G70476	antiyðiyatiyθeme 
G70477	antiyðiykos 
G70478	antiyθesiys 
G70479	antiykaθiystiymiy 
G70480	antiykaleo 
G70481	antiykiyme 
G70482	antiykriys 
G70483	antiylamvanome 
G70484	antiylego 
G70485	antiyliympsiys 
G70486	antiyloyiya 
G70487	antiyliyðoreo 
G70488	antiyliytron 
G70489	antiymetreo 
G70490	antiymiysθiya 
G70491	antiyokhiya 
G70492	antiyokhefs 
G70493	antiyparerkhome 
G70494	antiypas 
G70495	antiypatriys 
G70496	antiypera 
G70497	antiypiypto 
G70498	antiystratevome 
G70499	antiytassome 
G70500	antiytiypos 
G70501	antiykhriystos 
G70502	antleo 
G70503	antliyma 
G70504	antofθalmeo 
G70505	aniyðros 
G70506	aniypokriytos 
G70507	aniypotaktos 
G70508	ano 
G70509	anoθen 
G70510	anoteriykos 
G70511	anoteron 
G70512	anoteros 
G70513	anofeliys 
G70514	aksiyniy 
G70515	aksiyos 
G70516	aksiyoo 
G70517	aksiyos 
G70518	aoratos 
G70519	apanggello 
G70520	apangghome 
G70521	apago 
G70522	apeðeftos 
G70523	apero 
G70524	apeteo 
G70525	apalyeo 
G70526	apallasso 
G70527	apallotriyoome 
G70528	apalos 
G70529	apantao 
G70530	apantiysiys 
G70531	apaks 
G70532	aparavatos 
G70533	aparaskevastos 
G70534	aparneome 
G70535	apartiyzmos 
G70536	aparkhiy 
G70537	apas 
G70538	apatao 
G70539	apatiy 
G70540	apator 
G70541	apavgazma 
G70542	apiyθiya 
G70543	apiyθeo 
G70544	apiyθiys 
G70545	apiyleo 
G70546	apiyliy 
G70547	apiymiy 
G70548	apiypon 
G70549	apiyrastos 
G70550	apiyros 
G70551	apekðekhome 
G70552	apekðiyome 
G70553	apekðiysiys 
G70554	apelavno 
G70555	apelegmos 
G70556	apelefθeros 
G70557	apelliys 
G70558	apelpiyzo 
G70559	apenantiy 
G70560	aperantos 
G70561	aperiyspastos 
G70562	aperiytmiytos 
G70563	aperkhome 
G70564	apekho 
G70565	apiysteo 
G70566	apiystiya 
G70567	apiystos 
G70568	aplotiys 
G70569	aplus 
G70570	aplos 
G70571	apo 
G70572	apoveno 
G70573	apovallo 
G70574	apovlepo 
G70575	apovliytos 
G70576	apovoliy 
G70577	apoyiynome 
G70578	apografiy 
G70579	apografo 
G70580	apoðiykniymiy 
G70581	apoðiyksiys 
G70582	apoðekatoo 
G70583	apoðektos 
G70584	apoðekhome 
G70585	apoðiymeo 
G70586	apoðiymos 
G70587	apoðiyðomiy 
G70588	apoðiyoriyzo 
G70589	apoðokiymazo 
G70590	apoðokhiy 
G70591	apoθesiys 
G70592	apoθiykiy 
G70593	apoθiysavriyzo 
G70594	apoθliyvo 
G70595	apoθniysko 
G70596	apokaθiystiymiy 
G70597	apokaliypto 
G70598	apokaliypsiys 
G70599	apokaraðokiya 
G70600	apokatallasso 
G70601	apokatastasiys 
G70602	apokiyme 
G70603	apokefaliyzo 
G70604	apokliyo 
G70605	apokopto 
G70606	apokriyma 
G70607	apokriynome 
G70608	apokriysiys 
G70609	apokriypto 
G70610	apokriyfos 
G70611	apoktiyno 
G70612	apokiyeo 
G70613	apokiyliyo 
G70614	apolamvano 
G70615	apolafsiys 
G70616	apoliypo 
G70617	apolliymiy 
G70618	apolliyon 
G70619	apolloniya 
G70620	apollos 
G70621	apoloyeome 
G70622	apoloyiya 
G70623	apoluome 
G70624	apoliytrosiys 
G70625	apoliyo 
G70626	apomassome 
G70627	aponemo 
G70628	aponiypto 
G70629	apopiypto 
G70630	apoplanao 
G70631	apopleo 
G70632	apopniygo 
G70633	aporeo 
G70634	aporiya 
G70635	aporiypto 
G70636	aporfaniyzo 
G70637	aposkiyazma 
G70638	apospao 
G70639	apostasiya 
G70640	apostasiyon 
G70641	apostegazo 
G70642	apostello 
G70643	apostereo 
G70644	apostoliy 
G70645	apostolos 
G70646	apostomatiyzo 
G70647	apostrefo 
G70648	apostiyyeo 
G70649	aposiynagogos 
G70650	apotassome 
G70651	apoteleo 
G70652	apotiyθiymiy 
G70653	apotiynasso 
G70654	apotiyno 
G70655	apotolmao 
G70656	apotomiya 
G70657	apotomos 
G70658	apotrepome 
G70659	apusiya 
G70660	apofero 
G70661	apofevgo 
G70662	apofθenggome 
G70663	apofortiyzome 
G70664	apokhriysiys 
G70665	apokhoreo 
G70666	apokhoriyzome 
G70667	apopsiykho 
G70668	appiyu 
G70669	aprosiytos 
G70670	aproskopos 
G70671	aprosopoliymptos 
G70672	aptestos 
G70673	apto 
G70674	apfiya 
G70675	apoθeome 
G70676	apoliya 
G70677	ara 
G70678	ara 
G70679	ara 
G70680	araviya 
G70681	aram 
G70682	arafos 
G70683	araps 
G70684	aryeo 
G70685	argos 
G70686	aryiyriyon 
G70687	aryiyrokopos 
G70688	aryiyros 
G70689	aryiyrus 
G70690	ariyos 
G70691	areopayiytiys 
G70692	areskiya 
G70693	aresko 
G70694	arestos 
G70695	aretas 
G70696	aretiy 
G70697	ariyn 
G70698	ariyθmeo 
G70699	ariyθmos 
G70700	ariymaθea 
G70701	ariystarkhos 
G70702	ariystao 
G70703	ariysteros 
G70704	ariystovulos 
G70705	ariyston 
G70706	arketos 
G70707	arkeo 
G70708	arkos 
G70709	arma 
G70710	armayeðon 
G70711	armozome 
G70712	armos 
G70713	arneome 
G70714	arniy 
G70715	arniyon 
G70716	arotriyao 
G70717	arotron 
G70718	arpayiy 
G70719	arpagmos 
G70720	arpazo 
G70721	arpaks 
G70722	arravon 
G70723	arriytos 
G70724	arrostos 
G70725	arsenokiytiys 
G70726	arsiyn 
G70727	artemas 
G70728	artemiys 
G70729	artemon 
G70730	artiy 
G70731	artiyyenniytos 
G70732	artiyos 
G70733	artos 
G70734	artiyo 
G70735	arfaksað 
G70736	arkhanggelos 
G70737	arkheos 
G70738	arkhelaos 
G70739	arkhiy 
G70740	arkhiygos 
G70741	arkhiyeratiykos 
G70742	arkhiyerefs 
G70743	arkhiypiymiyn 
G70744	arkhiyppos 
G70745	arkhiysiynagogos 
G70746	arkhiytekton 
G70747	arkhiyteloniys 
G70748	arkhiytriykliynos 
G70749	arkho 
G70750	arkhon 
G70751	aroma 
G70752	asaleftos 
G70753	asaf 
G70754	azvestos 
G70755	aseviya 
G70756	aseveo 
G70757	aseviys 
G70758	aselyiya 
G70759	asiymos 
G70760	asiyr 
G70761	asθeniya 
G70762	asθeneo 
G70763	asθeniyma 
G70764	asθeniys 
G70765	asiya 
G70766	asiyanos 
G70767	asiyarkhiys 
G70768	asiytiya 
G70769	asiytos 
G70770	askeo 
G70771	askos 
G70772	azmenos 
G70773	asofos 
G70774	aspazome 
G70775	aspazmos 
G70776	aspiylos 
G70777	aspiys 
G70778	asponðos 
G70779	assariyon 
G70780	asson 
G70781	assos 
G70782	astateo 
G70783	astiyos 
G70784	astiyr 
G70785	astiyriyktos 
G70786	astorgos 
G70787	astokheo 
G70788	astrapiy 
G70789	astrapto 
G70790	astron 
G70791	asiynggriytos 
G70792	asiymfonos 
G70793	asiynetos 
G70794	asiynθetos 
G70795	asfaliya 
G70796	asfaliys 
G70797	asfaliyzo 
G70798	asfalos 
G70799	askhiymoneo 
G70800	askhiymosiyniy 
G70801	askhiymon 
G70802	asotiya 
G70803	asotos 
G70804	atakteo 
G70805	ataktos 
G70806	ataktos 
G70807	ateknos 
G70808	ateniyzo 
G70809	ater 
G70810	atiymazo 
G70811	atiymiya 
G70812	atiymos 
G70813	atmiys 
G70814	atomos 
G70815	atopos 
G70816	attaliya 
G70817	avgazo 
G70818	avyiy 
G70819	avgustos 
G70820	afθaðiys 
G70821	afθeretos 
G70822	afθenteo 
G70823	avleo 
G70824	avliy 
G70825	avliytiys 
G70826	avliyzome 
G70827	avlos 
G70828	afksano 
G70829	afksiysiys 
G70830	afkso 
G70831	avriyon 
G70832	afstiyros 
G70833	aftarkiya 
G70834	aftarkiys 
G70835	aftokatakriytos 
G70836	aftomatos 
G70837	aftoptiys 
G70838	aftos 
G70839	aftu 
G70840	aftokhiyr 
G70841	afkheo 
G70842	afkhmiyros 
G70843	afereo 
G70844	afaniys 
G70845	afaniyzo 
G70846	afaniyzmos 
G70847	afantos 
G70848	afeðron 
G70849	afiyðiya 
G70850	afelotiys 
G70851	afesiys 
G70852	afiy 
G70853	afθarsiya 
G70854	afθartos 
G70855	afθoriya 
G70856	afiyiymiy 
G70857	afiykneome 
G70858	afiylagaθos 
G70859	afiylaryiyros 
G70860	afiyksiys 
G70861	afiystame 
G70862	afno 
G70863	afovos 
G70864	afomiyoo 
G70865	aforao 
G70866	aforiyzo 
G70867	aformiy 
G70868	afriyzo 
G70869	afros 
G70870	afrosiyniy 
G70871	afron 
G70872	afiypnoo 
G70873	afiystereo 
G70874	afonos 
G70875	akhaz 
G70876	akhaiya 
G70877	akhaiykos 
G70878	akhariystos 
G70879	akhiyropiyiytos 
G70880	akhiym 
G70881	akhliys 
G70882	akhriyoome 
G70883	akhriyos 
G70884	akhriystos 
G70885	akhriy 
G70886	akhriys 
G70887	akhiyron 
G70888	apsevðiys 
G70889	apsiynθos 
G70890	apsiynθos 
G70891	apsiykhos 
G70892	vaal 
G70893	vaviylon 
G70894	vaθmos 
G70895	vaθos 
G70896	vaθiyno 
G70897	vaθiys 
G70898	vaiyon 
G70899	valaam 
G70900	valak 
G70901	vallantiyon 
G70902	vallo 
G70903	vaptiyzo 
G70904	vaptiyzma 
G70905	vaptiyzmos 
G70906	vaptiystiys 
G70907	vapto 
G70908	varavvas 
G70909	varak 
G70910	varakhiyas 
G70911	varvaros 
G70912	vareo 
G70913	vareos 
G70914	varθolomeos 
G70915	variyiysus 
G70916	variyona 
G70917	varnavas 
G70918	varos 
G70919	varsavvas 
G70920	vartiymeos 
G70921	variys 
G70922	variytiymos 
G70923	vasaniyzo 
G70924	vasaniyzmos 
G70925	vasaniystiys 
G70926	vasanos 
G70927	vasiyliya 
G70928	vasiyliyon 
G70929	vasiyliyos 
G70930	vasiylefs 
G70931	vasiylevo 
G70932	vasiyliykos 
G70933	vasiyliyssa 
G70934	vasiys 
G70935	vaskeno 
G70936	vastazo 
G70937	vatos 
G70938	vatrakhos 
G70939	vattaloyeo 
G70940	vðeliygma 
G70941	vðeliyktos 
G70942	vðeliyssome 
G70943	veveos 
G70944	veveoo 
G70945	veveosiys 
G70946	veviylos 
G70947	veviyloo 
G70948	veelzevul 
G70949	veliyar 
G70950	veloniy 
G70951	velos 
G70952	veltiyon 
G70953	veniyamiyn 
G70954	verniykiy 
G70955	veriya 
G70956	veriyeos 
G70957	viyθaniya 
G70958	viyθezða 
G70959	viyθleem 
G70960	viyθsaiyða 
G70961	viyθsaiyðan 
G70962	viyθfayiy 
G70963	viyma 
G70964	viyriyllos 
G70965	viya 
G70966	viyazo 
G70967	viyeos 
G70968	viyastiys 
G70969	viyvlariyðiyon 
G70970	viyvliyon 
G70971	viyvlos 
G70972	viyvrosko 
G70973	viyθiyniya 
G70974	viyos 
G70975	viyoo 
G70976	viyosiys 
G70977	viyotiykos 
G70978	vlaveros 
G70979	vlapto 
G70980	vlastano 
G70981	vlastos 
G70982	vlasfiymeo 
G70983	vlasfiymiya 
G70984	vlasfiymos 
G70985	vlemma 
G70986	vlepo 
G70987	vliyteos 
G70988	voaniyryes 
G70989	voao 
G70990	voes 
G70991	viy 
G70992	viyθiya 
G70993	viyθeo 
G70994	viyθos 
G70995	voθiynos 
G70996	voliy 
G70997	voliyzo 
G70998	voos 
G70999	vorvoros 
G71000	vorras 
G71001	vosko 
G71002	vosor 
G71003	votaniy 
G71004	votriys 
G71005	vulevome 
G71006	vuleftiys 
G71007	vuliy 
G71008	vuliyma 
G71009	vulome 
G71010	vunos 
G71011	vus 
G71012	vraviyon 
G71013	vravevo 
G71014	vraðiyno 
G71015	vraðiyploeo 
G71016	vraðiys 
G71017	vraðiytiys 
G71018	vrakhiyon 
G71019	vrakhiy 
G71020	vrakhiys 
G71021	vrefos 
G71022	vrekho 
G71023	vrontiy 
G71024	vrokhiy 
G71025	vrokhos 
G71026	vriygmos 
G71027	vriykho 
G71028	vriyo 
G71029	vroma 
G71030	vrosiymos 
G71031	vrosiys 
G71032	viyθiyzo 
G71033	viyθos 
G71034	viyrsefs 
G71035	viyssiynos 
G71036	viyssos 
G71037	vomos 
G71038	gavvaθa 
G71039	gavriyiyl 
G71040	ganggrena 
G71041	gað 
G71042	gaðariynos 
G71043	gaza 
G71044	gaza 
G71045	gazofiylakiyon 
G71046	gaiyos 
G71047	gala 
G71048	galatiys 
G71049	galatiya 
G71050	galatiykos 
G71051	galiyniy 
G71052	galiylea 
G71053	galiyleos 
G71054	galliyon 
G71055	gamaliyiyl 
G71056	gameo 
G71057	gamiyzo 
G71058	gamiysko 
G71059	gamos 
G71060	gar 
G71061	gastiyr 
G71062	ye 
G71063	yeðeon 
G71064	yeenna 
G71065	yeθsiymaniy 
G71066	yiyton 
G71067	yelao 
G71068	yelos 
G71069	yemiyzo 
G71070	yemo 
G71071	yenea 
G71072	yenealoyeome 
G71073	yenealoyiya 
G71074	yenesiya 
G71075	yenesiys 
G71076	yenetiy 
G71077	yeniyma 
G71078	yennao 
G71079	yenniyma 
G71080	yenniysaret 
G71081	yenniytos 
G71082	yenos 
G71083	yerasiynos 
G71084	yerusiya 
G71085	yeron 
G71086	yevome 
G71087	yeoryeo 
G71088	yeoryiyon 
G71089	yeorgos 
G71090	yiy 
G71091	yiyras 
G71092	yiyrasko 
G71093	yiynome 
G71094	yiynosko 
G71095	glefkos 
G71096	gliykiys 
G71097	glossa 
G71098	glossokomon 
G71099	gnafefs 
G71100	gniysiyos 
G71101	gniysiyos 
G71102	gnofos 
G71103	gnomiy 
G71104	gnoriyzo 
G71105	gnosiys 
G71106	gnostiys 
G71107	gnostos 
G71108	gonggiyzo 
G71109	gonggiyzmos 
G71110	gonggiystiys 
G71111	yiys 
G71112	golgoθa 
G71113	gomorra 
G71114	gomos 
G71115	gonefs 
G71116	goniy 
G71117	goniypeteo 
G71118	gramma 
G71119	grammatefs 
G71120	graptos 
G71121	grafiy 
G71122	grafo 
G71123	graoðiys 
G71124	griygoreo 
G71125	yiymnazo 
G71126	yiymnasiya 
G71127	yiymniytevo 
G71128	yiymnos 
G71129	yiymnotiys 
G71130	yiynekariyon 
G71131	yiynekiyos 
G71132	yiyniy 
G71133	gog 
G71134	goniya 
G71135	ðemoniyzome 
G71136	ðemoniyon 
G71137	ðemoniyoðiys 
G71138	ðemon 
G71139	ðakno 
G71140	ðakriyon 
G71141	ðakriyo 
G71142	ðaktiyliyos 
G71143	ðaktiylos 
G71144	ðalmanuθa 
G71145	ðalmatiya 
G71146	ðamazo 
G71147	ðamaliys 
G71148	ðamariys 
G71149	ðamaskiynos 
G71150	ðamaskos 
G71151	ðaniyzo 
G71152	ðaniyon 
G71153	ðaniyiyl 
G71154	ðaniystiys 
G71155	ðapanao 
G71156	ðapaniy 
G71157	ðaiyð 
G71158	ðe 
G71159	ðiysiys 
G71160	ðiy 
G71161	ðiygma 
G71162	ðiygmatiyzo 
G71163	ðiykniymiy 
G71164	ðiyliya 
G71165	ðiyliyao 
G71166	ðiylos 
G71167	ðiyna 
G71168	ðiynos 
G71169	ðiypneo 
G71170	ðiypnon 
G71171	ðiysiyðemoniya 
G71172	ðiysiyðemon 
G71173	ðeka 
G71174	ðekaokto 
G71175	ðekapente 
G71176	ðekapoliys 
G71177	ðekatessares 
G71178	ðekatiy 
G71179	ðekatos 
G71180	ðekatoo 
G71181	ðektos 
G71182	ðeleazo 
G71183	ðenðron 
G71184	ðeksiyolavos 
G71185	ðeksiyos 
G71186	ðeome 
G71187	ðeos 
G71188	ðerveos 
G71189	ðerviy 
G71190	ðerma 
G71191	ðermatiynos 
G71192	ðero 
G71193	ðezmevo 
G71194	ðezmiy 
G71195	ðezmiyos 
G71196	ðezmon 
G71197	ðezmos 
G71198	ðezmofiylaks 
G71199	ðezmotiyriyon 
G71200	ðezmotiys 
G71201	ðespotiys 
G71202	ðevro 
G71203	ðefte 
G71204	ðeftereos 
G71205	ðefteros 
G71206	ðekhome 
G71207	ðeo 
G71208	ðiy 
G71209	ðiylos 
G71210	ðiyloo 
G71211	ðiymas 
G71212	ðiymiygoreo 
G71213	ðiymiytriyos 
G71214	ðiymiyurgos 
G71215	ðiymos 
G71216	ðiymosiyos 
G71217	ðiynariyon 
G71218	ðiypu 
G71219	ðiya 
G71220	ðiyaveno 
G71221	ðiyavallo 
G71222	ðiyaveveoome 
G71223	ðiyavlepo 
G71224	ðiyavolos 
G71225	ðiyavolos 
G71226	ðiyanggello 
G71227	ðiyayiynome 
G71228	ðiyayiynosko 
G71229	ðiyagnosiys 
G71230	ðiyagonggiyzo 
G71231	ðiyagriygoreo 
G71232	ðiyago 
G71233	ðiyaðekhome 
G71234	ðiyaðiyma 
G71235	ðiyaðiyðomiy 
G71236	ðiyaðokhos 
G71237	ðiyazonniymiy 
G71238	ðiyaθiykiy 
G71239	ðiyeresiys 
G71240	ðiyereo 
G71241	ðiyakaθero 
G71242	ðiyakaθariyzo 
G71243	ðiyakatelengghome 
G71244	ðiyakoneo 
G71245	ðiyakoniya 
G71246	ðiyakonos 
G71247	ðiyakosiyiy 
G71248	ðiyakuo 
G71249	ðiyakriyno 
G71250	ðiyakriysiys 
G71251	ðiyakoliyo 
G71252	ðiyalaleo 
G71253	ðiyalegome 
G71254	ðiyaliypo 
G71255	ðiyalektos 
G71256	ðiyallassome 
G71257	ðiyaloyiyzome 
G71258	ðiyaloyiyzmos 
G71259	ðiyaliyo 
G71260	ðiyamartiyrome 
G71261	ðiyamakhome 
G71262	ðiyameno 
G71263	ðiyameriyzo 
G71264	ðiyameriyzmos 
G71265	ðiyanemo 
G71266	ðiyanevo 
G71267	ðiyaniyma 
G71268	ðiyaniya 
G71269	ðiyaniygo 
G71270	ðiyaniykterevo 
G71271	ðiyaniyo 
G71272	ðiyaparatriyviy 
G71273	ðiyaperao 
G71274	ðiyapleo 
G71275	ðiyaponeome 
G71276	ðiyaporevome 
G71277	ðiyaporeo 
G71278	ðiyapragmatevome 
G71279	ðiyapriyome 
G71280	ðiyarpazo 
G71281	ðiyarriygniymiy 
G71282	ðiyasafeo 
G71283	ðiyasiyo 
G71284	ðiyaskorpiyzo 
G71285	ðiyaspao 
G71286	ðiyaspiyro 
G71287	ðiyaspora 
G71288	ðiyastellome 
G71289	ðiyastiyma 
G71290	ðiyastoliy 
G71291	ðiyastrefo 
G71292	ðiyasozo 
G71293	ðiyatayiy 
G71294	ðiyatagma 
G71295	ðiyatarasso 
G71296	ðiyatasso 
G71297	ðiyateleo 
G71298	ðiyatiyreo 
G71299	ðiyatiyθeme 
G71300	ðiyatriyvo 
G71301	ðiyatrofiy 
G71302	ðiyavgazo 
G71303	ðiyavyiys 
G71304	ðiyafero 
G71305	ðiyafevgo 
G71306	ðiyafiymiyzo 
G71307	ðiyafθiyro 
G71308	ðiyafθora 
G71309	ðiyaforos 
G71310	ðiyafiylasso 
G71311	ðiyakhiyriyzome 
G71312	ðiyakhlevazo 
G71313	ðiyakhoriyzome 
G71314	ðiyðaktiykos 
G71315	ðiyðaktos 
G71316	ðiyðaskaliya 
G71317	ðiyðaskalos 
G71318	ðiyðasko 
G71319	ðiyðakhiy 
G71320	ðiyðrakhmon 
G71321	ðiyðiymos 
G71322	ðiyðomiy 
G71323	ðiyeyiyro 
G71324	ðiyenθiymeome 
G71325	ðiyeksoðos 
G71326	ðiyermiyneftiys 
G71327	ðiyermiynevo 
G71328	ðiyerkhome 
G71329	ðiyerotao 
G71330	ðiyetiys 
G71331	ðiyetiya 
G71332	ðiyiyyeome 
G71333	ðiyiyyiysiys 
G71334	ðiyiynekiys 
G71335	ðiyθalassos 
G71336	ðiyiykneome 
G71337	ðiyiystiymiy 
G71338	ðiyiyskhiyriyzome 
G71339	ðiykeokriysiya 
G71340	ðiykeos 
G71341	ðiykeosiyniy 
G71342	ðiykeoo 
G71343	ðiykeoma 
G71344	ðiykeos 
G71345	ðiykeosiys 
G71346	ðiykastiys 
G71347	ðiykiy 
G71348	ðiyktiyon 
G71349	ðiylogos 
G71350	ðiyo 
G71351	ðiyoðevo 
G71352	ðiyoniysiyos 
G71353	ðiyoper 
G71354	ðiyopetiys 
G71355	ðiyorθoma 
G71356	ðiyorθosiys 
G71357	ðiyoriysso 
G71358	ðiyoskuriy 
G71359	ðiyotiy 
G71360	ðiyotrefiys 
G71361	ðiyplus 
G71362	ðiyploo 
G71363	ðiys 
G71364	ðiyzmiyriyas 
G71365	ðiystazo 
G71366	ðiystomos 
G71367	ðiyskhiyliyiy 
G71368	ðiyiyliyzo 
G71369	ðiykhazo 
G71370	ðiykhostasiya 
G71371	ðiykhotomeo 
G71372	ðiypsao 
G71373	ðiypsos 
G71374	ðiypsiykhos 
G71375	ðiyogmos 
G71376	ðiyoktiys 
G71377	ðiyoko 
G71378	ðogma 
G71379	ðogmatiyzome 
G71380	ðokeo 
G71381	ðokiymazo 
G71382	ðokiymasiya 
G71383	ðokiymiy 
G71384	ðokiymiyon 
G71385	ðokiymos 
G71386	ðokos 
G71387	ðoliyos 
G71388	ðoliyoo 
G71389	ðolos 
G71390	ðoloo 
G71391	ðoma 
G71392	ðoksa 
G71393	ðoksazo 
G71394	ðorkas 
G71395	ðosiys 
G71396	ðotiys 
G71397	ðulagoyeo 
G71398	ðuliya 
G71399	ðulevo 
G71400	ðuliy 
G71401	ðulos 
G71402	ðuloo 
G71403	ðokhiy 
G71404	ðrakon 
G71405	ðrassome 
G71406	ðrakhmiy 
G71407	ðrepanon 
G71408	ðromos 
G71409	ðrusiylla 
G71410	ðiyname 
G71411	ðiynamiys 
G71412	ðiynamoo 
G71413	ðiynastiys 
G71414	ðiynateo 
G71415	ðiynatos 
G71416	ðiyno 
G71417	ðiyo 
G71418	ðiyzvastaktos 
G71419	ðiysenteriyon 
G71420	ðiysermiyneftos 
G71421	ðiysiys 
G71422	ðiyskolos 
G71423	ðiyskolos 
G71424	ðiyzmiy 
G71425	ðiyzniytos 
G71426	ðiysfiymeo 
G71427	ðiysfiymiya 
G71428	ðoðeka 
G71429	ðoðekatos 
G71430	ðoðekafiylon 
G71431	ðoma 
G71432	ðorea 
G71433	ðorean 
G71434	ðoreome 
G71435	ðoriyma 
G71436	ðoron 
G71437	ea 
G71438	ean 
G71439	eanper 
G71440	eaftu 
G71441	eao 
G71442	evðomiykonta 
G71443	evðomiykontakiys 
G71444	evðomos 
G71445	ever 
G71446	evreos 
G71447	evraiys 
G71448	evraiystiy 
G71449	enggiyzo 
G71450	enggrafo 
G71451	enggiyos 
G71452	enggiys 
G71453	enggiyteron 
G71454	eyiyro 
G71455	eyersiys 
G71456	enggaθetos 
G71457	enggeniya 
G71458	enggeniyzo 
G71459	enggakeo 
G71460	enggaleo 
G71461	enggataliypo 
G71462	enggatiykeo 
G71463	enggafkhaome 
G71464	enggentriyzo 
G71465	enggliyma 
G71466	enggomvoome 
G71467	enggopiy 
G71468	enggopto 
G71469	enggratiya 
G71470	enggratevome 
G71471	enggratiys 
G71472	enggriyno 
G71473	enggriypto 
G71474	enggiyos 
G71475	engghriyo 
G71476	ego 
G71477	eðafiyzo 
G71478	eðafos 
G71479	eðreos 
G71480	eðreoma 
G71481	ezekiyas 
G71482	eθeloθriyskiya 
G71483	eθiyzo 
G71484	eθnarkhiys 
G71485	eθniykos 
G71486	eθniykos 
G71487	eθnos 
G71488	eθos 
G71489	iy 
G71490	iyðea 
G71491	iyðos 
G71492	iyðoliyon 
G71493	iyðoloθiyton 
G71494	iyðololatriys 
G71495	iyðololatriya 
G71496	iyðolon 
G71497	iykiy 
G71498	iykosiyn 
G71499	iyko 
G71500	iykon 
G71501	iyliykriyniya 
G71502	iyliykriyniys 
G71503	iymiy 
G71504	iyneken 
G71505	iyper 
G71506	iyriynevo 
G71507	iyriyniy 
G71508	iyriyniykos 
G71509	iyriynopiyeo 
G71510	iyriynopiyos 
G71511	iys 
G71512	iys 
G71513	iysago 
G71514	iysakuo 
G71515	iyzðekhome 
G71516	iysiymiy 
G71517	iyserkhome 
G71518	iyskaleome 
G71519	iysoðos 
G71520	iyspiyðao 
G71521	iysporevome 
G71522	iystrekho 
G71523	iysfero 
G71524	iyta 
G71525	iyte 
G71526	iyoθa 
G71527	ek 
G71528	ekastos 
G71529	ekastote 
G71530	ekaton 
G71531	ekatontaetiys 
G71532	ekatontaplasiyon 
G71533	ekatontarkhiys 
G71534	ekatontarkhos 
G71535	ekveno 
G71536	ekvallo 
G71537	ekvasiys 
G71538	ekvoliy 
G71539	ekgonon 
G71540	ekðapanaome 
G71541	ekðekhome 
G71542	ekðiylos 
G71543	ekðiymeo 
G71544	ekðiyðomiy 
G71545	ekðiyiyyeome 
G71546	ekðiykeo 
G71547	ekðiykiysiys 
G71548	ekðiykos 
G71549	ekðiyoko 
G71550	ekðotos 
G71551	ekðokhiy 
G71552	ekðiyo 
G71553	ekiy 
G71554	ekiyθen 
G71555	ekiynos 
G71556	ekiyse 
G71557	ekziyteo 
G71558	ekziytiysiys 
G71559	ekθamveome 
G71560	ekθamvos 
G71561	ekθavmazo 
G71562	ekθetos 
G71563	ekkaθero 
G71564	ekkeome 
G71565	ekkenteo 
G71566	ekklao 
G71567	ekkliyo 
G71568	ekkliysiya 
G71569	ekkliyno 
G71570	ekkoliymvao 
G71571	ekkomiyzo 
G71572	ekkopto 
G71573	ekkremame 
G71574	eklaleo 
G71575	eklampo 
G71576	eklanθano 
G71577	eklegome 
G71578	ekliypo 
G71579	eklektos 
G71580	ekloyiy 
G71581	ekliyome 
G71582	ekmasso 
G71583	ekmiyktiyriyzo 
G71584	eknevo 
G71585	ekniyfo 
G71586	ekusiyos 
G71587	ekusiyos 
G71588	ekpale 
G71589	ekpiyrazo 
G71590	ekpempo 
G71591	ekperiyssos 
G71592	ekpetanniymiy 
G71593	ekpiyðao 
G71594	ekpiypto 
G71595	ekpleo 
G71596	ekpliyroo 
G71597	ekpliyrosiys 
G71598	ekpliyssome 
G71599	ekpneo 
G71600	ekporevome 
G71601	ekpornevo 
G71602	ekptiyo 
G71603	ekriyzoo 
G71604	ekstasiys 
G71605	ekstrefome 
G71606	ektarasso 
G71607	ektiyno 
G71608	ekteleo 
G71609	ekteniya 
G71610	ektenesteron 
G71611	ekteniys 
G71612	ektenos 
G71613	ektiyθiymiy 
G71614	ektiynasso 
G71615	ektos 
G71616	ektos 
G71617	ektrepome 
G71618	ektrefo 
G71619	ektroma 
G71620	ekfero 
G71621	ekfevgo 
G71622	ekfoveo 
G71623	ekfovos 
G71624	ekfiyo 
G71625	ekkheo 
G71626	ekkhoreo 
G71627	ekpsiykho 
G71628	ekon 
G71629	elea 
G71630	eleon 
G71631	eleon 
G71632	elamiytiys 
G71633	elasson 
G71634	elattoneo 
G71635	elattoo 
G71636	elavno 
G71637	elafriya 
G71638	elafros 
G71639	elakhiystos 
G71640	eleazar 
G71641	eleao 
G71642	elegmos 
G71643	elenggsiys 
G71644	elengghos 
G71645	elenggho 
G71646	eleiynos 
G71647	eliymosiyniy 
G71648	eliymon 
G71649	eleos 
G71650	elefθeriya 
G71651	elefθeros 
G71652	elefθeroo 
G71653	elefsiys 
G71654	elefantiynos 
G71655	eliyakiym 
G71656	eliyezer 
G71657	eliyuð 
G71658	eliysavet 
G71659	eliyseos 
G71660	eliysso 
G71661	elkoome 
G71662	elkos 
G71663	elko 
G71664	ellas 
G71665	elliyn 
G71666	elliyniykos 
G71667	elliyniys 
G71668	elliyniystiys 
G71669	elliyniystiy 
G71670	elloyeo 
G71671	elmaðam 
G71672	elpiyzo 
G71673	elpiys 
G71674	eliymas 
G71675	eloiy 
G71676	emaftu 
G71677	emveno 
G71678	emvallo 
G71679	emvapto 
G71680	emvatevo 
G71681	emviyvazo 
G71682	emvlepo 
G71683	emvriymaome 
G71684	emeo 
G71685	emmenome 
G71686	emmanoiyl 
G71687	emmaus 
G71688	emmeno 
G71689	emmor 
G71690	emos 
G71691	empegmoniy 
G71692	empegmos 
G71693	empezo 
G71694	empektiys 
G71695	emperiypateo 
G71696	empiympliymiy 
G71697	empiympriymiy 
G71698	empiypto 
G71699	emplekome 
G71700	emplokiy 
G71701	empneo 
G71702	emporevome 
G71703	emporiya 
G71704	emporiyon 
G71705	emporos 
G71706	emprosθen 
G71707	emptiyo 
G71708	emfaniys 
G71709	emfaniyzo 
G71710	emfovos 
G71711	emfiysao 
G71712	emfiytos 
G71713	en 
G71714	enanggaliyzome 
G71715	enaliyon 
G71716	enantiy 
G71717	enantiyon 
G71718	enantiyos 
G71719	enarkhome 
G71720	enatos 
G71721	enðiys 
G71722	enðiygma 
G71723	enðiykniymiy 
G71724	enðiyksiys 
G71725	enðeka 
G71726	enðekatos 
G71727	enðekhete 
G71728	enðiymeo 
G71729	enðiyðiysko 
G71730	enðiykos 
G71731	enðoksazome 
G71732	enðoksos 
G71733	enðiyma 
G71734	enðiynamoo 
G71735	enðiyno 
G71736	enðiysiys 
G71737	enðiyo 
G71738	enðomiysiys 
G71739	eneðra 
G71740	eneðrevo 
G71741	eniyleo 
G71742	eniymiy 
G71743	eneka 
G71744	eneken 
G71745	eneniykonta 
G71746	eneos 
G71747	eneryiya 
G71748	eneryeo 
G71749	eneryiyma 
G71750	eneryiys 
G71751	enevloyeo 
G71752	enekho 
G71753	enθaðe 
G71754	enθen 
G71755	enθiymeome 
G71756	enθiymiysiys 
G71757	eniy 
G71758	eniyaftos 
G71759	eniystiymiy 
G71760	eniyskhiyo 
G71761	ennea 
G71762	ennevo 
G71763	enniya 
G71764	ennomos 
G71765	enniykha 
G71766	eniykeo 
G71767	enorkiyzo 
G71768	enotiys 
G71769	enokhleo 
G71770	enokhos 
G71771	entalma 
G71772	entafiyazo 
G71773	entafiyazmos 
G71774	entellome 
G71775	entefθen 
G71776	entefksiys 
G71777	entiymos 
G71778	entoliy 
G71779	entopiyos 
G71780	entos 
G71781	entrepo 
G71782	entrefome 
G71783	entromos 
G71784	entropiy 
G71785	entriyfao 
G71786	entiyngghano 
G71787	entiyliysso 
G71788	entiypoo 
G71789	eniyvriyzo 
G71790	eniypniyazome 
G71791	eniypniyon 
G71792	enopiyon 
G71793	enos 
G71794	enotiyzome 
G71795	enokh 
G71796	eks 
G71797	eksanggello 
G71798	eksagorazo 
G71799	eksago 
G71800	eksereo 
G71801	eksero 
G71802	ekseteome 
G71803	eksefniys 
G71804	eksakoluθeo 
G71805	eksakosiyiy 
G71806	eksaliyfo 
G71807	eksallome 
G71808	eksanastasiys 
G71809	eksanatello 
G71810	eksaniystiymiy 
G71811	eksapatao 
G71812	eksapiyna 
G71813	eksaporeome 
G71814	eksapostello 
G71815	eksartiyzo 
G71816	eksastrapto 
G71817	eksaftiys 
G71818	ekseyiyro 
G71819	eksiymiy 
G71820	ekselko 
G71821	ekserama 
G71822	ekseravnao 
G71823	ekserkhome 
G71824	eksestiyn 
G71825	eksetazo 
G71826	eksiyyeome 
G71827	eksiykonta 
G71828	eksiys 
G71829	eksiykheome 
G71830	eksiys 
G71831	eksiystiymiy 
G71832	eksiyskhiyo 
G71833	eksoðos 
G71834	eksoleθrevo 
G71835	eksomoloyeo 
G71836	eksorkiyzo 
G71837	eksorkiystiys 
G71838	eksoriysso 
G71839	eksuðeneo 
G71840	eksuθeneo 
G71841	eksusiya 
G71842	eksusiyazo 
G71843	eksokhiy 
G71844	eksiypniyzo 
G71845	eksiypnos 
G71846	ekso 
G71847	eksoθen 
G71848	eksoθeo 
G71849	eksoteros 
G71850	eiyka 
G71851	eortazo 
G71852	eortiy 
G71853	epanggeliya 
G71854	epanggellome 
G71855	epanggelma 
G71856	epago 
G71857	epagoniyzome 
G71858	epaθriyzome 
G71859	epenetos 
G71860	epeneo 
G71861	epenos 
G71862	epero 
G71863	epeskhiynome 
G71864	epeteo 
G71865	epakoluθeo 
G71866	epakuo 
G71867	epakroaome 
G71868	epan 
G71869	epanangges 
G71870	epanago 
G71871	epanamiymniysko 
G71872	epanapavome 
G71873	epanerkhome 
G71874	epaniystame 
G71875	epanorθosiys 
G71876	epano 
G71877	eparatos 
G71878	eparkeo 
G71879	eparkhiya 
G71880	epavliys 
G71881	epavriyon 
G71882	epafras 
G71883	epafriyzo 
G71884	epafroðiytos 
G71885	epeyiyro 
G71886	epiy 
G71887	epiyðiy 
G71888	epiyðiyper 
G71889	epiymiy 
G71890	epiysagoyiy 
G71891	epiyserkhome 
G71892	epiyta 
G71893	epekiyna 
G71894	epektiynome 
G71895	epenðiyome 
G71896	epenðiytiys 
G71897	eperkhome 
G71898	eperotao 
G71899	eperotiyma 
G71900	epekho 
G71901	epiyreazo 
G71902	epiy 
G71903	epiyveno 
G71904	epiyvallo 
G71905	epiyvareo 
G71906	epiyviyvazo 
G71907	epiyvlepo 
G71908	epiyvliyma 
G71909	epiyvuliy 
G71910	epiygamvrevo 
G71911	epiyyiyos 
G71912	epiyyiynome 
G71913	epiyyiynosko 
G71914	epiygnosiys 
G71915	epiygrafiy 
G71916	epiygrafo 
G71917	epiyðiykniymiy 
G71918	epiyðekhome 
G71919	epiyðiymeo 
G71920	epiyðiyatassome 
G71921	epiyðiyðomiy 
G71922	epiyðiyorθoo 
G71923	epiyðiyo 
G71924	epiyiykiya 
G71925	epiyiykiys 
G71926	epiyziyteo 
G71927	epiyθanatiyos 
G71928	epiyθesiys 
G71929	epiyθiymeo 
G71930	epiyθiymiytiys 
G71931	epiyθiymiya 
G71932	epiykaθiyzo 
G71933	epiykaleo 
G71934	epiykaliymma 
G71935	epiykaliypto 
G71936	epiykataratos 
G71937	epiykiyme 
G71938	epiykello 
G71939	epiykuriyos 
G71940	epiykuriya 
G71941	epiykriyno 
G71942	epiylamvanome 
G71943	epiylanθanome 
G71944	epiylego 
G71945	epiyliypo 
G71946	epiyliykho 
G71947	epiyliyzmoniy 
G71948	epiyliypos 
G71949	epiyliysiys 
G71950	epiyliyo 
G71951	epiymartiyreo 
G71952	epiymeliya 
G71953	epiymeleome 
G71954	epiymelos 
G71955	epiymeno 
G71956	epiynevo 
G71957	epiyniya 
G71958	epiyorkeo 
G71959	epiyorkos 
G71960	epiyusiyos 
G71961	epiypiypto 
G71962	epiypliysso 
G71963	epiypoθeo 
G71964	epiypoθiysiys 
G71965	epiypoθiytos 
G71966	epiypoθiya 
G71967	epiyporevome 
G71968	epiyrapto 
G71969	epiyriypto 
G71970	epiysiymos 
G71971	epiysiytiyzmos 
G71972	epiyskeptome 
G71973	epiyskevazome 
G71974	epiyskiynoo 
G71975	epiyskiyazo 
G71976	epiyskopeo 
G71977	epiyskopiy 
G71978	epiyskopos 
G71979	epiyspaome 
G71980	epiyspiyro 
G71981	epiystame 
G71982	epiystasiys 
G71983	epiystatiys 
G71984	epiystello 
G71985	epiystiymon 
G71986	epiystiyriyzo 
G71987	epiystoliy 
G71988	epiystomiyzo 
G71989	epiystrefo 
G71990	epiystrofiy 
G71991	epiysiynago 
G71992	epiysiynagoyiy 
G71993	epiysiyntrekho 
G71994	epiysfaliys 
G71995	epiyskhiyo 
G71996	epiysorevo 
G71997	epiytayiy 
G71998	epiytasso 
G71999	epiyteleo 
G72000	epiytiyðiyos 
G72001	epiytiyθiymiy 
G72002	epiytiymao 
G72003	epiytiymiya 
G72004	epiytrepo 
G72005	epiytropiy 
G72006	epiytropos 
G72007	epiytiyngghano 
G72008	epiyfeno 
G72009	epiyfaniya 
G72010	epiyfaniys 
G72011	epiyfafsko 
G72012	epiyfero 
G72013	epiyfoneo 
G72014	epiyfosko 
G72015	epiykhiyreo 
G72016	epiykheo 
G72017	epiykhoriyyeo 
G72018	epiykhoriyyiya 
G72019	epiykhriyo 
G72020	epiykoðomeo 
G72021	eponomazome 
G72022	epoptevo 
G72023	epoptiys 
G72024	epos 
G72025	epuraniyos 
G72026	epta 
G72027	eptakiys 
G72028	eptakiyskhiyliyiy 
G72029	erastos 
G72030	eravnao 
G72031	ergazome 
G72032	ergasiya 
G72033	ergatiys 
G72034	ergon 
G72035	ereθiyzo 
G72036	eriyðo 
G72037	erevgome 
G72038	eriymiya 
G72039	eriymoome 
G72040	eriymos 
G72041	eriymosiys 
G72042	eriyzo 
G72043	eriyθiya 
G72044	eriyon 
G72045	eriys 
G72046	eriyfiyon 
G72047	eriyfos 
G72048	ermas 
G72049	ermiyniya 
G72050	ermiynevo 
G72051	ermiys 
G72052	ermoyeniys 
G72053	erpeton 
G72054	eriyθros 
G72055	eriyθros 
G72056	erkhome 
G72057	erotao 
G72058	esθiys 
G72059	esθiyo 
G72060	esθo 
G72061	esliy 
G72062	esoptron 
G72063	espera 
G72064	ezrom 
G72065	eskhatos 
G72066	eskhatos 
G72067	eso 
G72068	esoθen 
G72069	esoteros 
G72070	eteros 
G72071	eteroglossos 
G72072	eteroðiyðaskaleo 
G72073	eteroziyyeo 
G72074	eteros 
G72075	eteros 
G72076	etiy 
G72077	etiymazo 
G72078	etiymasiya 
G72079	etiymos 
G72080	etiymos 
G72081	etos 
G72082	ev 
G72083	eva 
G72084	evanggeliyzo 
G72085	evanggeliyon 
G72086	evanggeliystiys 
G72087	evaresteo 
G72088	evarestos 
G72089	evarestos 
G72090	evvulos 
G72091	evye 
G72092	evyeniys 
G72093	evðiya 
G72094	evðokeo 
G72095	evðokiya 
G72096	everyesiya 
G72097	everyeteo 
G72098	everyetiys 
G72099	efθetos 
G72100	efθeos 
G72101	efθiyðromeo 
G72102	efθiymeo 
G72103	efθiymos 
G72104	efθiymos 
G72105	efθiyno 
G72106	efθiys 
G72107	efθiytiys 
G72108	efkereo 
G72109	efkeriya 
G72110	efkeros 
G72111	efkeros 
G72112	efkopoteros 
G72113	evlaviya 
G72114	evlaveome 
G72115	evlaviys 
G72116	evloyeo 
G72117	evloyiytos 
G72118	evloyiya 
G72119	evmetaðotos 
G72120	evniykiy 
G72121	evnoeo 
G72122	evniya 
G72123	evnukhiyzo 
G72124	evnukhos 
G72125	evoðiya 
G72126	evoðoome 
G72127	efpareðron 
G72128	efpiyθiys 
G72129	efperiystatos 
G72130	efpiyiya 
G72131	efporeome 
G72132	efporiya 
G72133	efprepiya 
G72134	efprozðektos 
G72135	efprosopeo 
G72136	evrakiylon 
G72137	evriysko 
G72138	evriykhoros 
G72139	efseviya 
G72140	efseveo 
G72141	efseviys 
G72142	efsevos 
G72143	efsiymos 
G72144	efsplangghnos 
G72145	efskhiymonos 
G72146	efskhiymosiyniy 
G72147	efskhiymon 
G72148	eftonos 
G72149	eftrapeliya 
G72150	eftiykhos 
G72151	effiymiya 
G72152	effiymos 
G72153	efforeo 
G72154	effreno 
G72155	effratiys 
G72156	effrosiyniy 
G72157	efkhariysteo 
G72158	efkhariystiya 
G72159	efkhariystos 
G72160	efkhiy 
G72161	efkhome 
G72162	efkhriystos 
G72163	efpsiykheo 
G72164	evoðiya 
G72165	evoniymos 
G72166	efallome 
G72167	efapaks 
G72168	efesiyos 
G72169	efesos 
G72170	efevretiys 
G72171	efiymeriya 
G72172	efiymeros 
G72173	efiykneome 
G72174	efiystiymiy 
G72175	eforao 
G72176	efrem 
G72177	effaθa 
G72178	ekhθes 
G72179	ekhθra 
G72180	ekhθros 
G72181	ekhiyðna 
G72182	ekho 
G72183	eos 
G72184	zavulon 
G72185	zakkheos 
G72186	zara 
G72187	zakhariyas 
G72188	zao 
G72189	zeveðeos 
G72190	zestos 
G72191	zevgos 
G72192	zefktiyriya 
G72193	zefs 
G72194	zeo 
G72195	ziylevo 
G72196	ziylos 
G72197	ziyloo 
G72198	ziylotiys 
G72199	ziylotiys 
G72200	ziymiya 
G72201	ziymiyoo 
G72202	ziynas 
G72203	ziyteo 
G72204	ziytiyma 
G72205	ziytiysiys 
G72206	ziyzaniyon 
G72207	zorovavel 
G72208	zofos 
G72209	ziygos 
G72210	ziymiy 
G72211	ziymoo 
G72212	zogreo 
G72213	ziy 
G72214	zoniy 
G72215	zonniymiy 
G72216	zoogoneo 
G72217	zoon 
G72218	zoopiyeo 
G72219	iy 
G72220	iyyemonevo 
G72221	iyyemoniya 
G72222	iyyemon 
G72223	iyyeome 
G72224	iyðeos 
G72225	iyðiy 
G72226	iyðiysta 
G72227	iyðoniy 
G72228	iyðiyozmon 
G72229	iyθos 
G72230	iyko 
G72231	iyliy 
G72232	iyliy 
G72233	iyliyas 
G72234	iyliykiya 
G72235	iyliykos 
G72236	iyliyos 
G72237	iylos 
G72238	iymera 
G72239	iymeteros 
G72240	iymiyθaniys 
G72241	iymiysiys 
G72242	iymiyoriyon 
G72243	iyniyka 
G72244	iyper 
G72245	iypiyos 
G72246	iyr 
G72247	iyremos 
G72248	iyroðiys 
G72249	iyroðiyaniy 
G72250	iyroðiyas 
G72251	iyroðiyon 
G72252	iysaiyas 
G72253	iysav 
G72254	iysson 
G72255	iysiykhazo 
G72256	iysiykhiya 
G72257	iysiykhiyos 
G72258	iytiy 
G72259	iyttaome 
G72260	iyttiyma 
G72261	iykheo 
G72262	iykhos 
G72263	θa 
G72264	θaððeos 
G72265	θalassa 
G72266	θalassa 
G72267	θalpo 
G72268	θamar 
G72269	θamveome 
G72270	θamvos 
G72271	θanasiymon 
G72272	θanatiyforos 
G72273	θanatos 
G72274	θanatoo 
G72275	θapto 
G72276	θara 
G72277	θarreo 
G72278	θarseo 
G72279	θarsos 
G72280	θavma 
G72281	θavmazo 
G72282	θavmasiyos 
G72283	θavmastos 
G72284	θea 
G72285	θeaome 
G72286	θeatriyzo 
G72287	θeatron 
G72288	θiyon 
G72289	θiyos 
G72290	θiyotiys 
G72291	θiyoðiys 
G72292	θeliyma 
G72293	θeliysiys 
G72294	θelo 
G72295	θemeliyon 
G72296	θemeliyos 
G72297	θemeliyoo 
G72298	θeoðiyðaktos 
G72299	θeomakhos 
G72300	θeopnefstos 
G72301	θeos 
G72302	θeoseviya 
G72303	θeoseviys 
G72304	θeostiyyiys 
G72305	θeotiys 
G72306	θeofiylos 
G72307	θerapiya 
G72308	θerapevo 
G72309	θerapon 
G72310	θeriyzo 
G72311	θeriyzmos 
G72312	θeriystiys 
G72313	θermenome 
G72314	θermiy 
G72315	θeros 
G72316	θessaloniykefs 
G72317	θessaloniykiy 
G72318	θevðas 
G72319	θeoreo 
G72320	θeoriya 
G72321	θiykiy 
G72322	θiylazo 
G72323	θiyliys 
G72324	θiyra 
G72325	θiyrevo 
G72326	θiyriyomakheo 
G72327	θiyriyon 
G72328	θiysavriyzo 
G72329	θiysavros 
G72330	θiynggano 
G72331	θliyvo 
G72332	θliypsiys 
G72333	θniysko 
G72334	θniytos 
G72335	θoriyvazo 
G72336	θoriyveo 
G72337	θoriyvos 
G72338	θravo 
G72339	θremma 
G72340	θriyneo 
G72341	θriyskiya 
G72342	θriyskos 
G72343	θriyamvevo 
G72344	θriyks 
G72345	θroeome 
G72346	θromvos 
G72347	θronos 
G72348	θiyatiyra 
G72349	θiygatiyr 
G72350	θiygatriyon 
G72351	θiyella 
G72352	θiyiynos 
G72353	θiymiyama 
G72354	θiymiyatiyriyon 
G72355	θiymiyao 
G72356	θiymomakheo 
G72357	θiymoome 
G72358	θiymos 
G72359	θiyra 
G72360	θiyreos 
G72361	θiyriys 
G72362	θiyroros 
G72363	θiysiya 
G72364	θiysiyastiyriyon 
G72365	θiyo 
G72366	θomas 
G72367	θoraks 
G72368	iyaiyros 
G72369	iyakov 
G72370	iyakovos 
G72371	iyama 
G72372	iyamvriys 
G72373	iyanne 
G72374	iyanniys 
G72375	iyaome 
G72376	iyaret 
G72377	iyasiys 
G72378	iyaspiys 
G72379	iyason 
G72380	iyatros 
G72381	iyðe 
G72382	iyðiyos 
G72383	iyðiyotiys 
G72384	iyðu 
G72385	iyðumea 
G72386	iyðros 
G72387	iyezavel 
G72388	iyerapoliys 
G72389	iyeratiya 
G72390	iyeratevma 
G72391	iyeratevo 
G72392	iyeremiyas 
G72393	iyerefs 
G72394	iyeriykho 
G72395	iyeroθiytos 
G72396	iyeron 
G72397	iyeroprepiys 
G72398	iyeros 
G72399	iyerosoliyma 
G72400	iyerosoliymiytiys 
G72401	iyerosiyleo 
G72402	iyerosiylos 
G72403	iyeruryeo 
G72404	iyerusaliym 
G72405	iyerosiyniy 
G72406	iyesse 
G72407	iyefθae 
G72408	iyekhoniyas 
G72409	iyiysus 
G72410	iykanos 
G72411	iykanotiys 
G72412	iykanoo 
G72413	iyketiyriya 
G72414	iykmas 
G72415	iykoniyon 
G72416	iylaros 
G72417	iylarotiys 
G72418	iylaskome 
G72419	iylazmos 
G72420	iylastiyriyon 
G72421	iyleos 
G72422	iylliyriykon 
G72423	iymas 
G72424	iymatiyzo 
G72425	iymatiyon 
G72426	iymatiyzmos 
G72427	iyna 
G72428	iynatiy 
G72429	iyoppiy 
G72430	iyorðaniys 
G72431	iyos 
G72432	iyuðea 
G72433	iyuðaiyzo 
G72434	iyuðaiykos 
G72435	iyuðaiykos 
G72436	iyuðeos 
G72437	iyuðaiyzmos 
G72438	iyuðas 
G72439	iyuliya 
G72440	iyuliyos 
G72441	iyuniya 
G72442	iyustos 
G72443	iyppefs 
G72444	iyppiykon 
G72445	iyppos 
G72446	iyriys 
G72447	iysaak 
G72448	iysanggelos 
G72449	iyskariyoθ 
G72450	iyskariyotiys 
G72451	iysos 
G72452	iysotiys 
G72453	iysotiymos 
G72454	iysopsiykhos 
G72455	iyzrel 
G72456	iyzreliytiys 
G72457	iyssakhar 
G72458	iystiymiy 
G72459	iystoreo 
G72460	iyskhiyros 
G72461	iyskhiys 
G72462	iyskhiyo 
G72463	iysos 
G72464	iytaliya 
G72465	iytaliykos 
G72466	iytureos 
G72467	iykhθiyðiyon 
G72468	iykhθiys 
G72469	iykhnos 
G72470	iyoaθam 
G72471	iyoanan 
G72472	iyoanna 
G72473	iyoanniys 
G72474	iyov 
G72475	iyoviyð 
G72476	iyoviyl 
G72477	iyoða 
G72478	iyiyl 
G72479	iyonam 
G72480	iyonas 
G72481	iyoram 
G72482	iyoriym 
G72483	iyosafat 
G72484	iyosiys 
G72485	iyosiyf 
G72486	iyosiykh 
G72487	iyosiyas 
G72488	iyota 
G72489	kago 
G72490	kaθa 
G72491	kaθeresiys 
G72492	kaθereo 
G72493	kaθero 
G72494	kaθaper 
G72495	kaθapto 
G72496	kaθariyzo 
G72497	kaθariyzmos 
G72498	kaθaros 
G72499	kaθarotiys 
G72500	kaθeðra 
G72501	kaθezome 
G72502	kaθeksiys 
G72503	kaθevðo 
G72504	kaθiyyiytiys 
G72505	kaθiyko 
G72506	kaθiyme 
G72507	kaθiymeriynos 
G72508	kaθiyzo 
G72509	kaθiyiymiy 
G72510	kaθiystiymiy 
G72511	kaθo 
G72512	kaθolu 
G72513	kaθopliyzo 
G72514	kaθorao 
G72515	kaθotiy 
G72516	kaθos 
G72517	kaθosper 
G72518	ke 
G72519	kaiyafas 
G72520	kaiyn 
G72521	kaiynam 
G72522	kenos 
G72523	kenotiys 
G72524	keper 
G72525	keros 
G72526	kesar 
G72527	kesariya 
G72528	ketiy 
G72529	ketiyye 
G72530	keo 
G72531	kakiy 
G72532	kakiyθen 
G72533	kakiynos 
G72534	kakiya 
G72535	kakiyθiya 
G72536	kakoloyeo 
G72537	kakopaθeo 
G72538	kakopaθiya 
G72539	kakopiyeo 
G72540	kakopiyos 
G72541	kakos 
G72542	kakurgos 
G72543	kakukheome 
G72544	kakoo 
G72545	kakos 
G72546	kakosiys 
G72547	kalamiy 
G72548	kalamos 
G72549	kaleo 
G72550	kalliyeleos 
G72551	kaloðiyðaskalos 
G72552	kalopiyeo 
G72553	kalos 
G72554	kalos 
G72555	kaliymma 
G72556	kaliypto 
G72557	kalos 
G72558	kamiylos 
G72559	kamiynos 
G72560	kammiyo 
G72561	kamno 
G72562	kampto 
G72563	kan 
G72564	kana 
G72565	kananeos 
G72566	kanðakiy 
G72567	kanon 
G72568	kapiylevo 
G72569	kapnos 
G72570	kappaðokiya 
G72571	karðiya 
G72572	karðiyognostiys 
G72573	karpos 
G72574	karpos 
G72575	karpoforeo 
G72576	karpoforos 
G72577	kartereo 
G72578	karfos 
G72579	kata 
G72580	kataveno 
G72581	katavallo 
G72582	katavareo 
G72583	katavariynome 
G72584	katavasiys 
G72585	katavoliy 
G72586	katavravevo 
G72587	katanggelefs 
G72588	katanggello 
G72589	katayelao 
G72590	katayiynosko 
G72591	katagniymiy 
G72592	katago 
G72593	katagoniyzome 
G72594	kataðeo 
G72595	kataðiylos 
G72596	kataðiykazo 
G72597	kataðiykiy 
G72598	kataðiyoko 
G72599	kataðuloo 
G72600	kataðiynastevo 
G72601	kataθema 
G72602	kataθematiyzo 
G72603	kateskhiyno 
G72604	katakeo 
G72605	katakaliyptome 
G72606	katakafkhaome 
G72607	katakiyme 
G72608	kataklao 
G72609	katakliyo 
G72610	katakliyronomeo 
G72611	katakliyno 
G72612	katakliyzo 
G72613	katakliyzmos 
G72614	katakoluθeo 
G72615	katakopto 
G72616	katakriymniyzo 
G72617	katakriyma 
G72618	katakriyno 
G72619	katakriysiys 
G72620	katakiyriyevo 
G72621	katalaleo 
G72622	katalaliya 
G72623	katalalos 
G72624	katalamvano 
G72625	katalego 
G72626	kataliypo 
G72627	kataliyθazo 
G72628	katallayiy 
G72629	katallasso 
G72630	kataliypos 
G72631	kataliyma 
G72632	kataliyo 
G72633	katamanθano 
G72634	katamartiyreo 
G72635	katameno 
G72636	katanaliysko 
G72637	katanarkao 
G72638	katanevo 
G72639	katanoeo 
G72640	katantao 
G72641	kataniyksiys 
G72642	kataniyssome 
G72643	kataksiyoo 
G72644	katapateo 
G72645	katapafsiys 
G72646	katapavo 
G72647	katapetazma 
G72648	katapiyno 
G72649	katapiypto 
G72650	katapleo 
G72651	kataponeo 
G72652	katapontiyzome 
G72653	katara 
G72654	kataraome 
G72655	kataryeo 
G72656	katariyθmeo 
G72657	katartiyzo 
G72658	katartiysiys 
G72659	katartiyzmos 
G72660	katasiyo 
G72661	kataskapto 
G72662	kataskevazo 
G72663	kataskiynoo 
G72664	kataskiynosiys 
G72665	kataskiyazo 
G72666	kataskopeo 
G72667	kataskopos 
G72668	katasofiyzome 
G72669	katastello 
G72670	katastiyma 
G72671	katastoliy 
G72672	katastrefo 
G72673	katastriyniyao 
G72674	katastrofiy 
G72675	katastronniymiy 
G72676	katasiyro 
G72677	katasfazo 
G72678	katasfrayiyzo 
G72679	kataskhesiys 
G72680	katatiyθiymiy 
G72681	katatomiy 
G72682	katatrekho 
G72683	katafero 
G72684	katafevgo 
G72685	katafθiyro 
G72686	katafiyleo 
G72687	katafroneo 
G72688	katafroniytiys 
G72689	katakheo 
G72690	katakhθoniyos 
G72691	katakhraome 
G72692	katapsiykho 
G72693	katiyðolos 
G72694	katenantiy 
G72695	katenopiyon 
G72696	kateksusiyazo 
G72697	katergazome 
G72698	katerkhome 
G72699	katesθiyo 
G72700	katefθiyno 
G72701	katevloyeo 
G72702	katefiystiymiy 
G72703	katekho 
G72704	katiygoreo 
G72705	katiygoriya 
G72706	katiygoros 
G72707	katiygor 
G72708	katiyfiya 
G72709	katiykheo 
G72710	katiyoome 
G72711	katiyskhiyo 
G72712	katiykeo 
G72713	katiykiysiys 
G72714	katiykiytiyriyon 
G72715	katiykiya 
G72716	katiykiyzo 
G72717	katoptriyzome 
G72718	kato 
G72719	katoteros 
G72720	katotero 
G72721	kavða 
G72722	kavma 
G72723	kavmatiyzo 
G72724	kafsiys 
G72725	kafsoome 
G72726	kafstiyriyazo 
G72727	kafson 
G72728	kafkhaome 
G72729	kafkhiyma 
G72730	kafkhiysiys 
G72731	kafarnaum 
G72732	kengghree 
G72733	keðron 
G72734	kiyme 
G72735	kiyriya 
G72736	kiyro 
G72737	kelefzma 
G72738	kelevo 
G72739	kenoðoksiya 
G72740	kenoðoksos 
G72741	kenos 
G72742	kenofoniya 
G72743	kenoo 
G72744	kentron 
G72745	kentiyriyon 
G72746	kenos 
G72747	kerea 
G72748	keramefs 
G72749	keramiykos 
G72750	keramiyon 
G72751	keramos 
G72752	keranniymiy 
G72753	keras 
G72754	keratiyon 
G72755	kerðeno 
G72756	kerðos 
G72757	kerma 
G72758	kermatiystiys 
G72759	kefaleon 
G72760	kefaliy 
G72761	kefaliyoo 
G72762	kefaliys 
G72763	kiymoo 
G72764	kiynsos 
G72765	kiypos 
G72766	kiypuros 
G72767	kiyriygma 
G72768	kiyriyks 
G72769	kiyriysso 
G72770	kiytos 
G72771	kiyfas 
G72772	kiyvotos 
G72773	kiyθara 
G72774	kiyθariyzo 
G72775	kiyθaroðos 
G72776	kiyliykiya 
G72777	kiynðiynevo 
G72778	kiynðiynos 
G72779	kiyneo 
G72780	kiynnamomon 
G72781	kiys 
G72782	kiykhriymiy 
G72783	klaðos 
G72784	kleo 
G72785	klasiys 
G72786	klazma 
G72787	klavðiya 
G72788	klavðiyos 
G72789	klafθmos 
G72790	klao 
G72791	kliys 
G72792	kliyo 
G72793	klemma 
G72794	kleopas 
G72795	kleos 
G72796	kleptiys 
G72797	klepto 
G72798	kliyma 
G72799	kliymiys 
G72800	kliyronomeo 
G72801	kliyronomiya 
G72802	kliyronomos 
G72803	kliyros 
G72804	kliyroo 
G72805	kliysiys 
G72806	kliytos 
G72807	kliyvanos 
G72808	kliyma 
G72809	kliynariyon 
G72810	kliyniy 
G72811	kliyniyðiyon 
G72812	kliyno 
G72813	kliysiya 
G72814	klopiy 
G72815	kliyðon 
G72816	kliyðoniyzome 
G72817	klopas 
G72818	kniyθome 
G72819	kniyðos 
G72820	koðrantiys 
G72821	kiyliya 
G72822	kiymaome 
G72823	kiymiysiys 
G72824	kiynos 
G72825	kiynoo 
G72826	kiynoneo 
G72827	kiynoniya 
G72828	kiynoniykos 
G72829	kiynonos 
G72830	kiytiy 
G72831	kiyton 
G72832	kokkiynos 
G72833	kokkos 
G72834	kolazo 
G72835	kolakiya 
G72836	kolasiys 
G72837	kolafiyzo 
G72838	kollaome 
G72839	kolluriyon 
G72840	kolliyviystiys 
G72841	kolovoo 
G72842	kolosse 
G72843	kolpos 
G72844	koliymvao 
G72845	koliymviyθra 
G72846	koloniya 
G72847	komao 
G72848	komiy 
G72849	komiyzo 
G72850	kompsoteron 
G72851	koniyao 
G72852	koniyortos 
G72853	kopazo 
G72854	kopetos 
G72855	kopiy 
G72856	kopiyao 
G72857	kopos 
G72858	kopriya 
G72859	kopriyon 
G72860	kopto 
G72861	koraks 
G72862	korasiyon 
G72863	korvan 
G72864	korvanas 
G72865	kore 
G72866	korenniymiy 
G72867	koriynθiyos 
G72868	koriynθos 
G72869	korniyliyos 
G72870	koros 
G72871	kozmeo 
G72872	kozmiykos 
G72873	kozmiyos 
G72874	kozmokrator 
G72875	kozmos 
G72876	kuartos 
G72877	kum 
G72878	kustoðiya 
G72879	kufiyzo 
G72880	kofiynos 
G72881	kravattos 
G72882	krazo 
G72883	krepaliy 
G72884	kraniyon 
G72885	kraspeðon 
G72886	krateoome 
G72887	krateos 
G72888	krateo 
G72889	kratiystos 
G72890	kratos 
G72891	kravgazo 
G72892	kravyiy 
G72893	kreas 
G72894	kriytton 
G72895	kremanniymiy 
G72896	kriymnos 
G72897	kriys 
G72898	kriyskiys 
G72899	kriytiy 
G72900	kriyθiy 
G72901	kriyθiynos 
G72902	kriyma 
G72903	kriynon 
G72904	kriyno 
G72905	kriysiys 
G72906	kriyspos 
G72907	kriytiyriyon 
G72908	kriytiys 
G72909	kriytiykos 
G72910	kruo 
G72911	kriyptiy 
G72912	kriyptos 
G72913	kriypto 
G72914	kriystalliyzo 
G72915	kriystallos 
G72916	kriyfeos 
G72917	kriyfiy 
G72918	ktaome 
G72919	ktiyma 
G72920	ktiynos 
G72921	ktiytor 
G72922	ktiyzo 
G72923	ktiysiys 
G72924	ktiyzma 
G72925	ktiystiys 
G72926	kiyviya 
G72927	kiyverniysiys 
G72928	kiyverniytiys 
G72929	kiyklevo 
G72930	kiykloθen 
G72931	kiykloo 
G72932	kiyklo 
G72933	kiyliyome 
G72934	kiyliyzmos 
G72935	kiyllos 
G72936	kiyma 
G72937	kiymvalon 
G72938	kiymiynon 
G72939	kiynariyon 
G72940	kiypriyos 
G72941	kiypros 
G72942	kiypto 
G72943	kiyriyneos 
G72944	kiyriyniy 
G72945	kiyriyniyos 
G72946	kiyriya 
G72947	kiyriyakos 
G72948	kiyriyevo 
G72949	kiyriyos 
G72950	kiyriyotiys 
G72951	kiyroo 
G72952	kiyon 
G72953	kolon 
G72954	koliyo 
G72955	komiy 
G72956	komopoliys 
G72957	komos 
G72958	konops 
G72959	kos 
G72960	kosam 
G72961	kofos 
G72962	langghano 
G72963	lazaros 
G72964	laθra 
G72965	lelaps 
G72966	lakao 
G72967	laktiyzo 
G72968	laleo 
G72969	laliya 
G72970	lamvano 
G72971	lamekh 
G72972	lampas 
G72973	lampros 
G72974	lamprotiys 
G72975	lampros 
G72976	lampo 
G72977	lanθano 
G72978	lakseftos 
G72979	laoðiykiya 
G72980	laoðiykefs 
G72981	laos 
G72982	lariynggs 
G72983	lasea 
G72984	latomeo 
G72985	latriya 
G72986	latrevo 
G72987	lakhanon 
G72988	leyiyon 
G72989	lego 
G72990	liymma 
G72991	liyos 
G72992	liypo 
G72993	liyturyeo 
G72994	liyturyiya 
G72995	liyturyiykos 
G72996	liyturgos 
G72997	lema 
G72998	lentiyon 
G72999	lepiys 
G73000	lepra 
G73001	lepros 
G73002	lepton 
G73003	leiy 
G73004	leiys 
G73005	leiytiys 
G73006	leiytiykos 
G73007	lefkeno 
G73008	lefkos 
G73009	leon 
G73010	liyθiy 
G73011	liympsiys 
G73012	liynos 
G73013	liyros 
G73014	liystiys 
G73015	liyan 
G73016	liyvanos 
G73017	liyvanotos 
G73018	liyvertiynos 
G73019	liyviy 
G73020	liyθazo 
G73021	liyθiynos 
G73022	liyθovoleo 
G73023	liyθos 
G73024	liyθostrotos 
G73025	liykmao 
G73026	liymiyn 
G73027	liymiyn 
G73028	liymniy 
G73029	liymos 
G73030	liynon 
G73031	liynos 
G73032	liyparos 
G73033	liytra 
G73034	liyps 
G73035	loyiya 
G73036	loyiyzome 
G73037	loyiykos 
G73038	loyiyon 
G73039	loyiyos 
G73040	loyiyzmos 
G73041	logomakheo 
G73042	logomakhiya 
G73043	logos 
G73044	longghiy 
G73045	liyðoreo 
G73046	liyðoriya 
G73047	liyðoros 
G73048	liymos 
G73049	liypos 
G73050	lukas 
G73051	lukiyos 
G73052	lutron 
G73053	luo 
G73054	liyðða 
G73055	liyðiya 
G73056	liykaoniya 
G73057	liykaoniystiy 
G73058	liykiya 
G73059	liykos 
G73060	liymenome 
G73061	liypeo 
G73062	liypiy 
G73063	liysaniyas 
G73064	liysiyas 
G73065	liysiys 
G73066	liysiyteliy 
G73067	liystra 
G73068	liytron 
G73069	liytroome 
G73070	liytrosiys 
G73071	liytrotiys 
G73072	liykhniya 
G73073	liykhnos 
G73074	liyo 
G73075	loiys 
G73076	lot 
G73077	maaθ 
G73078	magaðan 
G73079	magðaliyniy 
G73080	mayiya 
G73081	mayevo 
G73082	magos 
G73083	magog 
G73084	maðiyam 
G73085	maθiytevo 
G73086	maθiytiys 
G73087	maθiytriya 
G73088	maθθeos 
G73089	maθθat 
G73090	maθθiyas 
G73091	maθusala 
G73092	menome 
G73093	makariyzo 
G73094	makariyos 
G73095	makariyzmos 
G73096	makeðoniya 
G73097	makeðon 
G73098	makellon 
G73099	makran 
G73100	makroθen 
G73101	makroθiymeo 
G73102	makroθiymiya 
G73103	makroθiymos 
G73104	makros 
G73105	makrokhroniyos 
G73106	malakiya 
G73107	malakos 
G73108	maleliyl 
G73109	maliysta 
G73110	mallon 
G73111	malkhos 
G73112	mammiy 
G73113	mamonas 
G73114	manen 
G73115	manassiys 
G73116	manθano 
G73117	maniya 
G73118	manna 
G73119	mantevome 
G73120	marenome 
G73121	marana 
G73122	margariytiys 
G73123	marθa 
G73124	mariya 
G73125	mariyam 
G73126	markos 
G73127	marmaros 
G73128	martiyreo 
G73129	martiyriya 
G73130	martiyriyon 
G73131	martiyrome 
G73132	martiys 
G73133	masaome 
G73134	mastiygoo 
G73135	mastiyzo 
G73136	mastiyks 
G73137	mastos 
G73138	mateoloyiya 
G73139	mateologos 
G73140	mateoome 
G73141	mateos 
G73142	mateotiys 
G73143	matiyn 
G73144	matθan 
G73145	mattaθa 
G73146	mattaθiyas 
G73147	makhera 
G73148	makhiy 
G73149	makhome 
G73150	megaliyos 
G73151	megaliyotiys 
G73152	megaloprepiys 
G73153	megaliyno 
G73154	megalos 
G73155	megalosiyniy 
G73156	megas 
G73157	meyeθos 
G73158	meyiystan 
G73159	meyiystos 
G73160	meθermiynevo 
G73161	meθiy 
G73162	meθiystiymiy 
G73163	meθoðiya 
G73164	meθiyskome 
G73165	meθiysos 
G73166	meθiyo 
G73167	miyzoteros 
G73168	miyzon 
G73169	melan 
G73170	melas 
G73171	melea 
G73172	meliy 
G73173	meletao 
G73174	meliy 
G73175	meliytiy 
G73176	mello 
G73177	melos 
G73178	melkhiy 
G73179	melkhiyseðek 
G73180	memvrana 
G73181	memfome 
G73182	mempsiymiyros 
G73183	men 
G73184	menna 
G73185	menun 
G73186	menunye 
G73187	mentiy 
G73188	meno 
G73189	meriyzo 
G73190	meriymna 
G73191	meriymnao 
G73192	meriys 
G73193	meriyzmos 
G73194	meriystiys 
G73195	meros 
G73196	mesiymvriya 
G73197	mesiytevo 
G73198	mesiytiys 
G73199	mesoniyktiyon 
G73200	mesopotamiya 
G73201	mesos 
G73202	mesotiykhon 
G73203	mesuraniyma 
G73204	mesoo 
G73205	messiyas 
G73206	mestos 
G73207	mestoo 
G73208	meta 
G73209	metaveno 
G73210	metavallome 
G73211	metago 
G73212	metaðiyðomiy 
G73213	metaθesiys 
G73214	metero 
G73215	metakaleome 
G73216	metakiyneo 
G73217	metalamvano 
G73218	metaliympsiys 
G73219	metallasso 
G73220	metamelome 
G73221	metamorfoome 
G73222	metanoeo 
G73223	metaniya 
G73224	metaksiy 
G73225	metapempome 
G73226	metastrefo 
G73227	metaskhiymatiyzo 
G73228	metatiyθiymiy 
G73229	metatrepo 
G73230	metepiyta 
G73231	metekho 
G73232	meteoriyzome 
G73233	metiykesiya 
G73234	metiykiyzo 
G73235	metokhiy 
G73236	metokhos 
G73237	metreo 
G73238	metriytiys 
G73239	metriyopaθeo 
G73240	metriyos 
G73241	metron 
G73242	metopon 
G73243	mekhriys 
G73244	miy 
G73245	miyye 
G73246	miyðamos 
G73247	miyðe 
G73248	miyðiys 
G73249	miyðepote 
G73250	miyðepo 
G73251	miyðos 
G73252	miyketiy 
G73253	miykos 
G73254	miykiynome 
G73255	miylotiy 
G73256	miyn 
G73257	miyn 
G73258	miyniyo 
G73259	miypote 
G73260	miypo 
G73261	miyros 
G73262	miyte 
G73263	miytiyr 
G73264	miytiy 
G73265	miytiyye 
G73266	miytra 
G73267	miytroloas 
G73268	miyeno 
G73269	miyazma 
G73270	miyazmos 
G73271	miygma 
G73272	miygniymiy 
G73273	miykros 
G73274	miyliytos 
G73275	miyliyon 
G73276	miymeome 
G73277	miymiytiys 
G73278	miymniyskome 
G73279	miyseo 
G73280	miysθapoðosiya 
G73281	miysθapoðotiys 
G73282	miysθiyos 
G73283	miysθoome 
G73284	miysθos 
G73285	miysθoma 
G73286	miysθotos 
G73287	miytiyliyniy 
G73288	miykhel 
G73289	mna 
G73290	mnason 
G73291	mniya 
G73292	mniyma 
G73293	mniymiyon 
G73294	mniymiy 
G73295	mniymonevo 
G73296	mniymosiynon 
G73297	mniystevome 
G73298	moyiylalos 
G73299	moyiys 
G73300	moðiyos 
G73301	miykhaliys 
G73302	miykhaome 
G73303	miykhiya 
G73304	miykhevo 
G73305	miykhos 
G73306	moliys 
G73307	molokh 
G73308	moliyno 
G73309	moliyzmos 
G73310	momfiy 
G73311	moniy 
G73312	monoyeniys 
G73313	monon 
G73314	monoome 
G73315	monos 
G73316	monofθalmos 
G73317	morfiy 
G73318	morfoo 
G73319	morfosiys 
G73320	moskhopiyeo 
G73321	moskhos 
G73322	musiykos 
G73323	mokhθos 
G73324	miyelos 
G73325	miyeome 
G73326	miyθos 
G73327	miykaome 
G73328	miyktiyriyzo 
G73329	miyliykos 
G73330	miyliynos 
G73331	miylos 
G73332	miyra 
G73333	miyriyas 
G73334	miyriyzo 
G73335	miyriyiy 
G73336	miyron 
G73337	miysiya 
G73338	miystiyriyon 
G73339	miyopazo 
G73340	molops 
G73341	momaome 
G73342	momos 
G73343	moreno 
G73344	moriya 
G73345	moroloyiya 
G73346	moros 
G73347	moiysiys 
G73348	naasson 
G73349	nangge 
G73350	nazara 
G73351	nazareθ 
G73352	nazaret 
G73353	nazariynos 
G73354	nazoreos 
G73355	naθam 
G73356	naθanel 
G73357	ne 
G73358	neman 
G73359	naiyn 
G73360	naos 
G73361	naum 
G73362	narðos 
G73363	narkiyssos 
G73364	navayeo 
G73365	nafkliyros 
G73366	nafs 
G73367	naftiys 
G73368	nakhor 
G73369	nea 
G73370	neaniyas 
G73371	neaniyskos 
G73372	nekros 
G73373	nekroo 
G73374	nekrosiys 
G73375	neos 
G73376	neotiys 
G73377	neofiytos 
G73378	nevo 
G73379	nefeliy 
G73380	nefθaliym 
G73381	nefos 
G73382	nefros 
G73383	neokoros 
G73384	neoteriykos 
G73385	niy 
G73386	niyθo 
G73387	niypiyazo 
G73388	niypiyos 
G73389	niyrefs 
G73390	niyriy 
G73391	niysiyon 
G73392	niysos 
G73393	niystiya 
G73394	niystevo 
G73395	niystiys 
G73396	niyfaliyos 
G73397	niyfo 
G73398	niyyer 
G73399	niykanor 
G73400	niykao 
G73401	niykiy 
G73402	niykoðiymos 
G73403	niykolaiytiys 
G73404	niykolaos 
G73405	niykopoliys 
G73406	niykos 
G73407	niyneiytiys 
G73408	niyptiyr 
G73409	niypto 
G73410	noeo 
G73411	niyma 
G73412	noθos 
G73413	nomiy 
G73414	nomiyzo 
G73415	nomiykos 
G73416	nomiymos 
G73417	nomiyzma 
G73418	nomoðiyðaskalos 
G73419	nomoθesiya 
G73420	nomoθeteome 
G73421	nomoθetiys 
G73422	nomos 
G73423	noseo 
G73424	nosos 
G73425	nossiya 
G73426	nossiyon 
G73427	nossos 
G73428	nosfiyzome 
G73429	notos 
G73430	nuθesiya 
G73431	nuθeteo 
G73432	numiyniya 
G73433	nunekhos 
G73434	nus 
G73435	niymfa 
G73436	niymfas 
G73437	niymfiy 
G73438	niymfiyos 
G73439	niymfon 
G73440	niyn 
G73441	niyniy 
G73442	niyks 
G73443	niysso 
G73444	niystazo 
G73445	niykhθiymeron 
G73446	noe 
G73447	noθros 
G73448	notos 
G73449	kseniya 
G73450	kseniyzo 
G73451	ksenoðokheo 
G73452	ksenos 
G73453	ksestiys 
G73454	ksiyreno 
G73455	ksiyros 
G73456	ksiyliynos 
G73457	ksiylon 
G73458	ksiyraome 
G73459	o 
G73460	ogðiykonta 
G73461	ogðoos 
G73462	onggos 
G73463	oðe 
G73464	oðevo 
G73465	oðiyyeo 
G73466	oðiygos 
G73467	oðiyporeo 
G73468	oðiyporiya 
G73469	oðos 
G73470	oðus 
G73471	oðiynaome 
G73472	oðiyniy 
G73473	oðiyrmos 
G73474	oziyas 
G73475	ozo 
G73476	oθen 
G73477	oθoniy 
G73478	oθoniyon 
G73479	iyða 
G73480	iykiyos 
G73481	iyketiya 
G73482	iyketiys 
G73483	iykeo 
G73484	iykiyma 
G73485	iykiytiyriyon 
G73486	iykiya 
G73487	iykiyakos 
G73488	iykoðespoteo 
G73489	iykoðespotiys 
G73490	iykoðomeo 
G73491	iykoðomiy 
G73492	iykoðomos 
G73493	iykonomeo 
G73494	iykonomiya 
G73495	iykonomos 
G73496	iykos 
G73497	iykumeniy 
G73498	iykurgos 
G73499	iyktiyrmos 
G73500	iyktiyrmon 
G73501	iyktiyro 
G73502	iyme 
G73503	iynopotiys 
G73504	iynos 
G73505	iynofliyyiya 
G73506	iyos 
G73507	okneo 
G73508	okniyros 
G73509	oktemeros 
G73510	okto 
G73511	oleθros 
G73512	oliygopiystiya 
G73513	oliygopiystos 
G73514	oliygos 
G73515	oliygopsiykhos 
G73516	oliygoreo 
G73517	oliygos 
G73518	oloθreftiys 
G73519	oloθrevo 
G73520	olokaftoma 
G73521	olokliyriya 
G73522	olokliyros 
G73523	ololiyzo 
G73524	olos 
G73525	oloteliys 
G73526	oliympas 
G73527	oliynθos 
G73528	olos 
G73529	omvros 
G73530	omiyrome 
G73531	omiyleo 
G73532	omiyliya 
G73533	omiykhliy 
G73534	omma 
G73535	omniyo 
G73536	omoθiymaðon 
G73537	omiyazo 
G73538	omiyopaθiys 
G73539	omiyos 
G73540	omiyotiys 
G73541	omiyoo 
G73542	omiyoma 
G73543	omiyos 
G73544	omiyosiys 
G73545	omoloyeo 
G73546	omoloyiya 
G73547	omologumenos 
G73548	omotekhnos 
G73549	omu 
G73550	omofron 
G73551	omos 
G73552	onar 
G73553	onariyon 
G73554	oniyðiyzo 
G73555	oniyðiyzmos 
G73556	oniyðos 
G73557	oniysiymos 
G73558	oniysiyforos 
G73559	oniykos 
G73560	oniyniymiy 
G73561	onoma 
G73562	onomazo 
G73563	onos 
G73564	ontos 
G73565	oksos 
G73566	oksiys 
G73567	opiy 
G73568	opiysθen 
G73569	opiyso 
G73570	opliyzome 
G73571	oplon 
G73572	opiyos 
G73573	opote 
G73574	opu 
G73575	optanome 
G73576	optasiya 
G73577	optos 
G73578	opora 
G73579	opos 
G73580	orama 
G73581	orasiys 
G73582	oratos 
G73583	orao 
G73584	oryiy 
G73585	oryiyzome 
G73586	oryiylos 
G73587	oryiya 
G73588	oregome 
G73589	oriynos 
G73590	oreksiys 
G73591	orθopoðeo 
G73592	orθos 
G73593	orθotomeo 
G73594	orθriyzo 
G73595	orθriynos 
G73596	orθros 
G73597	orθos 
G73598	oriyzo 
G73599	oriyon 
G73600	orkiyzo 
G73601	orkos 
G73602	orkomosiya 
G73603	ormao 
G73604	ormiy 
G73605	ormiyma 
G73606	orneon 
G73607	orniys 
G73608	oroθesiya 
G73609	oros 
G73610	oriysso 
G73611	orfanos 
G73612	orkheome 
G73613	os 
G73614	osakiys 
G73615	osiyos 
G73616	osiyotiys 
G73617	osiyos 
G73618	ozmiy 
G73619	osos 
G73620	osteon 
G73621	ostiys 
G73622	ostrakiynos 
G73623	osfriysiys 
G73624	osfiys 
G73625	otan 
G73626	ote 
G73627	otiy 
G73628	u 
G73629	u 
G73630	u 
G73631	ua 
G73632	ue 
G73633	uðamos 
G73634	uðe 
G73635	uðiys 
G73636	uðepote 
G73637	uðepo 
G73638	uketiy 
G73639	ukun 
G73640	un 
G73641	upo 
G73642	ura 
G73643	uraniyos 
G73644	uranoθen 
G73645	uranos 
G73646	urvanos 
G73647	uriyas 
G73648	us 
G73649	usiya 
G73650	ute 
G73651	utos 
G73652	utos 
G73653	ukhiy 
G73654	ofiyletiys 
G73655	ofiyliy 
G73656	ofiyliyma 
G73657	ofiylo 
G73658	ofelon 
G73659	ofelos 
G73660	ofθalmoðuliya 
G73661	ofθalmos 
G73662	ofiys 
G73663	ofriys 
G73664	okhleome 
G73665	okhlopiyeo 
G73666	okhlos 
G73667	okhiyroma 
G73668	opsariyon 
G73669	opse 
G73670	opsiya 
G73671	opsiymos 
G73672	opsiys 
G73673	opsoniyon 
G73674	payiyðevo 
G73675	payiys 
G73676	pagos 
G73677	paθiyma 
G73678	paθiytos 
G73679	paθos 
G73680	peðagogos 
G73681	peðariyon 
G73682	peðiya 
G73683	peðeftiys 
G73684	peðevo 
G73685	peðiyoθen 
G73686	peðiyon 
G73687	peðiyskiy 
G73688	pezo 
G73689	pes 
G73690	peo 
G73691	pale 
G73692	paleos 
G73693	paleotiys 
G73694	paleoo 
G73695	paliy 
G73696	paliynggenesiya 
G73697	paliyn 
G73698	pampliyθiy 
G73699	pamfiyliya 
G73700	panðokhiyon 
G73701	panðokhefs 
G73702	paniyyiyriys 
G73703	paniykiy 
G73704	panopliya 
G73705	panuryiya 
G73706	panurgos 
G73707	pantakhiy 
G73708	pantakhu 
G73709	panteliys 
G73710	pantiy 
G73711	pantoθen 
G73712	pantokrator 
G73713	pantote 
G73714	pantos 
G73715	para 
G73716	paraveno 
G73717	paravallo 
G73718	paravasiys 
G73719	paravatiys 
G73720	paraviyazome 
G73721	paravolevome 
G73722	paravoliy 
G73723	paranggeliya 
G73724	paranggello 
G73725	parayiynome 
G73726	parago 
G73727	paraðiygmatiyzo 
G73728	paraðiysos 
G73729	paraðekhome 
G73730	paraðiyðomiy 
G73731	paraðoksos 
G73732	paraðosiys 
G73733	paraziyloo 
G73734	paraθalassiyos 
G73735	paraθeoreo 
G73736	paraθiykiy 
G73737	pareneo 
G73738	pareteome 
G73739	parakaθezome 
G73740	parakaleo 
G73741	parakaliyptome 
G73742	parakiyme 
G73743	parakliysiys 
G73744	parakliytos 
G73745	parakiy 
G73746	parakoluθeo 
G73747	parakuo 
G73748	parakiypto 
G73749	paralamvano 
G73750	paralegome 
G73751	paraliyos 
G73752	parallayiy 
G73753	paraloyiyzome 
G73754	paraliyome 
G73755	paraliytiykos 
G73756	parameno 
G73757	paramiyθeome 
G73758	paramiyθiya 
G73759	paramiyθiyon 
G73760	paranomeo 
G73761	paranomiya 
G73762	parapiykreno 
G73763	parapiykrazmos 
G73764	parapiypto 
G73765	parapleo 
G73766	parapliysiyon 
G73767	parapliysiyos 
G73768	paraporevome 
G73769	paraptoma 
G73770	pararreo 
G73771	parasiymos 
G73772	paraskevazo 
G73773	paraskeiy 
G73774	paratiyno 
G73775	paratiyreo 
G73776	paratiyriysiys 
G73777	paratiyθiymiy 
G73778	paratiyngghano 
G73779	paraftiyka 
G73780	parafero 
G73781	parafroneo 
G73782	parafroniya 
G73783	parakhiymazo 
G73784	parakhiymasiya 
G73785	parakhriyma 
G73786	parðaliys 
G73787	pareðrevo 
G73788	pariymiy 
G73789	pariysago 
G73790	pariysaktos 
G73791	pariyzðiyo 
G73792	pariyserkhome 
G73793	pariysfero 
G73794	parektos 
G73795	paremvallo 
G73796	paremvoliy 
G73797	parenokhleo 
G73798	parepiyðiymos 
G73799	parerkhome 
G73800	paresiys 
G73801	parekho 
G73802	pariygoriya 
G73803	parθeniya 
G73804	parθenos 
G73805	parθos 
G73806	pariyiymiy 
G73807	pariystiymiy 
G73808	parmenas 
G73809	paroðos 
G73810	pariykeo 
G73811	pariykiya 
G73812	pariykos 
G73813	pariymiya 
G73814	pariynos 
G73815	pariykhome 
G73816	paromiyazo 
G73817	paromiyos 
G73818	paroksiynome 
G73819	paroksiyzmos 
G73820	paroryiyzo 
G73821	paroryiyzmos 
G73822	parotriyno 
G73823	parusiya 
G73824	paropsiys 
G73825	parriysiya 
G73826	parriysiyazome 
G73827	pas 
G73828	paskha 
G73829	paskho 
G73830	patara 
G73831	patasso 
G73832	pateo 
G73833	patiyr 
G73834	patmos 
G73835	patriya 
G73836	patriyarkhiys 
G73837	patriykos 
G73838	patriys 
G73839	patrovas 
G73840	patroloas 
G73841	patroparaðotos 
G73842	patroos 
G73843	pavlos 
G73844	pavo 
G73845	pafos 
G73846	pakhiynome 
G73847	peðiy 
G73848	peðiynos 
G73849	pezevo 
G73850	peziy 
G73851	piyθarkheo 
G73852	piyθos 
G73853	piyθo 
G73854	piynao 
G73855	piyra 
G73856	piyrazo 
G73857	piyrazmos 
G73858	piyrao 
G73859	piyzmoniy 
G73860	pelagos 
G73861	pelekiyzo 
G73862	pemptos 
G73863	pempo 
G73864	peniys 
G73865	penθera 
G73866	penθeros 
G73867	penθeo 
G73868	penθos 
G73869	peniykhros 
G73870	pentakiys 
G73871	pentakiyskhiyliyiy 
G73872	pentakosiyiy 
G73873	pente 
G73874	pentekeðekatos 
G73875	pentiykonta 
G73876	pentiykostiy 
G73877	pepiyθiysiys 
G73878	peretero 
G73879	peran 
G73880	peras 
G73881	pergamos 
G73882	peryiy 
G73883	periy 
G73884	periyago 
G73885	periyereo 
G73886	periyapto 
G73887	periyastrapto 
G73888	periyvallo 
G73889	periyvlepome 
G73890	periyvoleon 
G73891	periyðeo 
G73892	periyergazome 
G73893	periyergos 
G73894	periyerkhome 
G73895	periyekho 
G73896	periyzonniymiy 
G73897	periyθesiys 
G73898	periyiystiymiy 
G73899	periykaθarma 
G73900	periykaliypto 
G73901	periykiyme 
G73902	periykefalea 
G73903	periykratiys 
G73904	periykriyvo 
G73905	periykiykloo 
G73906	periylampo 
G73907	periyliypome 
G73908	periyliypos 
G73909	periymeno 
G73910	periyks 
G73911	periyiykeo 
G73912	periyiykos 
G73913	periyusiyos 
G73914	periyokhiy 
G73915	periypateo 
G73916	periypiyro 
G73917	periypiypto 
G73918	periypiyeome 
G73919	periypiyiysiys 
G73920	periyriygniymiy 
G73921	periyspaome 
G73922	periyssiya 
G73923	periyssevma 
G73924	periyssevo 
G73925	periyssos 
G73926	periyssoteron 
G73927	periyssoteros 
G73928	periyssoteros 
G73929	periyssos 
G73930	periystera 
G73931	periytemno 
G73932	periytiyθiymiy 
G73933	periytomiy 
G73934	periytrepo 
G73935	periytrekho 
G73936	periyfero 
G73937	periyfroneo 
G73938	periykhoros 
G73939	periypsiyma 
G73940	perperevome 
G73941	persiys 
G73942	periysiyn 
G73943	petiynon 
G73944	petome 
G73945	petra 
G73946	petros 
G73947	petroðes 
G73948	piyganon 
G73949	piyyiy 
G73950	piygniymiy 
G73951	piyðaliyon 
G73952	piyliykos 
G73953	piylos 
G73954	piyra 
G73955	piykhiys 
G73956	piyazo 
G73957	piyezo 
G73958	piyθanoloyiya 
G73959	piykreno 
G73960	piykriya 
G73961	piykros 
G73962	piykros 
G73963	piylatos 
G73964	piympliymiy 
G73965	piympriymiy 
G73966	piynakiyðiyon 
G73967	piynaks 
G73968	piyno 
G73969	piyotiys 
G73970	piyprasko 
G73971	piypto 
G73972	piysiyðiya 
G73973	piystevo 
G73974	piystiykos 
G73975	piystiys 
G73976	piystoome 
G73977	piystos 
G73978	planao 
G73979	planiy 
G73980	planiytiys 
G73981	planos 
G73982	plaks 
G73983	plazma 
G73984	plasso 
G73985	plastos 
G73986	platiya 
G73987	platos 
G73988	platiyno 
G73989	platiys 
G73990	plegma 
G73991	pleko 
G73992	pleonazo 
G73993	pleonekteo 
G73994	pleonektiys 
G73995	pleoneksiya 
G73996	plevra 
G73997	pleo 
G73998	pliyyiy 
G73999	pliyθos 
G74000	pliyθiyno 
G74001	pliyktiys 
G74002	pliymmiyra 
G74003	pliyn 
G74004	pliyriys 
G74005	pliyroforeo 
G74006	pliyroforiya 
G74007	pliyroo 
G74008	pliyroma 
G74009	pliysiyon 
G74010	pliyzmoniy 
G74011	pliysso 
G74012	pliyariyon 
G74013	pliyon 
G74014	plus 
G74015	plusiyos 
G74016	plusiyos 
G74017	pluteo 
G74018	plutiyzo 
G74019	plutos 
G74020	pliyno 
G74021	pnevma 
G74022	pnevmatiykos 
G74023	pnevmatiykos 
G74024	pneo 
G74025	pniygo 
G74026	pniyktos 
G74027	pniy 
G74028	poðiyriys 
G74029	poθen 
G74030	piyeo 
G74031	piyiyma 
G74032	piyiysiys 
G74033	piyiytiys 
G74034	piykiylos 
G74035	piymeno 
G74036	piymiyn 
G74037	piymniy 
G74038	piymniyon 
G74039	piyos 
G74040	polemeo 
G74041	polemos 
G74042	poliys 
G74043	poliys 
G74044	poliytarkhiys 
G74045	poliytiya 
G74046	poliytevma 
G74047	poliytevome 
G74048	poliytiys 
G74049	pollakiys 
G74050	pollaplasiyon 
G74051	poliyloyiya 
G74052	poliymeros 
G74053	poliypiykiylos 
G74054	poliys 
G74055	poliysplangghnos 
G74056	poliyteliys 
G74057	poliytiymos 
G74058	poliytropos 
G74059	poma 
G74060	poniyriya 
G74061	poniyros 
G74062	ponos 
G74063	pontiykos 
G74064	pontiyos 
G74065	pontos 
G74066	popliyos 
G74067	poriya 
G74068	porevome 
G74069	porθeo 
G74070	poriyzmos 
G74071	porkiyos 
G74072	porniya 
G74073	pornevo 
G74074	porniy 
G74075	pornos 
G74076	porro 
G74077	porroθen 
G74078	porroteron 
G74079	porfiyra 
G74080	porfiyropoliys 
G74081	porfiyrus 
G74082	posakiys 
G74083	posiys 
G74084	posos 
G74085	potamos 
G74086	potamoforiytos 
G74087	potapos 
G74088	pote 
G74089	pote 
G74090	poteron 
G74091	potiyriyon 
G74092	potiyzo 
G74093	potiyoliy 
G74094	potos 
G74095	pu 
G74096	pu 
G74097	puðiys 
G74098	pus 
G74099	pragma 
G74100	pragmatiya 
G74101	pragmatevome 
G74102	pretoriyon 
G74103	praktor 
G74104	praksiys 
G74105	prasiya 
G74106	prasso 
G74107	praiypaθiya 
G74108	praiys 
G74109	praiytiys 
G74110	prepo 
G74111	prezviya 
G74112	prezvevo 
G74113	prezviyteriyon 
G74114	prezviyteros 
G74115	prezviytiys 
G74116	prezviytiys 
G74117	priyniys 
G74118	priyzo 
G74119	priyn 
G74120	priyska 
G74121	priyskiylla 
G74122	pro 
G74123	proago 
G74124	proereome 
G74125	proetiyaome 
G74126	proakuo 
G74127	proamartano 
G74128	proavliyon 
G74129	proveno 
G74130	provallo 
G74131	provatiykos 
G74132	provaton 
G74133	proviyvazo 
G74134	provlepome 
G74135	proyiynome 
G74136	proyiynosko 
G74137	prognosiys 
G74138	progonos 
G74139	prografo 
G74140	proðiylos 
G74141	proðiyðomiy 
G74142	proðotiys 
G74143	proðromos 
G74144	proelpiyzo 
G74145	proenarkhome 
G74146	proepanggellome 
G74147	proerkhome 
G74148	proetiymazo 
G74149	proevanggeliyzome 
G74150	proekhome 
G74151	priyyeome 
G74152	proθesiys 
G74153	proθezmiya 
G74154	proθiymiya 
G74155	proθiymos 
G74156	proθiymos 
G74157	proiymos 
G74158	proiystiymiy 
G74159	prokaleome 
G74160	prokatanggello 
G74161	prokatartiyzo 
G74162	prokiyme 
G74163	prokiyriysso 
G74164	prokopiy 
G74165	prokopto 
G74166	prokriyma 
G74167	prokiyroo 
G74168	prolamvano 
G74169	prolego 
G74170	promartiyrome 
G74171	promeletao 
G74172	promeriymnao 
G74173	pronoeo 
G74174	proniya 
G74175	proorao 
G74176	prooriyzo 
G74177	propaskho 
G74178	propator 
G74179	propempo 
G74180	propetiys 
G74181	proporevome 
G74182	pros 
G74183	prosavvaton 
G74184	prosagorevo 
G74185	prosago 
G74186	prosagoyiy 
G74187	proseteo 
G74188	prosetiys 
G74189	prosanaveno 
G74190	prosanaliysko 
G74191	prosanapliyroo 
G74192	prosanatiyθiymiy 
G74193	prosapiyleome 
G74194	prozðapanao 
G74195	prozðeome 
G74196	prozðekhome 
G74197	prozðokao 
G74198	prozðokiya 
G74199	proseao 
G74200	prosergazome 
G74201	proserkhome 
G74202	prosefkhiy 
G74203	prosefkhome 
G74204	prosekho 
G74205	prosiyloo 
G74206	prosiyliytos 
G74207	proskeros 
G74208	proskaleome 
G74209	proskartereo 
G74210	proskarteriysiys 
G74211	proskefaleon 
G74212	proskliyroome 
G74213	proskliynome 
G74214	proskliysiys 
G74215	proskollaome 
G74216	proskomma 
G74217	proskopiy 
G74218	proskopto 
G74219	proskiyliyo 
G74220	proskiyneo 
G74221	proskiyniytiys 
G74222	proslaleo 
G74223	proslamvanome 
G74224	prosliympsiys 
G74225	prozmeno 
G74226	prosormiyzome 
G74227	prosofiylo 
G74228	prosokhθiyzo 
G74229	prospiynos 
G74230	prospiygniymiy 
G74231	prospiypto 
G74232	prospiyeome 
G74233	prosporevome 
G74234	prozriygniymiy 
G74235	prostasso 
G74236	prostatiys 
G74237	prostiyθiymiy 
G74238	prostrekho 
G74239	prosfayiyon 
G74240	prosfatos 
G74241	prosfatos 
G74242	prosfero 
G74243	prosfiyliys 
G74244	prosfora 
G74245	prosfoneo 
G74246	proskhiysiys 
G74247	prospsavo 
G74248	prosopoliympteo 
G74249	prosopoliymptiys 
G74250	prosopoliympsiya 
G74251	prosopon 
G74252	protiyno 
G74253	proteros 
G74254	protiyθeme 
G74255	protrepome 
G74256	protrekho 
G74257	proiyparkho 
G74258	profasiys 
G74259	profero 
G74260	profiytiya 
G74261	profiytevo 
G74262	profiytiys 
G74263	profiytiykos 
G74264	profiytiys 
G74265	profθano 
G74266	prokhiyriyzome 
G74267	prokhiyrotoneo 
G74268	prokhoros 
G74269	priymna 
G74270	proiy 
G74271	proiya 
G74272	proiynos 
G74273	prora 
G74274	protevo 
G74275	protokaθeðriya 
G74276	protokliysiya 
G74277	proton 
G74278	protos 
G74279	protostatiys 
G74280	prototokiya 
G74281	prototokos 
G74282	protos 
G74283	pteo 
G74284	pterna 
G74285	pteriyyiyon 
G74286	pteriyks 
G74287	ptiynon 
G74288	ptoeome 
G74289	ptiysiys 
G74290	ptolemaiys 
G74291	ptiyon 
G74292	ptiyrome 
G74293	ptiyzma 
G74294	ptiysso 
G74295	ptiyo 
G74296	ptoma 
G74297	ptosiys 
G74298	ptokhiya 
G74299	ptokhevo 
G74300	ptokhos 
G74301	piygmiy 
G74302	piyθon 
G74303	piykna 
G74304	piyknos 
G74305	piyktevo 
G74306	piyliy 
G74307	piylon 
G74308	piynθanome 
G74309	piyr 
G74310	piyra 
G74311	piyrgos 
G74312	piyresso 
G74313	piyretos 
G74314	piyriynos 
G74315	piyroome 
G74316	piyrrazo 
G74317	piyrros 
G74318	piyrros 
G74319	piyrosiys 
G74320	poleo 
G74321	polos 
G74322	popote 
G74323	poroo 
G74324	porosiys 
G74325	pos 
G74326	pos 
G74327	rhaav 
G74328	rhavviy 
G74329	rhavvuniy 
G74330	rhavðiyzo 
G74331	rhavðos 
G74332	rhavðukhos 
G74333	rhagav 
G74334	rhaðiyuryiyma 
G74335	rhaðiyuryiya 
G74336	rhefan 
G74337	rhaka 
G74338	rhakos 
G74339	rhama 
G74340	rhantiyzo 
G74341	rhantiyzmos 
G74342	rhapiyzo 
G74343	rhapiyzma 
G74344	rhafiys 
G74345	rhakhav 
G74346	rhakhiyl 
G74347	rhevekka 
G74348	rheðiy 
G74349	rheo 
G74350	rhiyyiyon 
G74351	rhiygma 
G74352	rhiygniymiy 
G74353	rhiyma 
G74354	rhiysa 
G74355	rhiytor 
G74356	rhiytos 
G74357	rhiyza 
G74358	rhiyzoome 
G74359	rhiypiy 
G74360	rhiypiyzome 
G74361	rhiypto 
G74362	rhovoam 
G74363	rhoðiy 
G74364	rhoðos 
G74365	rhiyziyðon 
G74366	rhomfea 
G74367	rhuviyn 
G74368	rhuθ 
G74369	rhufos 
G74370	rhiymiy 
G74371	rhiyome 
G74372	rhiyparevo 
G74373	rhiypariya 
G74374	rhiyparos 
G74375	rhiypos 
G74376	rhiysiys 
G74377	rhiytiys 
G74378	rhomeos 
G74379	rhomaiystiy 
G74380	rhomiy 
G74381	rhonniyme 
G74382	savakhθaniy 
G74383	savaoθ 
G74384	savvatiyzmos 
G74385	savvaton 
G74386	sayiyniy 
G74387	saððukeos 
G74388	saðok 
G74389	senome 
G74390	sakkos 
G74391	sala 
G74392	salaθiyiyl 
G74393	salamiys 
G74394	saliym 
G74395	salevo 
G74396	saliym 
G74397	salmon 
G74398	salmoniy 
G74399	salos 
G74400	salpiynggs 
G74401	salpiyzo 
G74402	salpiystiys 
G74403	salomiy 
G74404	samariya 
G74405	samariytiys 
G74406	samariytiys 
G74407	samoθrakiy 
G74408	samos 
G74409	samoiyl 
G74410	sampson 
G74411	sanðaliyon 
G74412	saniys 
G74413	saul 
G74414	sapros 
G74415	sapfiyra 
G74416	sapfiyros 
G74417	sarganiy 
G74418	sarðiys 
G74419	sarðiyon 
G74420	sarðoniyks 
G74421	sarepta 
G74422	sarkiykos 
G74423	sarkiynos 
G74424	sarks 
G74425	saroo 
G74426	sarra 
G74427	saron 
G74428	satanas 
G74429	saton 
G74430	savlos 
G74431	zvenniymiy 
G74432	seaftu 
G74433	sevazome 
G74434	sevazma 
G74435	sevastos 
G74436	sevome 
G74437	siyra 
G74438	siyzmos 
G74439	siyo 
G74440	sekunðos 
G74441	selefkiya 
G74442	seliyniy 
G74443	seliyniyazome 
G74444	semeiyn 
G74445	semiyðaliys 
G74446	semnos 
G74447	semnotiys 
G74448	seryiyos 
G74449	serukh 
G74450	siyθ 
G74451	siym 
G74452	siymeno 
G74453	siymiyon 
G74454	siymiyoome 
G74455	siymeron 
G74456	siypo 
G74457	siys 
G74458	siytovrotos 
G74459	sθenoo 
G74460	siyagon 
G74461	siygao 
G74462	siyyiy 
G74463	siyðiyros 
G74464	siyðiyrus 
G74465	siyðon 
G74466	siyðoniyos 
G74467	siykariyos 
G74468	siykera 
G74469	siylas 
G74470	siylas 
G74471	siyluanos 
G74472	siyloam 
G74473	siymiykiynθiyon 
G74474	siymon 
G74475	siyna 
G74476	siynapiy 
G74477	siynðon 
G74478	siyniyazo 
G74479	siyriykos 
G74480	siyteftos 
G74481	siytiyon 
G74482	siytiystos 
G74483	siytometriyon 
G74484	siytos 
G74485	siyon 
G74486	siyopao 
G74487	skanðaliyzo 
G74488	skanðalon 
G74489	skapto 
G74490	skafiy 
G74491	skelos 
G74492	skepazma 
G74493	skevas 
G74494	skeiy 
G74495	skevos 
G74496	skiyniy 
G74497	skiynopiyyiya 
G74498	skiynopiyos 
G74499	skiynos 
G74500	skiynoo 
G74501	skiynoma 
G74502	skiya 
G74503	skiyrtao 
G74504	skliyrokarðiya 
G74505	skliyros 
G74506	skliyrotiys 
G74507	skliyrotrakhiylos 
G74508	skliyriyno 
G74509	skoliyos 
G74510	skolops 
G74511	skopeo 
G74512	skopos 
G74513	skorpiyzo 
G74514	skorpiyos 
G74515	skotiynos 
G74516	skotiya 
G74517	skotiyzome 
G74518	skotoome 
G74519	skotos 
G74520	skiyvalon 
G74521	skiyθiys 
G74522	skiyθropos 
G74523	skiyla 
G74524	skiyllo 
G74525	skoliykovrotos 
G74526	skoliyks 
G74527	zmaragðiynos 
G74528	zmaragðos 
G74529	zmiyrna 
G74530	zmiyrna 
G74531	zmiyrniyzo 
G74532	soðoma 
G74533	solomon 
G74534	solomon 
G74535	soros 
G74536	sos 
G74537	suðariyon 
G74538	susanna 
G74539	sofiya 
G74540	sofiyzo 
G74541	sofos 
G74542	spaniya 
G74543	spaome 
G74544	sparasso 
G74545	sparganoo 
G74546	spatalao 
G74547	spiyra 
G74548	spiyro 
G74549	spekulator 
G74550	spenðome 
G74551	sperma 
G74552	spermologos 
G74553	spevðo 
G74554	spiyleon 
G74555	spiylas 
G74556	spiylos 
G74557	spiyloo 
G74558	splangghniyzome 
G74559	splangghnon 
G74560	sponggos 
G74561	spoðos 
G74562	spora 
G74563	sporiymos 
G74564	sporos 
G74565	spuðazo 
G74566	spuðeos 
G74567	spuðeos 
G74568	spuðiy 
G74569	spiyriys 
G74570	staðiyon 
G74571	staðiyos 
G74572	stamnos 
G74573	stasiyastiys 
G74574	stasiys 
G74575	statiyr 
G74576	stavros 
G74577	stavroo 
G74578	stafiyliy 
G74579	stakhiys 
G74580	stakhiys 
G74581	steyiy 
G74582	stego 
G74583	stiyra 
G74584	stellome 
G74585	stemma 
G74586	stenagmos 
G74587	stenazo 
G74588	stenos 
G74589	stenokhoreome 
G74590	stenokhoriya 
G74591	stereos 
G74592	stereoo 
G74593	stereoma 
G74594	stefanas 
G74595	stefanos 
G74596	stefanos 
G74597	stefanoo 
G74598	stiyθos 
G74599	stiyko 
G74600	stiyriygmos 
G74601	stiyriyzo 
G74602	stiyvas 
G74603	stiygma 
G74604	stiygmiy 
G74605	stiylvo 
G74606	stoa 
G74607	stoa 
G74608	stoiykos 
G74609	stiykhiyon 
G74610	stiykheo 
G74611	stoliy 
G74612	stoma 
G74613	stomakhos 
G74614	stratiya 
G74615	stratevma 
G74616	stratevome 
G74617	stratiygos 
G74618	stratiya 
G74619	stratiyotiys 
G74620	stratoloyeo 
G74621	stratopeðon 
G74622	strevloo 
G74623	strefo 
G74624	striyniyao 
G74625	striynos 
G74626	struθiyon 
G74627	stronniymiy 
G74628	stiyyiytos 
G74629	stiygnazo 
G74630	stiylos 
G74631	siy 
G74632	siynggeniya 
G74633	siynggeniys 
G74634	siynggeniys 
G74635	siynggnomiy 
G74636	siynggaθiyme 
G74637	siynggaθiyzo 
G74638	siynggakopaθeo 
G74639	siynggakukheome 
G74640	siynggaleo 
G74641	siynggaliypto 
G74642	siynggampto 
G74643	siynggataveno 
G74644	siynggataθesiys 
G74645	siynggatatiyθeme 
G74646	siynggatapsiyfiyzome 
G74647	siynggeranniymiy 
G74648	siynggiyneo 
G74649	siynggliyo 
G74650	siynggliyronomos 
G74651	siynggiynoneo 
G74652	siynggiynonos 
G74653	siynggomiyzo 
G74654	siynggriyno 
G74655	siynggiypto 
G74656	siynggiyriya 
G74657	siyngghero 
G74658	siynggheo 
G74659	siyngghraome 
G74660	siyngghiysiys 
G74661	siyzao 
G74662	siyzevgniymiy 
G74663	siyziyteo 
G74664	siyziytiytiys 
G74665	siyziygos 
G74666	siyzoopiyeo 
G74667	siykamiynos 
G74668	siykiy 
G74669	siykomorea 
G74670	siykon 
G74671	siykofanteo 
G74672	siylagoyeo 
G74673	siylao 
G74674	siyllaleo 
G74675	siyllamvano 
G74676	siyllego 
G74677	siylloyiyzome 
G74678	siylliypeome 
G74679	siymveno 
G74680	siymvallo 
G74681	siymvasiylevo 
G74682	siymviyvazo 
G74683	siymvulevo 
G74684	siymvuliyon 
G74685	siymvulos 
G74686	siymeon 
G74687	siymmaθiytiys 
G74688	siymmartiyreo 
G74689	siymmeriyzome 
G74690	siymmetokhos 
G74691	siymmiymiytiys 
G74692	siymmorfiyzome 
G74693	siymmorfos 
G74694	siympaθeo 
G74695	siympaθiys 
G74696	siymparayiynome 
G74697	siymparakaleome 
G74698	siymparalamvano 
G74699	siympariymiy 
G74700	siympaskho 
G74701	siympempo 
G74702	siymperiylamvano 
G74703	siympiyno 
G74704	siympiypto 
G74705	siympliyroo 
G74706	siympniygo 
G74707	siympoliytiys 
G74708	siymporevome 
G74709	siymposiyon 
G74710	siymprezviyteros 
G74711	siymfero 
G74712	siymfiymiy 
G74713	siymforon 
G74714	siymfiyletiys 
G74715	siymfiyome 
G74716	siymfiytos 
G74717	siymfoneo 
G74718	siymfoniysiys 
G74719	siymfoniya 
G74720	siymfonos 
G74721	siympsiyfiyzo 
G74722	siympsiykhos 
G74723	siyn 
G74724	siynago 
G74725	siynagoyiy 
G74726	siynagoniyzome 
G74727	siynaθleo 
G74728	siynaθriyzo 
G74729	siynero 
G74730	siynekhmalotos 
G74731	siynakoluθeo 
G74732	siynaliyzome 
G74733	siynallasso 
G74734	siynanaveno 
G74735	siynanakiyme 
G74736	siynanamiygniymiy 
G74737	siynanapavome 
G74738	siynantao 
G74739	siynantiylamvanome 
G74740	siynapagome 
G74741	siynapoθniysko 
G74742	siynapolliyme 
G74743	siynapostello 
G74744	siynarmoloyeome 
G74745	siynarpazo 
G74746	siynafksanome 
G74747	siynðeome 
G74748	siynðezmos 
G74749	siynðoksazome 
G74750	siynðulos 
G74751	siynðromiy 
G74752	siyneyiyro 
G74753	siyneðriyon 
G74754	siyniyðiysiys 
G74755	siyniymiy 
G74756	siyniyserkhome 
G74757	siynekðiymos 
G74758	siyneklektos 
G74759	siynepiymartiyreo 
G74760	siynepiytiyθeme 
G74761	siynepome 
G74762	siyneryeo 
G74763	siynergos 
G74764	siynerkhome 
G74765	siynesθiyo 
G74766	siynesiys 
G74767	siynetos 
G74768	siynevðokeo 
G74769	siynevokheome 
G74770	siynefiystiymiy 
G74771	siynekho 
G74772	siyniyðome 
G74773	siyniyθiya 
G74774	siyniyliykiyotiys 
G74775	siynθaptome 
G74776	siynθlaome 
G74777	siynθliyvo 
G74778	siynθriypto 
G74779	siyniyiymiy 
G74780	siyniyiymiy 
G74781	siyniystano 
G74782	siyniystiymiy 
G74783	siynoðevo 
G74784	siynoðiya 
G74785	siyniyða 
G74786	siyniykeo 
G74787	siyniykoðomeo 
G74788	siynomiyleo 
G74789	siynomoreo 
G74790	siynorao 
G74791	siynokhiy 
G74792	siyntasso 
G74793	siynteliya 
G74794	siynteleo 
G74795	siyntemno 
G74796	siyntiyreo 
G74797	siyntiyθeme 
G74798	siyntomos 
G74799	siyntrekho 
G74800	siyntriyvo 
G74801	siyntriymma 
G74802	siyntrofos 
G74803	siyntiyngghano 
G74804	siyntiykhiy 
G74805	siyniypokriynome 
G74806	siyniypuryeo 
G74807	siynoðiyno 
G74808	siynomosiya 
G74809	siyrakuse 
G74810	siyriya 
G74811	siyros 
G74812	siyrofiyniykiyssa 
G74813	siyrtiys 
G74814	siyro 
G74815	siysparasso 
G74816	siyssiymon 
G74817	siyssomos 
G74818	siystatiykos 
G74819	siystavroome 
G74820	siystello 
G74821	siystenazo 
G74822	siystiykheo 
G74823	siystratiyotiys 
G74824	siystrefo 
G74825	siystrofiy 
G74826	siyskhiymatiyzome 
G74827	siykhar 
G74828	siykhem 
G74829	sfayiy 
G74830	sfayiyon 
G74831	sfazo 
G74832	sfoðra 
G74833	sfoðros 
G74834	sfrayiyzo 
G74835	sfrayiys 
G74836	sfiyðron 
G74837	skheðon 
G74838	skhiyma 
G74839	skhiyzo 
G74840	skhiyzma 
G74841	skhiyniyon 
G74842	skholazo 
G74843	skholiy 
G74844	sozo 
G74845	soma 
G74846	somatiykos 
G74847	somatiykos 
G74848	sopatros 
G74849	sorevo 
G74850	sosθeniys 
G74851	sosiypatros 
G74852	sotiyr 
G74853	sotiyriya 
G74854	sotiyriyos 
G74855	sofroneo 
G74856	sofroniyzo 
G74857	sofroniyzmos 
G74858	sofronos 
G74859	sofrosiyniy 
G74860	sofron 
G74861	taverniy 
G74862	taviyθa 
G74863	tagma 
G74864	taktos 
G74865	taleporeo 
G74866	taleporiya 
G74867	taleporos 
G74868	talantiyeos 
G74869	talanton 
G74870	taliyθa 
G74871	tamiyon 
G74872	taksiys 
G74873	tapiynos 
G74874	tapiynofrosiyniy 
G74875	tapiynofron 
G74876	tapiynoo 
G74877	tapiynosiys 
G74878	tarasso 
G74879	tarakhos 
G74880	tarsefs 
G74881	tarsos 
G74882	tartaroo 
G74883	tasso 
G74884	tavros 
G74885	tafiy 
G74886	tafos 
G74887	takha 
G74888	takheos 
G74889	takhiynos 
G74890	takhiyon 
G74891	takhos 
G74892	takhiy 
G74893	takhiys 
G74894	te 
G74895	tiykhos 
G74896	tekmiyriyon 
G74897	tekniyon 
G74898	teknogoneo 
G74899	teknogoniya 
G74900	teknon 
G74901	teknotrofeo 
G74902	tekton 
G74903	teliyos 
G74904	teliyotiys 
G74905	teliyoo 
G74906	teliyos 
G74907	teliyosiys 
G74908	teliyotiys 
G74909	telesforeo 
G74910	teleftao 
G74911	teleftiy 
G74912	teleo 
G74913	telos 
G74914	teloniys 
G74915	teloniyon 
G74916	teras 
G74917	tertiyos 
G74918	tertiyllos 
G74919	tessares 
G74920	tessareskeðekatos 
G74921	tesserakonta 
G74922	tesserakontaetiys 
G74923	tetarteos 
G74924	tetartos 
G74925	tetraarkheo 
G74926	tetraarkhiys 
G74927	tetragonos 
G74928	tetraðiyon 
G74929	tetrakiyskhiyliyiy 
G74930	tetrakosiyiy 
G74931	tetramiynos 
G74932	tetraplus 
G74933	tetrapus 
G74934	tefroo 
G74935	tekhniy 
G74936	tekhniytiys 
G74937	tiykome 
G74938	tiylavgos 
G74939	tiyliykutos 
G74940	tiyreo 
G74941	tiyriysiys 
G74942	tiyveriyas 
G74943	tiyveriyos 
G74944	tiyθiymiy 
G74945	tiykto 
G74946	tiyllo 
G74947	tiymeos 
G74948	tiymao 
G74949	tiymiy 
G74950	tiymiyos 
G74951	tiymiyotiys 
G74952	tiymoθeos 
G74953	tiymon 
G74954	tiymoreo 
G74955	tiymoriya 
G74956	tiyno 
G74957	tiys 
G74958	tiys 
G74959	tiytiyos 
G74960	tiytlos 
G74961	tiytos 
G74962	tiygarun 
G74963	tiyniyn 
G74964	tiyozðe 
G74965	tiyutos 
G74966	tiykhos 
G74967	tokos 
G74968	tolmao 
G74969	tolmiyroteron 
G74970	tolmiytiys 
G74971	tomoteros 
G74972	tokson 
G74973	topaziyon 
G74974	topos 
G74975	tosutos 
G74976	tote 
G74977	tunantiyon 
G74978	tunoma 
G74979	tragos 
G74980	trapeza 
G74981	trapeziytiys 
G74982	travma 
G74983	travmatiyzo 
G74984	trakhiyliyzome 
G74985	trakhiylos 
G74986	trakhiys 
G74987	trakhoniytiys 
G74988	triys 
G74989	triys 
G74990	tremo 
G74991	trefo 
G74992	trekho 
G74993	triyma 
G74994	triyakonta 
G74995	triyakosiyiy 
G74996	triyvolos 
G74997	triyvos 
G74998	triyetiya 
G74999	triyzo 
G75000	triymiynon 
G75001	triys 
G75002	triystegon 
G75003	triyskhiyliyiy 
G75004	triyton 
G75005	triytos 
G75006	triykhiynos 
G75007	tromos 
G75008	tropiy 
G75009	tropos 
G75010	tropoforeo 
G75011	trofiy 
G75012	trofiymos 
G75013	trofos 
G75014	trokhiya 
G75015	trokhos 
G75016	triyvliyon 
G75017	triygao 
G75018	triygon 
G75019	triymaliya 
G75020	triypiyma 
G75021	triyfena 
G75022	triyfao 
G75023	triyfiy 
G75024	triyfosa 
G75025	troas 
G75026	trogo 
G75027	tiyngghano 
G75028	tiympaniyzo 
G75029	tiypiykos 
G75030	tiypos 
G75031	tiypto 
G75032	tiyrannos 
G75033	tiyriyos 
G75034	tiyros 
G75035	tiyflos 
G75036	tiyfloo 
G75037	tiyfome 
G75038	tiyfoome 
G75039	tiyfoniykos 
G75040	tiykhiykos 
G75041	iyakiynθiynos 
G75042	iyakiynθos 
G75043	iyaliynos 
G75044	iyalos 
G75045	iyvriyzo 
G75046	iyvriys 
G75047	iyvriystiys 
G75048	iyyiyeno 
G75049	iyyiyiys 
G75050	iygros 
G75051	iyðriya 
G75052	iyðropoteo 
G75053	iyðropiykos 
G75054	iyðor 
G75055	iyetos 
G75056	iyoθesiya 
G75057	iyos 
G75058	iyliy 
G75059	iymeneos 
G75060	iymeteros 
G75061	iymneo 
G75062	iymnos 
G75063	iypago 
G75064	iypakiy 
G75065	iypakuo 
G75066	iypanðros 
G75067	iypantao 
G75068	iypantiysiys 
G75069	iyparksiys 
G75070	iyparkho 
G75071	iypiyko 
G75072	iypenantiyos 
G75073	iyper 
G75074	iypererome 
G75075	iyperakmos 
G75076	iyperano 
G75077	iyperafksano 
G75078	iypervallontos 
G75079	iypervallo 
G75080	iypervoliy 
G75081	iyperekiyna 
G75082	iyperekperiyssu 
G75083	iyperektiyno 
G75084	iyperekkhiynnome 
G75085	iyperentiyngghano 
G75086	iyperekho 
G75087	iyperiyfaniya 
G75088	iyperiyfanos 
G75089	iyperliyan 
G75090	iyperniykao 
G75091	iyperonggos 
G75092	iyperorao 
G75093	iyperokhiy 
G75094	iyperperiyssevo 
G75095	iyperperiyssos 
G75096	iyperpleonazo 
G75097	iyperiypsoo 
G75098	iyperfroneo 
G75099	iyperoon 
G75100	iypekho 
G75101	iypiykoos 
G75102	iypiyreteo 
G75103	iypiyretiys 
G75104	iypnos 
G75105	iypo 
G75106	iypovallo 
G75107	iypogrammos 
G75108	iypoðiygma 
G75109	iypoðiykniymiy 
G75110	iypoðeome 
G75111	iypoðekhome 
G75112	iypoðiyma 
G75113	iypoðiykos 
G75114	iypoziyyiyon 
G75115	iypozonniymiy 
G75116	iypokato 
G75117	iypokriynome 
G75118	iypokriysiys 
G75119	iypokriytiys 
G75120	iypolamvano 
G75121	iypoliymma 
G75122	iypoliypo 
G75123	iypoliyniyon 
G75124	iypoliympano 
G75125	iypomeno 
G75126	iypomiymniysko 
G75127	iypomniysiys 
G75128	iypomoniy 
G75129	iyponoeo 
G75130	iyponiya 
G75131	iypopleo 
G75132	iypopneo 
G75133	iypopoðiyon 
G75134	iypostasiys 
G75135	iypostello 
G75136	iypostoliy 
G75137	iypostrefo 
G75138	iypostronniyo 
G75139	iypotayiy 
G75140	iypotasso 
G75141	iypotiyθiymiy 
G75142	iypotrekho 
G75143	iypotiyposiys 
G75144	iypofero 
G75145	iypokhoreo 
G75146	iypopiyazo 
G75147	iys 
G75148	iyssopos 
G75149	iystereo 
G75150	iysteriyma 
G75151	iysteriysiys 
G75152	iysteron 
G75153	iysteros 
G75154	iyfantos 
G75155	iypsiylos 
G75156	iypsiylofroneo 
G75157	iypsiystos 
G75158	iypsos 
G75159	iypsoo 
G75160	iypsoma 
G75161	fagos 
G75162	feloniys 
G75163	feno 
G75164	falek 
G75165	faneros 
G75166	faneroo 
G75167	faneros 
G75168	fanerosiys 
G75169	fanos 
G75170	fanoiyl 
G75171	fantazome 
G75172	fantasiya 
G75173	fantazma 
G75174	faranggs 
G75175	farao 
G75176	fares 
G75177	fariyseos 
G75178	farmakiya 
G75179	farmakon 
G75180	farmakos 
G75181	fasiys 
G75182	fasko 
G75183	fatniy 
G75184	favlos 
G75185	fenggos 
G75186	fiyðome 
G75187	fiyðomenos 
G75188	fero 
G75189	fevgo 
G75190	fiyliyks 
G75191	fiymiy 
G75192	fiymiy 
G75193	fiystos 
G75194	fθano 
G75195	fθartos 
G75196	fθenggome 
G75197	fθiyro 
G75198	fθiynoporiynos 
G75199	fθonggos 
G75200	fθoneo 
G75201	fθonos 
G75202	fθora 
G75203	fiyaliy 
G75204	fiylagaθos 
G75205	fiylaðelfiya 
G75206	fiylaðelfiya 
G75207	fiylaðelfos 
G75208	fiylanðros 
G75209	fiylanθropiya 
G75210	fiylanθropos 
G75211	fiylaryiyriya 
G75212	fiylaryiyros 
G75213	fiylaftos 
G75214	fiyleo 
G75215	fiyliyðonos 
G75216	fiyliyma 
G75217	fiyliymon 
G75218	fiyliytos 
G75219	fiyliya 
G75220	fiyliyppiysiyos 
G75221	fiyliyppiy 
G75222	fiyliyppos 
G75223	fiyloθeos 
G75224	fiylologos 
G75225	fiyloniykiya 
G75226	fiyloniykos 
G75227	fiylokseniya 
G75228	fiyloksenos 
G75229	fiyloprotevo 
G75230	fiylos 
G75231	fiylosofiya 
G75232	fiylosofos 
G75233	fiylostorgos 
G75234	fiyloteknos 
G75235	fiylotiymeome 
G75236	fiylofronos 
G75237	fiymoo 
G75238	flegon 
G75239	floyiyzo 
G75240	floks 
G75241	fliyareo 
G75242	fliyaros 
G75243	foveome 
G75244	foveros 
G75245	foviytron 
G75246	fovos 
G75247	fiyviy 
G75248	fiyniykiy 
G75249	fiyniyks 
G75250	fiyniyks 
G75251	fonefs 
G75252	fonevo 
G75253	fonos 
G75254	foreo 
G75255	foron 
G75256	foros 
G75257	fortiyzo 
G75258	fortiyon 
G75259	fortunatos 
G75260	frayelliyon 
G75261	frayelloo 
G75262	fragmos 
G75263	frazo 
G75264	frasso 
G75265	frear 
G75266	frenapatao 
G75267	frenapatiys 
G75268	friyn 
G75269	friysso 
G75270	froneo 
G75271	froniyma 
G75272	froniysiys 
G75273	froniymos 
G75274	froniymos 
G75275	frontiyzo 
G75276	frureo 
G75277	friyasso 
G75278	friyganon 
G75279	friyyiya 
G75280	fiyyelos 
G75281	fiyyiy 
G75282	fiylakiy 
G75283	fiylakiyzo 
G75284	fiylaktiyriyon 
G75285	fiylaks 
G75286	fiylasso 
G75287	fiyliy 
G75288	fiyllon 
G75289	fiyrama 
G75290	fiysiykos 
G75291	fiysiykos 
G75292	fiysiyoo 
G75293	fiysiys 
G75294	fiysiyosiys 
G75295	fiytiya 
G75296	fiytevo 
G75297	fiyo 
G75298	foleos 
G75299	foneo 
G75300	foniy 
G75301	fos 
G75302	fostiyr 
G75303	fosforos 
G75304	fotiynos 
G75305	fotiyzo 
G75306	fotiyzmos 
G75307	khero 
G75308	khalaza 
G75309	khalao 
G75310	khalðeos 
G75311	khalepos 
G75312	khaliynagoyeo 
G75313	khaliynos 
G75314	khalkefs 
G75315	khalkiyðon 
G75316	khalkiyon 
G75317	khalkoliyvanon 
G75318	khalkos 
G75319	khalkus 
G75320	khame 
G75321	khanaan 
G75322	khananeos 
G75323	khara 
G75324	kharagma 
G75325	kharaktiyr 
G75326	kharaks 
G75327	khariyzome 
G75328	khariyn 
G75329	khariys 
G75330	khariyzma 
G75331	khariytoo 
G75332	kharran 
G75333	khartiys 
G75334	khazma 
G75335	khiylos 
G75336	khiymazome 
G75337	khiymarros 
G75338	khiymon 
G75339	khiyr 
G75340	khiyragoyeo 
G75341	khiyragogos 
G75342	khiyrografon 
G75343	khiyropiyiytos 
G75344	khiyrotoneo 
G75345	khiyron 
G75346	kheruv 
G75347	khiyra 
G75348	khiyliyarkhos 
G75349	khiyliyas 
G75350	khiyliyiy 
G75351	khiyos 
G75352	khiyton 
G75353	khiyon 
G75354	khlamiys 
G75355	khlevazo 
G75356	khliyaros 
G75357	khliy 
G75358	khloros 
G75359	khoiykos 
G75360	khiyniyks 
G75361	khiyros 
G75362	kholao 
G75363	kholiy 
G75364	khoraziyn 
G75365	khoriyyeo 
G75366	khoros 
G75367	khortazo 
G75368	khortazma 
G75369	khortos 
G75370	khuzas 
G75371	khus 
G75372	khraome 
G75373	khriya 
G75374	khreofiyletiys 
G75375	khriy 
G75376	khriyzo 
G75377	khriyma 
G75378	khriymatiyzo 
G75379	khriymatiyzmos 
G75380	khriysiymon 
G75381	khriysiys 
G75382	khriystevome 
G75383	khriystoloyiya 
G75384	khriystos 
G75385	khriystotiys 
G75386	khriyzma 
G75387	khriystiyanos 
G75388	khriystos 
G75389	khriyo 
G75390	khroniyzo 
G75391	khronos 
G75392	khronotriyveo 
G75393	khriyseos 
G75394	khriysiyon 
G75395	khriysoðaktiyliyos 
G75396	khriysoliyθos 
G75397	khriysoprasos 
G75398	khriysos 
G75399	khriysus 
G75400	khriysoo 
G75401	khros 
G75402	kholos 
G75403	khora 
G75404	khoreo 
G75405	khoriyzo 
G75406	khoriyon 
G75407	khoriys 
G75408	khoros 
G75409	psallo 
G75410	psalmos 
G75411	psevðaðelfos 
G75412	psevðapostolos 
G75413	psevðiys 
G75414	psevðoðiyðaskalos 
G75415	psevðologos 
G75416	psevðome 
G75417	psevðomartiyreo 
G75418	psevðomartiyriya 
G75419	psevðomartiys 
G75420	psevðoprofiytiys 
G75421	psevðos 
G75422	psevðokhriystos 
G75423	psevðoniymos 
G75424	psefzma 
G75425	psefstiys 
G75426	psiylafao 
G75427	psiyfiyzo 
G75428	psiyfos 
G75429	psiyθiyriyzmos 
G75430	psiyθiyriystiys 
G75431	psiyks 
G75432	psiykhiy 
G75433	psiykhiykos 
G75434	psiykhome 
G75435	psiykhos 
G75436	psiykhros 
G75437	psomiyzo 
G75438	psomiyon 
G75439	psokho 
G75440	o 
G75441	o 
G75442	oðe 
G75443	oðiy 
G75444	oðiyn 
G75445	oðiyno 
G75446	omos 
G75447	oneome 
G75448	oon 
G75449	ora 
G75450	oreos 
G75451	oriyome 
G75452	os 
G75453	osanna 
G75454	osaftos 
G75455	osiy 
G75456	osiye 
G75457	osper 
G75458	osperiy 
G75459	oste 
G75460	otariyon 
G75461	otiyon 
G75462	ofeliya 
G75463	ofeleo 
G75464	ofeliymos 
