G1	第一個字母
G2	亞倫
G3	亞巴頓
G4	無重擔
G5	阿爸
G6	亞伯
G7	亞比雅
G8	亞比亞他
G9	亞比利尼
G10	亞比玉
G11	亞伯拉罕
G12	深淵
G13	亞迦布
G14	做善工
G15	行善
G16	為善
G17	有益處的
G18	優質的
G19	良善
G20	大喜樂
G21	興高采烈
G22	未結婚的
G23	被激怒
G24	忿恨
G25	珍愛
G26	重視
G27	親愛的
G28	夏甲
G29	徵用
G30	器皿
G31	信息
G32	天使
G33	來吧
G34	畜群
G35	無族譜的
G36	身世平凡
G37	歸為聖
G38	聖潔
G39	形容詞
G40	聖徒
G41	聖潔
G42	聖潔
G43	手臂
G44	魚鉤
G45	錨
G46	未縮水的
G47	純潔
G48	使潔淨
G49	潔淨
G50	不知
G51	無知所犯的罪
G52	無知
G53	純淨
G54	純潔
G55	純淨
G56	無知
G57	未知的
G58	市集
G59	購買
G60	市集
G61	捕捉
G62	目不識丁的
G63	在戶外生活
G64	出其不意捕捉到
G65	野生橄欖的
G66	野生的
G67	亞基帕
G68	鄉間
G69	儆醒
G70	不眠
G71	引導
G72	生活方式
G73	競賽
G74	痛苦
G75	參加比賽
G76	亞當
G77	免費的
G78	亞底
G79	親生姐妹
G80	兄弟
G81	信徒團契
G82	不清楚的
G83	不確定性
G84	沒把握地
G85	焦慮
G86	陰間
G87	不分歧
G88	未間斷的
G89	不中斷地
G90	正直
G91	做錯
G92	罪行
G93	罪行
G94	不公
G95	不公正地
G96	不夠格的
G97	純粹無雜質的
G98	亞大米田
G99	亞底亞
G100	豐厚
G101	不可能
G102	無能
G103	歌唱
G104	總是
G105	老鷹
G106	實名詞
G107	亞所
G108	亞鎖都
G109	空氣
G110	不死
G111	不法
G112	無神的
G113	不合宜的
G114	視為無用
G115	廢止
G116	雅典娜的複數
G117	雅典人
G118	比賽
G119	競賽
G120	使氣餒
G121	無罪的
G122	山羊的
G123	海濱
G124	埃及人
G125	埃及
G126	永恆的
G127	樸實
G128	埃提阿伯
G129	血
G130	流血
G131	流血
G132	以尼雅
G133	頌讚
G134	讚美
G135	謎
G136	讚美
G137	哀嫩
G138	選擇
G139	共同原則的群體
G140	選擇
G141	製造分裂
G142	舉起
G143	注意
G144	感受
G145	理解力
G146	貪婪錢財的
G147	貪心地
G148	污穢的言語
G149	羞恥
G150	不潔的
G151	淫穢
G152	羞慚
G153	有羞恥感
G154	問
G155	請求
G156	理由
G157	控訴
G158	肇因
G159	肇因
G160	突然
G161	被俘
G162	俘虜
G163	擄獲
G164	俘虜
G165	過去
G166	很久以前
G167	穢物
G168	不潔
G169	不潔
G170	缺乏機會
G171	不合時宜
G172	純真無偽
G173	帶刺的植物
G174	多刺的
G175	字意
G176	不受譴責的
G177	無遮蓋的
G178	未判刑的
G179	無止境的
G180	不止
G181	不穩定
G182	不穩定的
G183	無從限制的
G184	亞革大馬
G185	字意
G186	不傾倒
G187	盛開
G188	仍然
G189	聽覺
G190	尾隨
G191	聽
G192	缺乏自我控制
G193	不能自我約束
G194	未攙雜的
G195	正確
G196	絲豪不差
G197	更精確的
G198	精確的知道
G199	精確地
G200	蝗蟲
G201	一個設作公聽及決斷事情的地方
G202	聽者
G203	包皮
G204	房角石
G205	戰利品
G206	高點
G207	亞居拉
G208	廢掉
G209	毫無妨礙
G210	非自願的
G211	一種由雪花石所製的盒子
G212	傲慢
G213	自吹自擂的人
G214	大聲哀哭
G215	表達不出的
G216	啞的
G217	鹽
G218	以油膏……
G219	雞鳴
G220	公雞
G221	埃及亞力山太城的人
G222	埃及亞歷山大港的居民
G223	亞力山大
G224	小麥磨製的麵粉
G225	真誠
G226	說真話
G227	真誠
G228	真實的
G229	磨
G230	真實地
G231	捕魚人
G232	捕魚
G233	鹽醃
G234	污染
G235	但是
G236	改變
G237	從他處
G238	寓意表達
G239	你們要讚美神
G240	彼此
G241	外來的
G242	字意
G243	其他的
G244	插手別人的事
G245	陌生的，敵對的
G246	外國的
G247	否則
G248	打穀
G249	缺乏理性
G250	沉香
G251	鹽
G252	鹹的
G253	沒有悲傷的
G254	鐵鍊
G255	無利可圖的
G256	亞勒腓
G257	打榖場
G258	狐狸
G259	捉住
G260	副詞
G261	無知的
G262	不會退色的
G263	不消退
G264	犯罪
G265	罪
G266	罪
G267	沒有證據
G268	形容詞
G269	溫和
G270	收割
G271	紫晶
G272	忽略
G273	無可指摘的
G274	無可指摘地
G275	無慮無慮
G276	不改變的
G277	無從移動的
G278	不後悔的
G279	無悔意的
G280	無從計量的
G281	阿們
G282	沒有母親
G283	不可褻瀆的
G284	亞米拿達
G285	砂子
G286	羔羊
G287	回報
G288	葡萄樹
G289	園丁
G290	葡萄園
G291	暗伯利
G292	援助
G293	網
G294	穿上衣服
G295	暗妃波里
G296	街道
G297	兩者
G298	無可指責的
G299	沒有瑕疵的
G300	亞們
G301	亞摩斯
G302	虛詞
G303	在……之間
G304	階梯
G305	登高
G306	拖延
G307	拉上去
G308	仰看
G309	恢復視力
G310	發出喊叫
G311	耽延
G312	報告
G313	再生
G314	閱讀
G315	迫使
G316	必需的
G317	勉強
G318	必須性
G319	重新熟悉
G320	重新認識
G321	帶上去
G322	指派
G323	委任
G324	接受
G325	送達
G326	死而復生
G327	尋找
G328	綁緊
G329	重燃
G330	再次生長
G331	受咒詛的
G332	咒詛
G333	仔細地看
G334	供物
G335	不知羞恥
G336	殺害
G337	挪走
G338	無罪的
G339	坐起來
G340	更新
G341	更新
G342	更新
G343	移去覆蓋物
G344	折回
G345	躺下
G346	總結
G347	使人躺下
G348	抑制
G349	呼喊
G350	仔細質問
G351	偵查
G352	直立
G353	拿起
G354	被接上升
G355	吞沒
G356	部份
G357	思想
G358	無鹽的
G359	離去
G360	解開
G361	無罪的
G362	等候
G363	提醒某人某事
G364	回想
G365	更新
G366	醒悟明白過來
G367	亞拿尼亞
G368	沒辦法反駁
G369	沒有提出任何反對
G370	不值得的
G371	不相稱地
G372	停止動作
G373	使休息
G374	勸誘
G375	差送
G376	跛腿的
G377	躺臥
G378	填補
G379	沒有藉口
G380	展開卷軸
G381	點燃
G382	無以數計的
G383	煽動
G384	字意
G385	拉起來
G386	舉起
G387	騷擾
G388	釘十字架
G389	長嘆
G390	顛覆
G391	生活方式
G392	依照次序組合
G393	使升起
G394	宣告
G395	上升
G396	使傾倒
G397	養大
G398	使出現
G399	引領
G400	大聲喊叫
G401	巨流
G402	離開
G403	鬆口氣
G404	更新
G405	奴隸販子
G406	安得烈
G407	勇敢行事
G408	安多尼古
G409	謀殺者
G410	無可指摘的
G411	無法形容的
G412	無以言述的
G413	無盡的
G414	可忍受的
G415	沒有憐憫的
G416	被風吹動
G417	風
G418	不能免的
G419	難揣測的
G420	寬容有耐心的
G421	不可理解的
G422	不羞恥的
G423	無可責難的
G424	上去
G425	些許自由
G426	聽證
G427	沒有
G428	不適合的
G429	尋找
G430	忍受
G431	表堂兄弟
G432	茴香
G433	相關
G434	殘酷的
G435	人
G436	反對
G437	讚美
G438	花
G439	炭火
G440	木炭
G441	專研討人歡心的
G442	人類的
G443	殺人者
G444	人類
G445	作總督
G446	總督
G447	放鬆
G448	沒有憐憫的
G449	沒有洗過的
G450	使升起
G451	亞拿
G452	亞那
G453	愚蠢的
G454	愚昧
G455	開
G456	重建
G457	開的動作
G458	不法的行為
G459	律法之外
G460	無法無天地
G461	重建
G462	不聖潔的
G463	克制
G464	掙扎
G465	交換
G466	補充
G467	正面的意思
G468	報答
G469	回報
G470	答覆
G471	回答
G472	依附
G473	代替
G474	交換
G475	反對
G476	仇敵
G477	矛盾
G478	反對
G479	回請
G480	反對
G481	在……對面
G482	參與
G483	唱反調
G484	幫助
G485	矛盾
G486	還口辱罵
G487	贖金
G488	量還
G489	回報
G490	安提阿
G491	安提阿人
G492	從另一邊經過
G493	安提帕
G494	安提帕底
G495	對面
G496	抗拒
G497	交戰
G498	反對
G499	相像的
G500	敵基督
G501	舀水
G502	桶
G503	直視
G504	無水
G505	真誠無偽的
G506	不受管轄
G507	在……之上
G508	從地面升起的東西
G509	從上面
G510	上面的
G511	較高的
G512	無用的
G513	斧子
G514	配得
G515	合適
G516	適合地
G517	不能看見
G518	報告
G519	懸樑自盡
G520	帶走
G521	未受教育的
G522	拿走
G523	要回
G524	麻木
G525	離開
G526	使疏離
G527	柔軟的
G528	與……見面
G529	會晤
G530	一次
G531	永久
G532	未預備
G533	否定
G534	從此以後
G535	完成
G536	第一份
G537	全部
G538	欺騙
G539	欺騙
G540	在家族譜系中無其父的資料記載
G541	光輝
G542	注意力從某樣東西轉到另一樣
G543	不信
G544	不順從
G545	不聽勸說的
G546	威脅
G547	威脅
G548	不在
G549	離開
G550	棄絕
G551	不能被試探的
G552	不熟練的
G553	殷勤且耐心的等候
G554	喻意
G555	脫去
G556	驅趕
G557	駁斥
G558	自由人
G559	亞比利
G560	期望收回
G561	對面
G562	無窮盡的
G563	不分心地
G564	未受割禮的
G565	離開
G566	足夠
G567	自絕於
G568	完全得到
G569	不相信
G570	不信
G571	不可置信
G572	單純
G573	專一
G574	完全地
G575	從……
G576	離開
G577	脫下
G578	專心注目
G579	被棄的
G580	棄絕
G581	死
G582	登記
G583	登記
G584	展現
G585	證明
G586	獻什一
G587	認可的
G588	歡迎
G589	出外旅行
G590	在外旅行的
G591	給
G592	分裂
G593	棄絕
G594	接受
G595	除去
G596	倉庫
G597	儲存
G598	擠壓
G599	死
G600	恢復
G601	啓示
G602	啓示
G603	熱切期盼
G604	和好
G605	恢復
G606	保留
G607	斬首
G608	關上
G609	切除
G610	正式報告
G611	回答
G612	回覆
G613	隱藏
G614	掩藏的
G615	殺
G616	生出
G617	輥開
G618	得到
G619	享受
G620	留下
G621	舔
G622	毀滅
G623	亞玻倫
G624	亞波羅尼亞
G625	亞波羅
G626	為自己辯護
G627	辯護
G628	洗淨自己
G629	獲釋
G630	使自由
G631	擦去
G632	指派
G633	洗淨
G634	掉下來
G635	誤導
G636	啓航
G637	洗掉
G638	嗆到
G639	沒有資源
G640	困惑
G641	下墜
G642	使成為孤兒
G643	放在一旁
G644	影子
G645	拉出
G646	墮落
G647	離婚通知
G648	掀開屋頂
G649	差遣人
G650	詐欺
G651	使徒職份
G652	代表
G653	盤問
G654	離開
G655	憎惡
G656	被禁止的
G657	道別
G658	貫徹
G659	脫下
G660	甩掉
G661	補償
G662	大膽
G663	嚴格
G664	嚴格地
G665	迴避
G666	缺席
G667	拿走
G668	逃避
G669	發言
G670	卸下
G671	用盡
G672	離去
G673	分離
G674	昏倒
G675	亞比烏
G676	孤傲冷漠的
G677	無損的
G678	不偏不倚地
G679	不失腳
G680	點亮
G681	點亮
G682	亞腓亞
G683	推到一旁
G684	毀壞
G685	詛咒
G686	因而
G687	希臘文疑問質詞/語助詞
G688	亞拉伯
G689	亞蘭
G690	亞拉伯人
G691	閒懶
G692	閒散的
G693	銀的
G694	銀子
G695	銀匠
G696	銀子
G697	亞略古巴
G698	亞略巴古法庭的一位成員
G699	討人喜歡的渴望
G700	取悅
G701	令人滿意的
G702	亞哩達
G703	神蹟
G704	綿羊
G705	計算
G706	數目
G707	亞利馬太
G708	亞里達古
G709	吃早餐
G710	左邊的
G711	亞利多布
G712	早餐
G713	足夠的
G714	足夠
G715	熊
G716	旅行用馬車
G717	哈米吉多頓
G718	許配
G719	接合
G720	否定
G721	羔羊
G722	犁
G723	犁
G724	掠奪
G725	搶劫
G726	奪取
G727	兇殘的
G728	頭期付款
G729	沒有縫合的
G730	男的
G731	無法表達的
G732	生病
G733	好男色者
G734	亞提馬
G735	亞底米
G736	前帆
G737	剛才
G738	新生的
G739	完全的
G740	麵包
G741	調味
G742	亞法撒
G743	天使長
G744	舊有的
G745	亞基老
G746	開始
G747	領袖
G748	大祭司的
G749	祭司長
G750	牧羊人首領
G751	亞基布
G752	猶太人會堂領袖
G753	建築專家
G754	稅吏長
G755	主管筵席的
G756	開始
G757	統治
G758	統治者
G759	香料
G760	亞撒
G761	不動的
G762	無法止息的
G763	對神不敬
G764	不敬神
G765	不端正
G766	自我放縱
G767	無記號的
G768	亞設
G769	疾病
G770	生病
G771	軟弱心志
G772	生病的
G773	亞細亞
G774	亞細亞人
G775	亞細亞行省的領袖
G776	沒有食慾
G777	禁食
G778	操練
G779	酒袋
G780	高興地
G781	不智
G782	問候
G783	致意
G784	沒有瑕疵的
G785	角奎
G786	難以和解的
G787	羅馬銅幣
G788	接近
G789	亞朔
G790	流離失所
G791	有教養的
G792	一顆星
G793	不穩定的
G794	硬心
G795	偏離
G796	閃電
G797	發亮
G798	星星
G799	亞遜其土
G800	意見不合的
G801	愚蠢的
G802	背約的
G803	安全
G804	堅穩的
G805	看守
G806	確實地
G807	作出不得體
G808	暴露
G809	不體面的
G810	放蕩
G811	放蕩荒淫地
G812	行為不得體
G813	混亂失序地
G814	沒有次序地
G815	無後的
G816	凝視
G817	沒有
G818	羞辱
G819	不名譽
G820	不名譽的
G821	被羞辱
G822	煙霧
G823	不能分為二的
G824	不尋常
G825	亞大利
G826	照耀
G827	破曉
G828	亞古士督
G829	執柪的
G830	自願的
G831	下令
G832	吹笛
G833	庭院
G834	笛手
G835	過夜
G836	笛子
G837	使之成長
G838	增長
G839	隔天
G840	嚴厲
G841	充足
G842	知足
G843	自我譴責的
G844	自動
G845	目擊證人
G846	形容詞
G847	他的
G848	他自己
G849	親手
G850	乾燥之意
G851	拿走
G852	不可見的
G853	毀滅
G854	消滅
G855	無形的
G856	廁所
G857	嚴苛
G858	單純
G859	赦免
G860	關節
G861	不朽壞的
G862	不能朽壞的
G863	遣走某人
G864	達到
G865	不愛良善的
G866	不愛錢財的
G867	離去
G868	使抵抗
G869	突然地
G870	無所懼怕
G871	使相像
G872	定睛於
G873	限制
G874	機會
G875	吐白沫
G876	泡沬
G877	愚昧
G878	愚昧
G879	入睡
G880	沈默的
G881	亞哈斯
G882	亞該亞
G883	亞該古
G884	不知感激的
G885	亞金
G886	非手工作的
G887	霧靄
G888	無用的
G889	使成為無用
G890	無用
G891	直到……
G892	穀殼
G893	無欺瞞的
G894	苦艾
G895	沒有生氣的
G896	巴力
G897	巴比倫
G898	階段
G899	深度
G900	深入
G901	深的
G902	棕樹枝
G903	巴蘭
G904	巴勒
G905	錢囊
G906	投擲
G907	清洗
G908	洗
G909	潔淨禮
G910	施洗者
G911	蘸
G912	巴拉巴
G913	巴拉
G914	巴拉加
G915	講外語的
G916	重壓
G917	困難地
G918	巴多羅買
G919	巴耶穌
G920	巴約拿
G921	巴拿巴
G922	重擔
G923	巴撒巴
G924	巴底買
G925	重壓
G926	沉重
G927	很珍貴的
G928	折磨
G929	折磨
G930	殘忍的獄吏
G931	折磨
G932	王權
G933	王宮
G934	皇室的
G935	國王
G936	作王
G937	皇家的
G938	女王
G939	腳
G940	蠱惑
G941	拾起來
G942	荊棘叢
G943	簍
G944	青蛙
G945	像口吃的人一樣
G946	污穢
G947	可憎的
G948	厭惡
G949	穩定的
G950	使堅固
G951	證實
G952	沒有重點
G953	褻瀆的
G954	別西卜
G955	彼列
G956	箭
G957	勝於
G958	便雅憫
G959	百尼基
G960	庇哩亞
G961	來自庇哩亞的
G962	伯大巴喇
G963	伯大尼
G964	畢士大
G965	伯利恆
G966	伯賽大
G967	伯法其
G968	一步之寬
G969	水蒼玉
G970	猛力
G971	轄制
G972	暴力的
G973	暴烈的
G974	小書卷
G975	記錄
G976	書卷
G977	吃喝
G978	每西亞
G979	生命
G980	生活
G981	生活態度
G982	生活的
G983	有害的
G984	傷害
G985	發芽
G986	伯拉斯都
G987	中傷誹謗
G988	誹謗
G989	惡毒的話
G990	看
G991	以肉眼看
G992	必須放在
G993	半尼其
G994	呼叫
G995	呼喊
G996	幫助
G997	幫助
G998	有助於
G999	坑
G1000	丟
G1001	拋出測深錘
G1002	投擲物
G1003	波阿斯
G1004	黏土
G1005	北方
G1006	看管
G1007	比珥
G1008	植物
G1009	一串葡萄
G1010	議員
G1011	仔細考量
G1012	計畫
G1013	意向
G1014	希冀
G1015	丘陵
G1016	牛
G1017	獎賞
G1018	裁定
G1019	延遲
G1020	慢慢地航行
G1021	緩慢的
G1022	緩慢
G1023	膀臂
G1024	短的
G1025	胎兒
G1026	弄濕
G1027	雷聲
G1028	雨
G1029	套索
G1030	咬牙切齒
G1031	咬牙切齒
G1032	湧出
G1033	食物
G1034	可吃
G1035	吃的動作
G1036	使下沉
G1037	海
G1038	製革工
G1039	細麻製的
G1040	細麻
G1041	祭壇
G1042	厄巴大
G1043	加百列
G1044	壞疽
G1045	迦得
G1046	ֲ加大拉	
G1047	經管財務的
G1048	迦薩
G1049	寶庫
G1050	該猶
G1051	奶
G1052	加拉太人
G1053	加拉太
G1054	加拉太的
G1055	平靜
G1056	加利利
G1057	加利利人
G1058	迦流
G1059	迦瑪列
G1060	結婚
G1061	嫁
G1062	婚禮
G1063	因為
G1064	肚腹
G1065	的確
G1066	基甸
G1067	地獄
G1068	客西馬尼
G1069	鄰居
G1070	笑
G1071	笑
G1072	填滿
G1073	滿有
G1074	種族
G1075	追溯祖先
G1076	家譜
G1077	慶生會
G1078	歷史
G1079	誕生
G1080	生
G1081	子女
G1082	革尼撒勒
G1083	產生
G1084	所產出的
G1085	後代
G1086	ֲ格拉森	
G1087	元老院
G1088	老人
G1089	品嚐
G1090	耕耘
G1091	耕種的田地
G1092	農夫
G1093	地
G1094	老年
G1095	漸漸老舊
G1096	生成
G1097	知道
G1098	新釀的甜酒
G1099	甜的
G1100	舌頭
G1101	錢盒
G1102	漂布者
G1103	真誠的
G1104	真誠地
G1105	黑暗
G1106	目的
G1107	使之知情
G1108	知識
G1109	專家
G1110	認識的
G1111	抱怨
G1112	背地裡交談
G1113	愛發牢騷的人
G1114	欺瞞
G1115	各各他
G1116	蛾摩拉
G1117	貨物
G1118	雙親
G1119	膝蓋
G1120	跪下
G1121	字
G1122	書記
G1123	寫下來的
G1124	文章
G1125	寫
G1126	像老婦人的
G1127	提高警覺
G1128	通常指裸露著訓練
G1129	訓練
G1130	衣衫整襤褸的
G1131	赤裸的
G1132	赤身露體
G1133	軟弱
G1134	女性的
G1135	成年婦女
G1136	歌革
G1137	角落
G1138	大衛
G1139	被邪靈附身
G1140	靈
G1141	像靈一樣的
G1142	邪靈
G1143	用牙齒啃咬
G1144	淚水
G1145	哭泣
G1146	戒指
G1147	指頭
G1148	大馬努他
G1149	撻馬太
G1150	制服
G1151	小母牛
G1152	大馬哩
G1153	大馬色來的
G1154	大馬色
G1155	借出
G1156	借貸
G1157	放款人
G1158	但以理
G1159	花費
G1160	花費
G1161	並且
G1162	禱告
G1163	必須
G1164	跡象
G1165	作為例子
G1166	顯示
G1167	膽怯
G1168	膽小易受驚的
G1169	膽怯的
G1170	某人
G1171	可怕地
G1172	用餐
G1173	晚餐
G1174	正面意義
G1175	正面意思
G1176	十
G1177	十二
G1178	十五
G1179	低加波利
G1180	十四
G1181	某物的十分之一
G1182	第十
G1183	收取或接受十分之一
G1184	被收納的
G1185	用餌引誘
G1186	樹
G1187	擲標槍者
G1188	右邊
G1189	要求
G1190	特庇來的
G1191	特庇
G1192	皮
G1193	皮製的
G1194	剝皮
G1195	綁
G1196	綁住
G1197	捆
G1198	囚犯
G1199	捆綁物
G1200	獄吏
G1201	監獄
G1202	囚犯
G1203	主人
G1204	論地方
G1205	來這裡！
G1206	隔天
G1207	下一個
G1208	第二
G1209	拿取
G1210	捆綁
G1211	的確
G1212	清楚的
G1213	披露
G1214	底馬
G1215	公開演說
G1216	底米丟
G1217	工藝匠
G1218	人民
G1219	公家的
G1220	羅馬錢幣
G1221	任何時候
G1222	確實
G1223	帶所有格
G1224	穿過
G1225	控告
G1226	斷言
G1227	凝視
G1228	好誹謗的
G1229	宣告
G1230	過去
G1231	判定
G1232	準確報告
G1233	判決
G1234	抱怨
G1235	保持清醒
G1236	度過
G1237	輪到
G1238	冠冕
G1239	分發
G1240	繼承人
G1241	束上
G1242	盟約
G1243	分開
G1244	分開
G1245	徹底認真的清洗
G1246	駁斥
G1247	中介人/代理人
G1248	調解
G1249	助手
G1250	兩百
G1251	從頭聽到尾
G1252	分開
G1253	爭吵
G1254	攔阻
G1255	討論
G1256	對談
G1257	停頓
G1258	語言
G1259	彼此和好
G1260	思索
G1261	推論
G1262	解散
G1263	作證
G1264	爭執尖銳
G1265	持續不斷
G1266	分開
G1267	分裂
G1268	分配
G1269	以肢體動作示意
G1270	想法
G1271	理解力
G1272	打開
G1273	花費了整晚的時間
G1274	完成
G1275	經常地
G1276	越過
G1277	穿越
G1278	大受干擾
G1279	走
G1280	十分迷惑
G1281	賺取
G1282	字意
G1283	洗劫一空
G1284	撕開
G1285	明說
G1286	恐赫勒索
G1287	分散
G1288	裂開
G1289	分散
G1290	分散
G1291	命令
G1292	間隔
G1293	區別
G1294	扭曲
G1295	安然經過
G1296	諭令
G1297	訓諭
G1298	困惑
G1299	安排就緒
G1300	繼續
G1301	持守
G1302	為什麼？
G1303	頒布
G1304	度過
G1305	食物
G1306	破曉
G1307	透明的
G1308	帶著經過
G1309	逃脫
G1310	傳遍
G1311	毀壞
G1312	腐敗
G1313	不同的
G1314	看守
G1315	施暴
G1316	分開
G1317	善於教導的
G1318	教導的
G1319	教導
G1320	教師
G1321	指示
G1322	教訓
G1323	古希臘銀幣
G1324	低土馬
G1325	饋贈
G1326	醒來
G1327	出口
G1328	翻譯者
G1329	解釋
G1330	經歷
G1331	打聽
G1332	兩歲大
G1333	兩年的時間
G1334	告知
G1335	敘事
G1336	連續的
G1337	兩水中間的
G1338	穿透
G1339	離去
G1340	堅決
G1341	公義公正的審判
G1342	正直的
G1343	公正
G1344	伸張公義
G1345	條例
G1346	正直
G1347	宣告為義
G1348	審判官
G1349	刑罰
G1350	漁網
G1351	不誠懇的
G1352	為此
G1353	周遊
G1354	丟尼修
G1355	即因為此
G1356	字意
G1357	改革
G1358	挖穿
G1359	Castor
G1360	因為
G1361	丟特腓
G1362	雙倍的
G1363	加倍
G1364	兩次
G1365	疑惑
G1366	雙刃的
G1367	二千
G1368	過濾
G1369	分割成兩部分
G1370	意見不合
G1371	切割為二
G1372	口渴
G1373	渴
G1374	懷疑
G1375	迫害
G1376	迫害者
G1377	急忙
G1378	諭令
G1379	守義務
G1380	思考
G1381	試驗
G1382	試驗
G1383	考驗
G1384	認可的
G1385	樑木
G1386	欺詐的
G1387	詐欺
G1388	狡詐
G1389	誘使
G1390	禮物
G1391	燦爛
G1392	頌讚
G1393	多加
G1394	恩賜
G1395	給予者
G1396	奴役
G1397	奴隸
G1398	身為奴隸
G1399	女奴
G1400	奴隸
G1401	奴隸
G1402	奴役
G1403	宴會
G1404	龍
G1405	捉住
G1406	一種希臘銀幣
G1407	鐮刀
G1408	路程
G1409	土西拉
G1410	能夠
G1411	權勢
G1412	使能夠
G1413	統治者
G1414	有能力的
G1415	有能力的
G1416	日落
G1417	二個
G1418	字首
G1419	難以承擔的
G1420	痢疾
G1421	難以闡述
G1422	困難的
G1423	困難地
G1424	落下
G1425	不容易了解的
G1426	誣蔑
G1427	十二
G1428	第十二
G1429	十二支派
G1430	屋頂
G1431	禮物
G1432	作為禮物
G1433	授與
G1434	禮物
G1435	禮物
G1436	唉！表示內心很深的情感
G1437	若是
G1438	沒有主格
G1439	許可
G1440	七十
G1441	七十次
G1442	第七
G1443	希伯
G1444	希伯來人的
G1445	希伯來民族
G1446	希伯來語
G1447	按希伯來文/亞蘭文
G1448	接近
G1449	寫下來
G1450	擔保人
G1451	靠近
G1452	更近
G1453	使起來
G1454	字意
G1455	受僱埋伏等候的
G1456	獻殿節
G1457	更新
G1458	起訴
G1459	留下
G1460	居住在
G1461	接枝
G1462	控告
G1463	穿上
G1464	障礙
G1465	介入
G1466	自我控制
G1467	自制
G1468	自制
G1469	分類
G1470	隱藏
G1471	懷胎的
G1472	塗上
G1473	我
G1474	丟擲到地上
G1475	地面
G1476	穩固的
G1477	依靠
G1478	希西家
G1479	人為宗教
G1480	遵循習俗
G1481	領袖
G1482	不信的
G1483	如同外邦人
G1484	國家
G1485	習俗
G1486	慣於
G1487	如果
G1488	你是
G1489	若是
G1490	否則
G1491	形狀
G1492	看見
G1493	偶像廟
G1494	指肉類
G1495	偶像敬拜
G1496	敬拜偶像的人
G1497	形象
G1498	是
G1499	即使
G1500	無緣由地
G1501	二十
G1502	讓步
G1503	如同
G1504	相像
G1505	動機純正
G1506	真摯的
G1507	捲起來
G1508	除非
G1509	若不
G1510	是
G1511	是
G1512	若果真
G1513	若果真
G1514	和好
G1515	和平
G1516	平安的
G1517	促使和平
G1518	締結和睦的
G1519	後加直接受格
G1520	一
G1521	帶入
G1522	遵從
G1523	親切的接待
G1524	進入
G1525	出去或進來
G1526	是
G1527	一個接著一個
G1528	邀請進去
G1529	入口
G1530	跳進
G1531	進入
G1532	跑進去
G1533	帶入
G1534	然後
G1535	如果……如果
G1536	無論是誰
G1537	接所有格
G1538	各個
G1539	任何時候
G1540	一百
G1541	一百歲的
G1542	百倍的
G1543	百夫長
G1544	逐出
G1545	出路
G1546	棄貨
G1547	出嫁
G1548	出嫁
G1549	後代
G1550	耗盡
G1551	接到
G1552	明顯的
G1553	離開
G1554	出租
G1555	全部供出
G1556	伸張公義
G1557	報復
G1558	懲處
G1559	逐出
G1560	提交
G1561	期望
G1562	脫去
G1563	那裡
G1564	從那裡
G1565	那個人
G1566	那裡
G1567	尋求
G1568	極為激動
G1569	極為詫異的
G1570	驅逐
G1571	清除
G1572	點燃
G1573	灰心
G1574	戳穿
G1575	折斷
G1576	排拒
G1577	議會
G1578	避開
G1579	游開
G1580	抬出
G1581	切斷
G1582	專注
G1583	告訴
G1584	散發光輝
G1585	完全忘記
G1586	替自己選擇
G1587	失靈
G1588	被選上的
G1589	揀選
G1590	字意
G1591	擦去
G1592	嗤之以鼻
G1593	轉彎
G1594	酒醒
G1595	心甘情願的
G1596	自動自發地
G1597	很久以前
G1598	試驗
G1599	打發
G1600	伸展開來
G1601	掉下來
G1602	啓航
G1603	應驗
G1604	實現
G1605	驚訝
G1606	氣絕
G1607	去
G1608	行淫
G1609	厭惡
G1610	拔起根來
G1611	希奇
G1612	偏離
G1613	惹事
G1614	往外伸展
G1615	結束
G1616	伸展
G1617	更熱心地
G1618	熱烈的
G1619	熱切
G1620	暴露
G1621	抖落
G1622	外表
G1623	第六
G1624	轉離
G1625	餵養
G1626	流產
G1627	搬出去
G1628	脫逃
G1629	威嚇
G1630	極度驚嚇的
G1631	字意
G1632	大量流出
G1633	離開
G1634	死亡
G1635	自願甘心的
G1636	橄欖樹
G1637	橄欖油
G1638	橄欖園
G1639	以攔人
G1640	較少的
G1641	有的很少
G1642	使居下位
G1643	驅動
G1644	不定
G1645	重量上輕的
G1646	短小的最高級
G1647	小於最小的
G1648	以利亞撒
G1649	駁斥
G1650	證據
G1651	揭露
G1652	可憐的
G1653	施憐恤
G1654	賙濟
G1655	慈悲憐憫的
G1656	慈悲
G1657	自由
G1658	自由
G1659	使自由
G1660	來到
G1661	象牙的
G1662	以利亞敬
G1663	以利以謝
G1664	以律
G1665	以利沙伯
G1666	以利沙
G1667	捲起
G1668	傷口
G1669	使之生瘡
G1670	拉
G1671	希臘
G1672	希臘的
G1673	希臘的
G1674	希臘婦女
G1675	操希臘語的
G1676	按照希臘文
G1677	記到某人帳上
G1678	以摩當
G1679	希望
G1680	盼望
G1681	以呂馬
G1682	以羅伊
G1683	我自己
G1684	字意
G1685	丟擲
G1686	浸
G1687	進入
G1688	加入
G1689	看
G1690	嚴厲警誡
G1691	我
G1692	吐出
G1693	發怒
G1694	以馬內利
G1695	以馬忤斯
G1696	留下
G1697	哈抹
G1698	我
G1699	我的
G1700	我的
G1701	嘲笑
G1702	戲弄
G1703	嘲弄者
G1704	移動
G1705	充滿
G1706	落入
G1707	交織
G1708	髮辮
G1709	吐氣
G1710	作買賣
G1711	生意
G1712	市場
G1713	貿易商人
G1714	燒毀
G1715	在……之前
G1716	吐在……或之上
G1717	可見的
G1718	使可見
G1719	恐佈的
G1720	在……之上吹氣
G1721	植入的
G1722	接間接受格
G1723	擁入
G1724	海中的
G1725	在……之前
G1726	在……之前
G1727	相反的
G1728	開始
G1729	貧窮的
G1730	證據
G1731	顯明
G1732	記號
G1733	十一
G1734	第十一
G1735	得以
G1736	處於自己的百姓中
G1737	披上
G1738	公正的
G1739	建築
G1740	讚美
G1741	光彩的
G1742	衣服
G1743	加強
G1744	進入
G1745	穿
G1746	穿
G1747	坐待
G1748	設陷阱圈套
G1749	埋伏以待
G1750	包進去
G1751	在……裡面
G1752	因為
G1753	工作
G1754	發揮作用
G1755	活動
G1756	有效力的
G1757	恩待
G1758	對某人有怨氣
G1759	這裡
G1760	思索
G1761	想法
G1762	有
G1763	年
G1764	臨到
G1765	茁壯
G1766	第九
G1767	九
G1768	九十九
G1769	說不出話的
G1770	以動作示意
G1771	思想
G1772	合法的
G1773	夜裡的
G1774	居住在
G1775	合一
G1776	擾亂
G1777	受制於
G1778	訓令
G1779	準備葬禮
G1780	屍體安葬的準備工作
G1781	指示
G1782	從這裡
G1783	禱告
G1784	尊貴的
G1785	命令
G1786	當地的
G1787	在……裡面
G1788	使人蒙羞
G1789	培育
G1790	戰慄的
G1791	羞愧
G1792	樂於
G1793	尋求
G1794	包起來
G1795	雕刻
G1796	侮辱
G1797	作夢
G1798	夢
G1799	在的前面
G1800	以挪士
G1801	側耳而聽
G1802	以諾
G1803	六
G1804	宣揚
G1805	拯救
G1806	帶領出去
G1807	取出來
G1808	移除
G1809	要求
G1810	突然之間
G1811	順從
G1812	六百
G1813	擦去
G1814	跳起來
G1815	復活
G1816	冒出
G1817	養育後代
G1818	欺騙
G1819	突然
G1820	落入艱困
G1821	打發前去
G1822	完成
G1823	閃電般的閃爍
G1824	馬上
G1825	復活
G1826	離開
G1827	證明有罪
G1828	拖走
G1829	嘔吐物
G1830	企圖尋找
G1831	出去
G1832	……是合法的
G1833	檢驗
G1834	訴說
G1835	六十
G1836	下一個
G1837	響起
G1838	成熟
G1839	困惑
G1840	有能力
G1841	離開
G1842	滅絕
G1843	承諾
G1844	起誓
G1845	驅魔者
G1846	剜出來
G1847	輕蔑
G1848	看不起
G1849	權利
G1850	行使權力
G1851	卓越
G1852	叫醒
G1853	醒來的
G1854	外面
G1855	從外面
G1856	推出去
G1857	外邊的
G1858	遵守節慶
G1859	節期
G1860	應許
G1861	應許
G1862	承諾
G1863	導致或引致
G1864	力辯
G1865	增多
G1866	以拜尼土
G1867	贊許
G1868	稱讚
G1869	高抬
G1870	感到羞恥
G1871	要求更多
G1872	效法
G1873	側耳傾聽
G1874	傾聽
G1875	在……之後
G1876	必須的
G1877	出到
G1878	提醒他人
G1879	安歇
G1880	返回
G1881	起來對抗
G1882	改正
G1883	在……之上
G1884	幫助
G1885	省份
G1886	農場
G1887	翌日
G1888	當場
G1889	以巴弗
G1890	使湧出泡沫
G1891	以巴弗提
G1892	集結反抗
G1893	當……,
G1894	正因為
G1895	因為……
G1896	注目
G1897	既然確實如此
G1898	帶進
G1899	於是
G1900	在更遠處
G1901	用力向外伸展
G1902	穿上
G1903	外衣
G1904	移向
G1905	提問
G1906	問題
G1907	緊握
G1908	威脅
G1909	在
G1910	上到
G1911	穿上
G1912	加負擔於
G1913	登上
G1914	注目
G1915	補丁
G1916	大聲呼叫
G1917	策劃
G1918	結婚
G1919	地上的
G1920	發生
G1921	認識
G1922	知識
G1923	銘文
G1924	寫下
G1925	指出
G1926	茩諉渾
G1927	客居
G1928	增加條例
G1929	給
G1930	使整齊
G1931	落下
G1932	溫和
G1933	溫和的
G1934	尋求
G1935	判死罪的
G1936	放置於……之上
G1937	渴望
G1938	渴求的人
G1939	渴望
G1940	坐在
G1941	呼求
G1942	覆蓋物
G1943	遮蓋
G1944	受咒詛的
G1945	放在……之上
G1946	彼古羅
G1947	支援
G1948	裁定
G1949	抓住
G1950	忘記
G1951	叫作
G1952	失敗
G1953	健忘
G1954	剩下的
G1955	解開
G1956	字意
G1957	證明
G1958	照顧
G1959	照料
G1960	勤奮地
G1961	停留
G1962	同意
G1963	思想
G1964	發假誓
G1965	作偽證的人
G1966	隔天
G1967	當日
G1968	落在
G1969	擊打
G1970	使窒息
G1971	嚮往
G1972	渴望
G1973	渴望的
G1974	渴求
G1975	去到或旅行到
G1976	縫上
G1977	丟擲
G1978	字意
G1979	供應品
G1980	檢閱
G1981	字意
G1982	投影
G1983	關照
G1984	看顧
G1985	監護人
G1986	拉下包皮
G1987	明白
G1988	師父
G1989	吩咐
G1990	聰明的
G1991	堅定
G1992	書信
G1993	使人住嘴
G1994	回轉
G1995	異教徒離棄拜偶像
G1996	聚集
G1997	聚會
G1998	一起跑
G1999	暴動
G2000	不安全
G2001	變得更強硬
G2002	累積
G2003	訓諭
G2004	向……囑咐
G2005	使完結
G2006	合適的
G2007	放在
G2008	吩咐
G2009	處罰
G2010	允許
G2011	准許
G2012	總管
G2013	達成
G2014	照亮
G2015	出現
G2016	明顯的
G2017	升起
G2018	降怒
G2019	大聲喊叫
G2020	出現曙光
G2021	從事
G2022	倒在
G2023	給予
G2024	輔助
G2025	塗敷
G2026	建立其上
G2027	觸礁
G2028	稱呼
G2029	注意查看
G2030	目擊證人
G2031	話語
G2032	天上的
G2033	七
G2034	七次
G2035	七千
G2036	告訴
G2037	以拉都
G2038	工作
G2039	追逐
G2040	勞動者
G2041	行動
G2042	攪動
G2043	使固定
G2044	講說
G2045	細察
G2046	發言
G2047	荒野
G2048	獨居
G2049	使荒廢
G2050	使得荒蕪
G2051	爭論
G2052	紛爭
G2053	羊毛
G2054	爭競
G2055	山羊
G2056	小孩子
G2057	黑馬
G2058	翻譯
G2059	解釋
G2060	希耳米或黑米
G2061	黑摩其尼
G2062	爬蟲類
G2063	紅色的
G2064	來
G2065	問
G2066	衣物
G2067	衣服
G2068	吃
G2069	以斯利
G2070	to
G2071	to
G2072	鏡子
G2073	夜晚
G2074	希斯崙
G2075	是的第二人稱複數
G2076	是的第三人稱單數
G2077	第三人稱單數命令語氣：成為
G2078	終極的
G2079	終於
G2080	裡面
G2081	從裡面
G2082	內裡的
G2083	同事
G2084	說外語的人
G2085	引起分歧的教導
G2086	負軛不平均
G2087	另外
G2088	別樣的
G2089	有關持續
G2090	使準備好
G2091	預備
G2092	準備好
G2093	不遲疑地
G2094	年
G2095	好
G2096	夏娃
G2097	帶來好消息
G2098	好消息
G2099	傳道人
G2100	取悅
G2101	使人喜歡的
G2102	令其滿意的
G2103	友布羅
G2104	出世良好
G2105	宜人的天氣
G2106	認可
G2107	美意
G2108	善行
G2109	行善
G2110	施恩者
G2111	適合的
G2112	馬上
G2113	直行
G2114	充滿喜悅
G2115	歡樂的
G2116	使變為直
G2117	筆直的
G2118	正直
G2119	有機會
G2120	機會
G2121	及時的
G2122	方便地
G2123	容易的
G2124	驚嘆
G2125	顧慮
G2126	敬畏神的
G2127	稱頌
G2128	受祝福的
G2129	稱頌
G2130	慷慨的
G2131	友尼基
G2132	有好感的
G2133	善意
G2134	閹割
G2135	太監
G2136	友阿爹
G2137	字意
G2138	順從的
G2139	容易分心的
G2140	善行
G2141	富裕
G2142	財富
G2143	美貌
G2144	可接納的
G2145	不住服事的
G2146	好好表現
G2147	發現
G2148	東北風
G2149	寬闊的
G2150	敬虔
G2151	對神
G2152	虔誠的
G2153	敬虔地
G2154	清晰
G2155	有憐憫
G2156	合宜地
G2157	得體
G2158	合宜的
G2159	極力地
G2160	粗俗的玩笑
G2161	猶推古
G2162	好名譽
G2163	值得稱許
G2164	多產
G2165	使之高興
G2166	幼發拉底
G2167	歡樂
G2168	感激
G2169	感激
G2170	感恩的
G2171	禱詞
G2172	向神禱告
G2173	有用的
G2174	欣喜
G2175	香味
G2176	左邊的
G2177	跳上
G2178	一次地
G2179	以弗所人
G2180	以弗所人
G2181	以弗所
G2182	發明者
G2183	班次
G2184	當天的
G2185	來到
G2186	站在……
G2187	以法蓮
G2188	打開吧！
G2189	敵意
G2190	可恨的
G2191	蛇
G2192	擁有
G2193	直到……時候
G2194	西布倫
G2195	撒該
G2196	謝拉
G2197	撒迦利亞
G2198	活著
G2199	西庇太
G2200	沸騰的
G2201	一雙
G2202	繩索
G2203	朱彼特或丟斯
G2204	熱衷
G2205	熱衷
G2206	努力
G2207	熱心
G2208	奮銳黨
G2209	傷害
G2210	遭受損失
G2211	西納
G2212	尋求
G2213	問題
G2214	檢查
G2215	黑麥草
G2216	所羅巴伯
G2217	黑暗
G2218	軛
G2219	酵
G2220	發酵
G2221	生擒
G2222	生命
G2223	腰帶
G2224	束上
G2225	賦予生命
G2226	活物
G2227	使活著
G2228	或則
G2229	無疑地
G2230	成為領袖
G2231	指揮
G2232	統治者
G2233	帶領
G2234	欣喜地
G2235	現在
G2236	極其高興地
G2237	喜樂
G2238	薄荷
G2239	風俗
G2240	來
G2241	希伯來文音譯我的神
G2242	希里
G2243	以利亞
G2244	年歲
G2245	何等大
G2246	太陽
G2247	釘子
G2248	我們
G2249	我們
G2250	一天
G2251	我們的
G2252	真正的
G2253	半死不活
G2254	我們
G2255	一半的
G2256	半小時
G2257	我們的
G2258	我曾是
G2259	當
G2260	比
G2261	親切和藹
G2262	珥
G2263	安靜
G2264	希律
G2265	希律黨派
G2266	希羅底
G2267	希羅天
G2268	以賽亞
G2269	以掃
G2270	休息
G2271	安靜
G2272	安靜
G2273	任一
G2274	劣於
G2275	損失
G2276	較差的
G2277	讓他…………
G2278	發出聲響
G2279	響聲
G2280	達太
G2281	海
G2282	珍惜
G2283	他瑪
G2284	受驚
G2285	驚訝
G2286	致命的
G2287	致命的
G2288	死亡
G2289	治死
G2290	埋葬
G2291	他拉
G2292	有信心
G2293	有勇氣
G2294	勇氣
G2295	驚嘆
G2296	驚訝
G2297	奇妙的
G2298	奇妙的
G2299	女神
G2300	專心看
G2301	羞辱
G2302	劇院
G2303	硫磺
G2304	形容詞
G2305	神性
G2306	含硫磺的
G2307	所希望的
G2308	意願
G2309	願意
G2310	基石
G2311	建立根基
G2312	神所教導
G2313	與神敵對
G2314	敵對神
G2315	神所給予靈感的
G2316	神或女神
G2317	敬虔
G2318	敬畏神的
G2319	對神充滿怨恨的
G2320	神性
G2321	提阿非羅
G2322	治療
G2323	服侍
G2324	隨從
G2325	收成
G2326	收割
G2327	收割者
G2328	使自己溫暖
G2329	熱氣
G2330	夏天
G2331	帖撒羅尼迦人
G2332	帖撒羅尼迦
G2333	丟大
G2334	注視
G2335	看到的
G2336	刀鞘或劍鞘
G2337	吸奶
G2338	女性的
G2339	追逐野獸並擊殺
G2340	狩獵
G2341	與野獸搏鬥
G2342	動物
G2343	儲藏
G2344	財寶
G2345	觸摸
G2346	推擠
G2347	壓制
G2348	死
G2349	終必會死的
G2350	陷入混亂
G2351	吵雜聲
G2352	破碎
G2353	家畜
G2354	哀悼
G2355	悲嘆
G2356	敬拜
G2357	虔誠的
G2358	凱旋行進
G2359	人類的毛髮
G2360	內心被攪動
G2361	滴
G2362	椅子
G2363	推雅推喇
G2364	女兒
G2365	小女兒
G2366	暴風雨
G2367	芳香的
G2368	香
G2369	焚香用的祭壇
G2370	燒香
G2371	極其憤怒
G2372	激情
G2373	挑起憤怒
G2374	門
G2375	盾牌
G2376	窗戶
G2377	看門者
G2378	犧牲
G2379	祭壇
G2380	獻祭
G2381	多馬
G2382	胸部
G2383	睚魯
G2384	雅各
G2385	雅各
G2386	醫治
G2387	佯庇
G2388	雅拿
G2389	雅尼
G2390	治療
G2391	雅列
G2392	醫治
G2393	水蒼玉
G2394	耶孫
G2395	醫生
G2396	看！
G2397	外觀
G2398	自己的
G2399	不知情的人
G2400	看啊
G2401	以土買
G2402	汗珠
G2403	耶洗別
G2404	希拉波立
G2405	祭司之職
G2406	祭司職份
G2407	擔任祭司
G2408	耶利米
G2409	祭司
G2410	耶利哥
G2411	聖所
G2412	地點
G2413	聖潔的
G2414	耶路撒冷
G2415	耶路撒冷城的居民
G2416	擄掠聖殿
G2417	擄掠聖殿的人
G2418	執行祭司的職分
G2419	耶路撒冷
G2420	祭司的職位
G2421	耶西
G2422	耶弗他
G2423	耶哥尼雅
G2424	耶穌
G2425	充分的
G2426	有資格
G2427	使充足
G2428	橄欖樹枝
G2429	水氣
G2430	以哥念
G2431	歡喜的
G2432	歡樂
G2433	撫慰
G2434	贖罪
G2435	贖罪的媒介
G2436	仁慈的
G2437	以利哩古
G2438	帶子
G2439	披上
G2440	服飾
G2441	衣裳
G2442	渴望
G2443	則……
G2444	為何
G2445	約帕
G2446	約但
G2447	毒藥
G2448	猶大
G2449	猶大
G2450	住在猶太地
G2451	猶太的
G2452	猶太式的
G2453	猶太人的
G2454	猶太教
G2455	猶大
G2456	猶利亞
G2457	猶流
G2458	猶尼亞
G2459	猶士都
G2460	騎馬者
G2461	騎士
G2462	馬
G2463	彩虹
G2464	以撒
G2465	天使般的
G2466	以薩迦
G2467	知道
G2468	正是你
G2469	加略
G2470	相等的
G2471	平等
G2472	同等
G2473	同心
G2474	給族長雅各的名字
G2475	以色列人
G2476	放置
G2477	為了察詢某事而拜訪
G2478	強壯的
G2479	能力
G2480	健康
G2481	一樣地
G2482	義大利
G2483	義大利的
G2484	以土利亞
G2485	小魚
G2486	魚
G2487	足跡
G2488	約坦
G2489	約亞拿
G2490	約亞拿
G2491	約翰
G2492	約伯
G2493	約珥
G2494	約南
G2495	約拿
G2496	約蘭
G2497	約令
G2498	約沙法
G2499	約細
G2500	約西
G2501	約瑟
G2502	約西亞
G2503	希伯來文母`
G2504	和我
G2505	正如
G2506	拆毀
G2507	降低
G2508	使清潔
G2509	如同
G2510	握住
G2511	弄乾淨
G2512	潔淨
G2513	潔淨
G2514	乾淨
G2515	椅子
G2516	坐下
G2517	依次地
G2518	入睡
G2519	老師
G2520	達到
G2521	坐著
G2522	每天的
G2523	使坐下
G2524	降下
G2525	帶著
G2526	一如
G2527	全部的
G2528	以武器裝備
G2529	察覺
G2530	正如
G2531	正如
G2532	和
G2533	該亞法
G2534	起碼
G2535	該隱
G2536	該南
G2537	新的
G2538	新的
G2539	雖然
G2540	時間
G2541	該撒
G2542	該撒利亞
G2543	然而
G2544	即使
G2545	點亮
G2546	那裡也
G2547	指地方
G2548	而他
G2549	惡念
G2550	惡毒
G2551	辱罵
G2552	苦難
G2553	承受厄運
G2554	作惡事
G2555	行為邪惡的
G2556	不好的
G2557	惡者
G2558	惡待
G2559	傷害
G2560	嚴重地
G2561	苦待
G2562	草
G2563	蘆葦
G2564	呼叫
G2565	種植的橄欖樹
G2566	更好
G2567	教導有益處正面的事情
G2568	佳澳
G2569	行善事
G2570	美麗的
G2571	面紗
G2572	掩蓋
G2573	合宜地
G2574	駱駝
G2575	火爐
G2576	閉眼
G2577	乏倦
G2578	屈身
G2579	而如果
G2580	迦拿
G2581	熱心
G2582	埃提阿伯
G2583	規則
G2584	迦百農
G2585	交易
G2586	煙
G2587	加帕多加
G2588	心
G2589	知道
G2590	水果
G2591	加布
G2592	結果子
G2593	結果子的
G2594	忠貞不移
G2595	斑點
G2596	接直接受詞
G2597	下去
G2598	摔下去
G2599	加重
G2600	下行
G2601	拿下來
G2602	根基
G2603	喪失獎賞
G2604	宣告者
G2605	宣告
G2606	嘲弄
G2607	譴責
G2608	折斷
G2609	引領下來
G2610	制伏
G2611	綑綁起來
G2612	非常清楚的
G2613	定罪
G2614	尋覓
G2615	使為奴
G2616	壓制
G2617	恥辱
G2618	焚燒
G2619	遮蓋
G2620	向……自誇
G2621	躺下
G2622	破為片塊
G2623	關閉
G2624	以抽籤分配
G2625	坐下
G2626	氾濫
G2627	洪水
G2628	跟隨在後
G2629	割劃
G2630	推下懸崖
G2631	判罪
G2632	向人宣判罪刑
G2633	定罪
G2634	制服
G2635	詆誹
G2636	惡言
G2637	毀謗中傷的
G2638	贏取
G2639	選擇成員
G2640	餘下的人
G2641	留在身後
G2642	用石頭打死
G2643	和好
G2644	和好
G2645	餘剩的
G2646	客棧
G2647	拆下
G2648	仔細觀察
G2649	作反證
G2650	停留
G2651	分開的
G2652	咒詛
G2653	詛咒
G2654	燒盡
G2655	僵硬
G2656	作手勢
G2657	注意
G2658	來到
G2659	麻木
G2660	被刺
G2661	認為有價值
G2662	踩在腳底下
G2663	靜止安息
G2664	使安靜
G2665	幔子
G2666	喝下
G2667	跌落
G2668	航向
G2669	制服
G2670	溺水
G2671	詛咒
G2672	詛咒
G2673	用盡
G2674	數在內
G2675	復原
G2676	完熟
G2677	裝備
G2678	搖擺
G2679	拆除
G2680	準備好
G2681	居住
G2682	居住棲息之地
G2683	遮蓋
G2684	監視
G2685	間諜
G2686	詭詐對待
G2687	抑制
G2688	行為舉止
G2689	服裝
G2690	翻倒
G2691	受制於強烈的生理慾望
G2692	傾覆
G2693	趴低
G2694	用力拉開
G2695	屠殺
G2696	密封
G2697	產業
G2698	放下
G2699	切碎
G2700	射落
G2701	跑下去
G2702	經外意義
G2703	逃跑
G2704	腐化
G2705	親吻
G2706	蔑視
G2707	輕慢人的
G2708	澆灌下來
G2709	地下的
G2710	過度使用
G2711	冷卻下來
G2712	偶像林立
G2713	在……對面
G2714	正對面
G2715	行使權力
G2716	達成
G2718	下來
G2719	吞吃
G2720	帶領
G2721	起而攻擊
G2722	防止
G2723	控告
G2724	控訴
G2725	控告者
G2726	沮喪
G2727	報告
G2728	生鏽
G2729	勝過
G2730	居住
G2731	居住
G2732	住處
G2733	居所
G2734	反思
G2735	成功
G2736	之下
G2737	較低的
G2738	燃燒
G2739	火燒
G2740	焚燒
G2741	點燃
G2742	熱氣
G2743	以燒熱的鐵烙印
G2744	讚美
G2745	自誇自豪
G2746	自誇
G2747	堅革哩
G2748	汲淪
G2749	躺
G2750	纏裹用的材料
G2751	剪羊毛
G2752	一個指令
G2753	命令
G2754	虛浮的榮耀
G2755	驕傲自誇的
G2756	空的
G2757	空洞的評論
G2758	使空
G2759	刺
G2760	百夫長
G2761	徒勞地
G2762	角
G2763	陶匠
G2764	屬於陶匠的
G2765	水壺
G2766	屋瓦
G2767	混合
G2768	動物的角
G2769	角豆莢
G2770	得到
G2771	利潤
G2772	硬幣
G2773	兌換錢的人
G2774	重點
G2775	打傷頭部
G2776	頭
G2777	經卷
G2778	稅
G2779	花園
G2780	園丁
G2781	蜂巢
G2782	宣布
G2783	傳令官
G2784	正式公告
G2785	海怪
G2786	磯法
G2787	船隻
G2788	豎琴
G2789	彈奏豎琴
G2790	豎琴樂手
G2791	基利家
G2792	肉桂
G2793	冒險
G2794	危險
G2795	遷移
G2796	動靜
G2797	基士
G2798	樹枝
G2799	哭泣
G2800	破開
G2801	碎片
G2802	高大
G2803	一名基督徒婦女
G2804	革老丟
G2805	哭泣
G2806	擘開
G2807	鑰匙
G2808	關閉
G2809	偷竊
G2810	革流巴
G2811	聲名
G2812	盜賊
G2813	偷竊
G2814	枝子
G2815	革利免
G2816	繼承者
G2817	繼承物
G2818	受益者
G2819	籤
G2820	抽籤獲得
G2821	呼召
G2822	受呼召
G2823	烤爐
G2824	地區
G2825	床
G2826	小床
G2827	俯首
G2828	一起吃飯的一群人
G2829	偷竊
G2830	大浪
G2831	被波浪搖來搖去
G2832	革羅罷
G2833	抓
G2834	革尼士
G2835	羅馬銅幣
G2836	肚腹
G2837	入睡
G2838	躺下睡覺
G2839	共通的
G2840	使之凡俗
G2841	分享
G2842	團契
G2843	寬宏大量
G2844	同伴
G2845	床
G2846	臥室
G2847	深紅色的
G2848	穀粒
G2849	處罰
G2850	巴結
G2851	懲罰
G2852	用拳頭打
G2853	緊密結合
G2854	眼膏
G2855	兌換銀錢之人
G2856	縮減
G2857	歌羅西
G2858	歌羅西人
G2859	胸部
G2860	游泳
G2861	池子
G2862	殖民地
G2863	讓頭髮長
G2864	頭髮
G2865	帶著
G2866	優於
G2867	粉刷
G2868	塵土
G2869	停止
G2870	悲嘆或哀悼
G2871	切下來
G2872	疲乏
G2873	困難
G2874	糞堆
G2875	切斷
G2876	烏鴉
G2877	女孩
G2878	各耳板
G2879	可拉
G2880	使飽足
G2881	哥林多人
G2882	歌林多
G2883	哥尼流
G2884	一石
G2885	整理
G2886	地上的
G2887	合宜的
G2888	世界統治者
G2889	妝飾
G2890	括士
G2891	站起來
G2892	守衛軍
G2893	使減輕
G2894	籃子
G2895	褥子
G2896	大聲呼喊
G2897	狂飲
G2898	頭骨
G2899	邊緣
G2900	強有力的
G2901	變強壯
G2902	達到
G2903	閣下
G2904	能力
G2905	大叫
G2906	喊叫
G2907	肉
G2908	更好
G2909	更有用的
G2910	懸掛
G2911	陡坡
G2912	革哩底人
G2913	革勒士
G2914	革哩底
G2915	大麥
G2916	大麥麵粉作的
G2917	訴訟
G2918	百合花
G2919	選擇
G2920	審判
G2921	基利司布
G2922	法院
G2923	法官
G2924	能識別察覺的
G2925	敲擊
G2926	地窖
G2927	隱密的
G2928	隱藏
G2929	像水晶一樣閃亮
G2930	水晶
G2931	秘密地
G2932	獲得
G2933	財產
G2934	家畜
G2935	持有人
G2936	創造
G2937	創造
G2938	被創造的
G2939	創造主
G2940	詭計
G2941	治理
G2942	船主
G2943	在……四圍
G2944	包圍
G2945	四周
G2946	滾動
G2947	打滾
G2948	跛腳的
G2949	波浪
G2950	鈸
G2951	蒔蘿
G2952	小狗
G2953	居比路人
G2954	居比路
G2955	向前彎曲
G2956	古利奈人
G2957	古利奈
G2958	居里扭
G2959	夫人
G2960	屬於主的
G2961	管理
G2962	擁有人
G2963	統治權
G2964	使生效
G2965	狗
G2966	屍首
G2967	阻止
G2968	鄉村
G2969	市集鎮
G2970	過度的宴樂
G2971	蠓蟲
G2972	哥士
G2973	哥桑
G2974	啞吧
G2975	得到
G2976	拉撒路
G2977	隱密地
G2978	旋風
G2979	踢
G2980	發出聲音
G2981	說話內容
G2982	為什麼
G2983	拿
G2984	拉麥
G2985	火把
G2986	明亮的
G2987	明亮
G2988	豪華壯麗的
G2989	發光照耀
G2990	ֲֹ被隱藏起來	
G2991	石頭鑿成的
G2992	一個民族
G2993	老底嘉
G2994	老底嘉人
G2995	喉嚨
G2996	拉西亞
G2997	撞毀
G2998	切割石頭
G2999	事奉
G3000	事奉
G3001	蔬菜
G3002	利拜烏
G3003	軍團
G3004	說
G3005	殘餘物
G3006	平坦
G3007	留下
G3008	事奉
G3009	服事
G3010	投入特別工作的
G3011	神職人員
G3012	毛巾
G3013	鱗片
G3014	嚴重的皮膚病
G3015	有嚴重皮膚病的
G3016	細薄的
G3017	利未
G3018	利未
G3019	利未人
G3020	利未人的
G3021	使漂白
G3022	明亮
G3023	獅子
G3024	健忘
G3025	酒醡
G3026	廢話
G3027	強盜
G3028	接受
G3029	極度地
G3030	乳香
G3031	香爐
G3032	自由的人
G3033	呂彼亞
G3034	被亂石擊打
G3035	石頭造的
G3036	石刑
G3037	石頭
G3038	石頭路
G3039	粉碎
G3040	港灣
G3041	湖
G3042	饑餓
G3043	燈芯
G3044	利奴
G3045	明亮
G3046	一磅
G3047	西南方
G3048	籌款
G3049	數算
G3050	周詳思考過的
G3051	話語
G3052	知書達禮
G3053	計算
G3054	言語爭論
G3055	口水戰
G3056	話語
G3057	長矛
G3058	污辱
G3059	責罵
G3060	謾罵者
G3061	瘟疫
G3062	剩下的
G3063	從此以後
G3064	未來
G3065	路加
G3066	路求
G3067	沐浴
G3068	沐浴
G3069	呂大
G3070	呂底亞
G3071	呂高尼
G3072	以呂高尼的方言
G3073	呂家
G3074	狼
G3075	傷害
G3076	觸怒
G3077	哀傷
G3078	呂撒聶
G3079	呂西亞
G3080	解放
G3081	更好
G3082	路司得
G3083	贖價
G3084	贖回
G3085	商業用語
G3086	救贖者
G3087	燭台
G3088	燈
G3089	解開
G3090	羅以
G3091	羅得
G3092	瑪押
G3093	馬加丹
G3094	抹大拉
G3095	魔法
G3096	施魔術
G3097	星象家
G3098	瑪各
G3099	米甸
G3100	成為門徒
G3101	弟子
G3102	女門徒
G3103	以諾的兒子
G3104	買南
G3105	發怒
G3106	被稱為有福的
G3107	幸運
G3108	祝福
G3109	馬其頓
G3110	一位馬其頓人
G3111	賣肉或食物的市場
G3112	遙遠的
G3113	遙遠地
G3114	有耐心
G3115	耐心
G3116	有耐心地
G3117	漫長的
G3118	長壽
G3119	病痛
G3120	柔軟的
G3121	瑪勒列
G3122	尤其是
G3123	更加
G3124	馬勒古
G3125	母親
G3126	財富
G3127	馬念
G3128	瑪拿西
G3129	學習
G3130	瘋狂
G3131	嗎哪
G3132	傳遞神諭
G3133	逐漸消失
G3134	來吧
G3135	珍珠
G3136	馬大
G3137	耶穌的母親馬利亞
G3138	馬可
G3139	大理石
G3140	作證
G3141	見證
G3142	證言
G3143	鄭重作證
G3144	法律上的見證人
G3145	咬
G3146	鞭打
G3147	鞭打
G3148	鞭子
G3149	男人的乳頭
G3150	虛浮無益的話
G3151	實名詞
G3152	無力的
G3153	虛空
G3154	使之虛空
G3155	徒勞
G3156	馬太
G3157	馬但
G3158	瑪塔
G3159	馬提亞
G3160	瑪達他
G3161	瑪他提亞
G3162	劍
G3163	戰鬥
G3164	實質的戰爭
G3165	我
G3166	驕傲
G3167	壯闊宏偉的
G3168	壯闊
G3169	威榮
G3170	高舉
G3171	極大
G3172	威嚴
G3173	大
G3174	偉大
G3175	高官
G3176	最大的
G3177	翻譯
G3178	酒醉
G3179	移動
G3180	詭計
G3181	邊境
G3182	使之酒醉
G3183	酒鬼
G3184	喝醉
G3185	更進一步
G3186	較大的
G3187	較偉大的
G3188	墨水
G3189	黑色的
G3190	米利亞
G3191	照顧
G3192	蜂蜜
G3193	與蜜蜂有關的
G3194	米利大
G3195	將要
G3196	成員
G3197	麥基
G3198	麥基洗德
G3199	關心
G3200	皮紙
G3201	指責
G3202	抱怨命運
G3303	表示相對或繼續的虛詞
G3304	反而
G3305	真實地
G3306	停留
G3307	分開
G3308	關注
G3309	焦慮
G3310	一份
G3311	劃分
G3312	分配者
G3313	一部分
G3314	時刻
G3315	保證
G3316	仲裁者
G3317	半夜
G3318	米所波大米
G3319	中間
G3320	間隔牆
G3321	天空的最頂點;
G3322	在中間
G3323	彌賽亞
G3324	滿了的
G3325	裝滿
G3326	與
G3327	去
G3328	改變
G3329	轉動
G3330	分給
G3331	改變
G3332	走開
G3333	召喚
G3334	移動
G3335	共同有份
G3336	共享
G3337	交換
G3338	懊悔
G3339	改觀
G3340	悔改
G3341	改變心思
G3342	……之間
G3343	派遣
G3344	改變
G3345	改變外型
G3346	調換
G3347	之後
G3348	分享
G3349	被舉起
G3350	遷移到另一居所
G3351	遷移至另一住處
G3352	分享
G3353	參與/有分於
G3354	測量
G3355	容量單位
G3356	溫柔以待
G3357	適度地
G3358	量器
G3359	前額
G3360	一直到
G3361	不
G3362	若非
G3363	唯恐
G3364	絕不
G3365	絕不
G3366	不要
G3367	沒有
G3368	從不
G3369	尚未
G3370	米底亞人
G3371	不再是
G3372	長度
G3373	使拉長
G3374	羊皮
G3375	確信地
G3376	一個月
G3377	顯示
G3378	不
G3379	從不
G3380	尚未
G3381	唯恐
G3382	大腿
G3383	也不……
G3384	母親
G3385	用於問句中
G3386	更何況
G3387	不容任何人
G3388	子宮
G3389	殺害母親的人
G3390	首城
G3391	唯一的
G3392	污染
G3393	與罪行相關的污穢
G3394	不潔
G3395	混合
G3396	混合
G3397	小的
G3398	小的
G3399	米利都
G3400	一里
G3401	仿傚
G3402	仿傚者
G3403	記住
G3404	痛恨
G3405	工酬
G3406	發獎賞者
G3407	日計的短工
G3408	工錢
G3409	雇用
G3410	租的東西
G3411	受雇的人
G3412	米推利尼
G3413	米迦勒
G3414	彌拿
G3415	想起
G3416	拿孫
G3417	記憶
G3418	字意
G3419	紀念碑
G3420	回想
G3421	記住
G3422	記得
G3423	求婚
G3424	講話有困難的
G3425	很難地
G3426	一個容量
G3427	我
G3428	淫婦
G3429	行淫
G3430	通姦
G3431	犯姦淫
G3432	通姦的人
G3433	有困難的
G3434	摩洛
G3435	弄髒
G3436	玷污
G3437	責備
G3438	停留
G3439	唯一的
G3440	唯有
G3441	僅有的
G3442	獨眼的
G3443	使孤獨一人
G3444	外型
G3445	形成
G3446	形式
G3447	做一隻牛犢
G3448	小牛犢
G3449	勞動
G3450	我的
G3451	擅長音樂的
G3452	骨髓
G3453	啓蒙
G3454	故事
G3455	獅子的吼叫
G3456	輕蔑
G3457	屬於磨石的
G3458	磨坊
G3459	磨坊
G3460	每拉
G3461	為數一萬的整體
G3462	膏抹
G3463	一萬
G3464	油膏
G3465	每西亞
G3466	秘密
G3467	近視
G3468	淤青
G3469	責備
G3470	責難
G3471	成為愚笨
G3472	愚昧
G3473	愚昧的言詞
G3474	愚蠢
G3475	摩西
G3476	拿順
G3477	拿該
G3478	拿撒勒
G3479	拿撒勒的居民
G3480	拿撒勒地的居民
G3481	拿單
G3482	拿但業
G3483	肯定
G3484	拿因
G3485	聖殿
G3486	拿鴻
G3487	甘松香
G3488	拿其數
G3489	經歷船難
G3490	船主
G3491	大型船隻
G3492	水手
G3493	基督的組先
G3494	年輕人
G3495	年輕人
G3496	尼亞波利
G3497	敘利亞人乃縵
G3498	死去的
G3499	使其死亡
G3500	死亡
G3501	嶄新的
G3502	年輕的
G3503	年輕
G3504	剛栽種引進的
G3505	尼錄
G3506	點頭示意
G3507	雲
G3508	拿弗他利
G3509	雲
G3510	腎臟
G3511	看守聖殿的人
G3512	青春
G3513	確實如此
G3514	紡紗
G3515	像一個孩子
G3516	嬰兒
G3517	尼利亞
G3518	尼利
G3519	小島
G3520	島嶼
G3521	捱餓
G3522	禁食
G3523	不進食
G3524	有節制的
G3525	有節制
G3526	尼結
G3527	尼迦挪
G3528	克勝
G3529	勝利
G3530	尼哥底母
G3531	尼哥拉黨人
G3532	尼哥拉
G3533	尼哥波立
G3534	勝利
G3535	尼尼微
G3536	尼尼微人
G3537	盆
G3538	清洗
G3539	察覺
G3540	思想
G3541	私生的
G3542	牧草
G3543	慣用
G3544	有關律法的
G3545	合乎律法地
G3546	錢幣
G3547	律法教師
G3548	立法
G3549	制定頒佈律法
G3550	頒布律法者
G3551	習俗
G3552	生病
G3553	疾病
G3554	疾病
G3555	鳥巢
G3556	雛鳥
G3557	保留
G3558	南風
G3559	警告
G3560	告誡
G3561	月朔
G3562	明智地
G3563	心智
G3564	寧法
G3565	新娘
G3566	新郎
G3567	新娘房
G3568	在這一刻
G3569	現在
G3570	現在
G3571	夜晚
G3572	刺入
G3573	打盹
G3574	一晝一夜
G3575	挪亞
G3576	懶散的
G3577	背部
G3578	熱心款待
G3579	招呼
G3580	熱心好客
G3581	形容詞
G3582	瓶子
G3583	使乾涸
G3584	乾枯
G3585	木製的
G3586	木頭
G3587	剪毛
G3588	這
G3589	八十
G3590	第八
G3591	大塊
G3592	這個
G3593	旅行
G3594	帶領
G3595	嚮導
G3596	旅行
G3597	旅程
G3598	道路
G3599	牙齒
G3600	承受身體的痛苦
G3601	傷痛
G3602	哀號
G3603	就是
G3604	烏西亞
G3605	驅除味道
G3606	源自
G3607	亞麻布
G3608	亞麻布
G3609	家人
G3610	家僕
G3611	居住在
G3612	房間
G3613	住所
G3614	房子
G3615	家中一員
G3616	管理家務
G3617	一家之主
G3618	建造
G3619	建設
G3620	建立
G3621	管理
G3622	管理
G3623	管家
G3624	房子
G3625	棲息的地球
G3626	致力於家庭
G3627	憐憫
G3628	同情
G3629	仁慈寬容的
G3630	好酒之徒
G3631	酒
G3632	酩酊大醉
G3633	假設
G3634	那一種
G3635	延遲
G3636	懶散的
G3637	第八天
G3638	八
G3639	毀壞
G3640	小信
G3641	些許
G3642	灰心的
G3643	不是很在乎
G3644	破壞者
G3645	毀壞
G3646	燔祭
G3647	整全
G3648	各部分都完全
G3649	呼喊
G3650	所有的
G3651	完全的
G3652	阿林巴
G3653	晚熟的無花果
G3654	完全地
G3655	驟雨
G3656	說話
G3657	交誼
G3658	人群
G3659	眼睛
G3660	起誓
G3661	同心協力
G3662	相像
G3663	同性情的
G3664	相像
G3665	相似
G3666	使相像
G3667	相似
G3668	同樣地
G3669	類似
G3670	應許
G3671	宣告
G3672	毫無疑問地
G3673	同樣行業的
G3674	一起在同一地點
G3675	同心一致的
G3676	儘管如此
G3677	夢
G3678	小驢
G3679	輕看
G3680	侮辱
G3681	斥責
G3682	阿尼西母
G3683	阿尼色弗
G3684	與驢子相關的
G3685	動詞
G3686	名字
G3687	稱呼
G3688	驢
G3689	副詞
G3690	酸酒
G3691	尖銳的
G3692	開口
G3693	從背後
G3694	後面
G3695	準備好
G3696	武器
G3697	哪一類的
G3698	當……
G3699	哪裡
G3700	顯現
G3701	異象
G3702	烤過的
G3703	果實
G3704	如何
G3705	所看見的
G3706	眼睛
G3707	可看見的
G3708	及物
G3709	憤怒
G3710	發怒
G3711	容易生氣
G3712	噚合六英呎
G3713	伸展出去摸一個東西
G3714	多山的
G3715	渴望
G3716	行在正路上
G3717	筆直的
G3718	或穿過鄉野
G3719	清早起床
G3720	清早
G3721	一大早
G3722	黎明
G3723	正確無誤地
G3724	確定界線
G3725	界線
G3726	命令
G3727	誓言
G3728	起誓
G3729	急往前衝
G3730	衝動
G3731	猛烈的衝擊
G3732	飛鳥
G3733	母雞
G3734	固定的界線
G3735	山
G3736	挖掘
G3737	失怙的
G3738	跳舞
G3739	……的那一位
G3740	每當
G3741	敬虔
G3742	對神的虔誠
G3743	虔誠地
G3744	氣味
G3745	與……一樣大
G3746	無論誰
G3747	骨頭
G3748	無論誰
G3749	泥土製的
G3750	嗅覺
G3751	腰部
G3752	……時候
G3753	當……
G3754	那
G3755	的單數
G3756	不
G3757	……之處
G3758	啊哈！
G3759	啊！禍哉！
G3760	決不
G3761	但不會
G3762	形容詞
G3763	從未
G3764	尚未
G3765	不再是
G3766	因此
G3767	然後
G3768	尚未
G3769	尾巴
G3770	天上的
G3771	從天上
G3772	天
G3773	耳巴奴
G3774	烏利亞
G3775	耳朵
G3776	產業
G3777	也非
G3778	這
G3779	這樣
G3780	不
G3781	欠債的人
G3782	義務
G3783	債
G3784	有欠於
G3785	希望
G3786	利益
G3787	表面工夫
G3788	眼睛
G3789	蛇
G3790	山或懸崖的邊緣
G3791	攪擾
G3792	結集一大群人
G3793	群眾
G3794	碉堡
G3795	魚
G3796	晚
G3797	春雨
G3798	遲的
G3799	看見
G3800	薪資
G3801	昔在
G3802	誘捕
G3803	機關
G3804	苦難
G3805	遭受苦難的
G3806	苦難
G3807	指導者
G3808	兒童
G3809	教養
G3810	指導者
G3811	教育
G3812	從年幼時
G3813	小孩子
G3814	女奴
G3815	玩耍
G3816	男孩
G3817	打
G3818	帕卡底亞那
G3819	以前
G3820	老舊的
G3821	過時
G3822	使成為古舊
G3823	奮戰
G3824	更新
G3825	回到
G3826	全部一起
G3827	非常多
G3828	旁非利亞
G3829	客棧
G3830	旅館主人
G3831	慶典集會
G3832	與全家大小
G3833	完整全備的武裝
G3834	字意
G3835	可以作任何事
G3836	從各方向
G3837	到處
G3838	完全地
G3839	各個方面
G3840	各方各面
G3841	全能者
G3842	經常
G3843	確實
G3844	從旁邊
G3845	偏離
G3846	擲向前
G3847	踰矩
G3848	犯規者
G3849	強力促求
G3850	模式
G3851	不在乎
G3852	命令
G3853	下達命令
G3854	出現
G3855	離開
G3856	揭發
G3857	樂園
G3858	接受
G3859	無用的工作
G3860	交予
G3861	奇特的
G3862	傳統
G3863	引起忌妒
G3864	靠海岸的
G3865	忽略
G3866	託管
G3867	推荐
G3868	請求
G3869	在一旁坐下
G3870	召喚
G3871	遮蔽
G3872	託管
G3873	在手邊
G3874	鼓舞
G3875	代求者
G3876	馬耳東風
G3877	伴隨
G3878	在一旁聽到
G3879	看
G3880	帶著
G3881	沿岸航行
G3882	海岸
G3883	變化
G3884	欺騙
G3885	癱瘓的
G3886	鬆開
G3887	留下
G3888	打氣
G3889	安慰
G3890	安慰
G3891	觸犯法律
G3892	無法
G3893	煽動
G3894	反抗
G3895	掉在旁邊
G3896	航行經過
G3897	接近
G3898	相似地
G3899	經過
G3900	罪行
G3901	沖走
G3902	有記號的
G3903	預備
G3904	預備
G3905	擴展
G3906	觀察
G3907	細密觀察
G3908	置於……之前
G3909	恰好在旁
G3910	立刻
G3911	帶走
G3912	失去理性
G3913	瘋狂
G3914	過冬
G3915	過冬
G3916	即刻
G3917	豹
G3918	在場
G3919	帶進
G3920	暗中帶入
G3921	秘密地進入
G3922	進入
G3923	應用
G3924	除了……之外
G3925	營地
G3926	惹麻煩
G3927	客居
G3928	經過
G3929	略過
G3930	提出
G3931	安慰
G3932	處子之身
G3933	處女
G3934	帕提亞人
G3935	變鬆
G3936	置於……之旁
G3937	巴米拿
G3938	經過
G3939	住在就近
G3940	旅居
G3941	外人
G3942	諺語
G3943	醉酒的
G3944	走過的
G3945	相似
G3946	相像的
G3947	挑動
G3948	激動
G3949	觸怒
G3950	怒氣
G3951	激起
G3952	在場
G3953	盤子
G3954	坦率
G3955	自由
G3956	每一個
G3957	逾越節
G3958	經歷
G3959	帕大喇
G3960	擊打
G3961	行走
G3962	較近的先祖
G3963	拔摩
G3964	弒父者
G3965	家族
G3966	族長
G3967	父親的
G3968	故土
G3969	八羅巴
G3970	祖傳
G3971	繼承於父親/先祖的
G3972	保羅
G3973	使停息或停止
G3974	帕弗
G3975	字意
G3976	腳鐐
G3977	水平的
G3978	由陸地旅行
G3979	經由陸地
G3980	聽從
G3981	有說服力的
G3982	說服
G3983	飢餓
G3984	嚐試
G3985	嚐試
G3986	試驗
G3987	嚐試
G3988	說服
G3989	海
G3990	砍頭
G3991	第五
G3992	打發
G3993	貧窮的
G3994	岳母
G3995	岳父
G3996	悲歎
G3997	悲哀
G3998	貧窮的
G3999	五次
G4000	五千
G4001	五百
G4002	五
G4003	第十五
G4004	五十
G4005	五旬節
G4006	信任
G4007	不論如何
G4008	在另外一頭
G4009	極限
G4010	別迦摩
G4011	別加
G4012	有關
G4013	帶在身邊
G4014	拿走
G4015	照亮四周
G4016	立起環繞
G4017	四周打量
G4018	袍子
G4019	包起來
G4020	好管閒事之徒
G4021	好管閒事
G4022	四處遊走
G4023	緊握
G4024	束腰
G4025	穿上
G4026	避開
G4027	塵土
G4028	遮蓋
G4029	圍繞
G4030	頭盔
G4031	有力量
G4032	隱藏
G4033	環繞
G4034	向四周圍發光
G4035	留下
G4036	極其難過
G4037	等候
G4038	四周
G4039	住在附近
G4040	鄰居
G4041	挑選的
G4042	經文
G4043	行走
G4044	穿入
G4045	撞到
G4046	獲取
G4047	維持安全
G4048	全部撕扯下來
G4049	被拉開
G4050	豐富
G4051	豐富
G4052	過多
G4053	不同凡響
G4054	更加
G4055	更加
G4056	甚於
G4057	極度地
G4058	鴿子
G4059	字面意思
G4060	置於
G4061	割禮
G4062	扭轉
G4063	到處亂跑
G4064	四處攜帶
G4065	蔑視
G4066	附近的
G4067	塵土
G4068	自誇
G4069	彼息氏
G4070	去年
G4071	鳥
G4072	飛翔
G4073	岩石
G4074	彼得
G4075	多石的
G4076	芸香
G4077	噴泉
G4078	使牢固
G4079	船的舵
G4080	何其巨大
G4081	泥濘
G4082	皮袋
G4083	一腕尺
G4084	緊握
G4085	按
G4086	用來說服人的言論
G4087	使變苦
G4088	苦味
G4089	有苦味的
G4090	喻意
G4091	彼拉多
G4092	腫脹
G4093	小木板
G4094	大淺盤
G4095	飲用
G4096	肥油
G4097	販賣
G4098	跌落
G4099	彼西底
G4100	相信
G4101	真正的
G4102	相信
G4103	忠實的
G4104	有信心
G4105	誤導
G4106	謬誤
G4107	流蕩者
G4108	形容詞
G4109	石版
G4110	塑像
G4111	塑造
G4112	捏造的
G4113	寬闊的路
G4114	寬度
G4115	使寬闊
G4116	寬闊的
G4117	編結的頭髮
G4118	最多
G4119	更多
G4120	編
G4121	增多
G4122	佔便宜
G4123	貪婪的人
G4124	覬覦
G4125	身體側面
G4126	航行
G4127	擊打
G4128	數量
G4129	加多
G4130	充滿
G4131	好鬥的人
G4132	洪水
G4133	但是
G4134	滿的
G4135	完成
G4136	信心十足
G4137	使充滿
G4138	充滿
G4139	近於，鄰居
G4140	滿足
G4141	重擊
G4142	小舟
G4143	船
G4144	航行
G4145	富裕的
G4146	大量地
G4147	有錢的
G4148	使富裕有錢
G4149	錢財
G4150	洗
G4151	吹送
G4152	與神的靈相關
G4153	與神的靈相符地
G4154	吹動
G4155	掐住
G4156	勒死的
G4157	氣息
G4158	一直到腳的
G4159	地點
G4160	製造
G4161	作品
G4162	行動的過程
G4163	製造者
G4164	多元的
G4165	餵養
G4166	牧羊人
G4167	羊群
G4168	羊群
G4169	哪一種？
G4170	作戰
G4171	戰爭
G4172	城市
G4173	市府官員
G4174	公民權
G4175	國家
G4176	成為公民
G4177	公民
G4178	多次
G4179	更多倍
G4180	多話
G4181	許多部分
G4182	多方面的
G4183	為數眾多的
G4184	滿懷憐憫
G4185	廣闊
G4186	非常有價值的
G4187	用許多種方式
G4188	飲料
G4189	邪惡
G4190	邪惡的
G4192	痛苦
G4193	從本都來的
G4194	本丟[彼拉多]
G4195	原先為海的名稱
G4196	部百流
G4197	旅行
G4198	去
G4199	毀壞
G4200	取得途徑
G4201	腓力斯的繼承者
G4202	賣淫
G4203	犯姦淫
G4204	妓女
G4205	行姦淫的人
G4206	遠遠
G4207	由遠處
G4208	更遠地
G4209	紫色
G4210	紫色的
G4211	賣紫色布匹的商人
G4212	多少次？多常？
G4213	喝
G4214	何等偉大
G4215	河川
G4216	淹沒的
G4217	什麼種類？
G4218	某時
G4219	甚麼時候？
G4220	或者
G4221	杯
G4222	給飲料喝
G4223	部丟利
G4224	酒宴
G4225	哪裡？
G4226	哪裡？往何處？到什麼地方？
G4227	布田
G4228	腳
G4229	行為
G4230	活動
G4231	作買賣
G4232	總督府
G4233	官員
G4234	活動
G4235	溫和的
G4237	字意
G4238	去做
G4239	溫和
G4240	溫柔
G4241	合宜
G4242	使節
G4243	年長
G4244	長老議會
G4245	年長
G4246	老年人
G4247	上年紀的婦女
G4248	倒栽蔥
G4249	鋸
G4250	之前
G4251	百基拉
G4252	百基拉
G4253	在……之前
G4254	帶領前進
G4255	選擇
G4256	事先指控
G4257	事先聽見
G4258	以前犯罪
G4259	前院
G4260	向前行
G4261	使之往前
G4262	羊的
G4263	羊
G4264	致使向前
G4265	預知
G4266	先前所發生
G4267	預先知道
G4268	預知
G4269	父母
G4270	事先寫下
G4271	顯然易見的
G4272	事先給予
G4273	背叛者
G4274	先行
G4275	預見
G4276	事先盼望
G4277	預先說出來
G4278	開始
G4279	事先/先前承諾
G4280	從前說過
G4281	往前走
G4282	事先預備
G4283	預先宣告好消息
G4284	優於
G4285	在前引路
G4286	陳列
G4287	指定的日子
G4288	樂意
G4289	願意的
G4290	樂意地
G4291	治理
G4292	挑動
G4293	預先宣告
G4294	準備
G4295	被揭露
G4296	公開宣講
G4297	進步
G4298	前進
G4299	偏見
G4300	事先設立
G4301	預先作某件事
G4302	預測
G4303	預先作證
G4304	事前練習
G4305	事先著急
G4306	考量
G4307	細心計畫
G4308	預見
G4309	預定
G4310	遭受痛苦
G4311	陪同
G4312	字意
G4313	走在……前面
G4314	有……的優勢
G4315	週五
G4316	打招呼
G4317	帶來
G4318	途徑
G4319	乞求
G4320	上到更高處
G4321	大量花費
G4322	供應
G4323	附加
G4324	進一步恐嚇
G4325	額外花費
G4326	需要
G4327	接受
G4328	期待
G4329	期待
G4330	允許再走遠一些
G4331	接近
G4332	字意
G4333	賺更多
G4334	前來
G4335	禱告
G4336	禱告
G4337	擔心
G4338	釘牢
G4339	改信猶太教的
G4340	暫時的
G4341	召喚
G4342	貼近於
G4343	堅持不懈
G4344	枕頭
G4345	依附
G4346	傾向
G4347	字意
G4348	絆倒的行動
G4349	冒犯
G4350	撞擊
G4351	滾動
G4352	敬拜
G4353	崇拜者
G4354	對……講話
G4355	取用
G4356	接納
G4357	繼續持守
G4358	進入港口
G4359	還欠
G4360	生氣
G4361	饑餓
G4362	釘牢
G4363	落在
G4364	假裝
G4365	接近
G4366	打破擊碎
G4367	吩咐
G4368	資助人
G4369	增加
G4370	奔向
G4371	魚
G4372	新的
G4373	最近
G4374	帶到
G4375	可愛的
G4376	獻祭
G4377	呼喚
G4378	傾倒
G4379	接觸
G4380	偏袒
G4381	偏袒的人
G4382	偏袒
G4383	臉
G4384	固定
G4385	攤開
G4386	以前的
G4387	之前的
G4388	公開展示
G4389	催促
G4390	跑在前頭
G4391	之前就存在
G4392	正當的藉口
G4393	導致
G4394	預言的行為
G4395	說預言
G4396	先知
G4397	預言的
G4398	女先知
G4399	事先
G4400	指派
G4401	預先揀選
G4402	伯羅哥羅
G4403	船的尾部
G4404	清早
G4405	一大早
G4406	早的
G4407	清早
G4408	船首或船頭的
G4409	成為第一
G4410	首位
G4411	首席
G4412	首先
G4413	首先
G4414	領袖
G4415	長子的權利
G4416	頭胎出生的
G4417	絆倒失足
G4418	腳跟
G4419	翅膀
G4420	翅膀
G4421	有羽毛
G4422	使驚嚇
G4423	威嚇
G4424	多利買
G4425	簸去穀殼的鏟子
G4426	受驚嚇
G4427	唾沫
G4428	捲起
G4429	吐唾沫
G4430	屍體
G4431	墜落
G4432	赤貧
G4433	變得極其貧窮
G4434	貧窮的
G4435	拳頭
G4436	占卜的靈
G4437	頻繁的
G4438	拳擊
G4439	門
G4440	入口
G4441	詢問
G4442	火
G4443	火
G4444	塔
G4445	生病發燒
G4446	發燒
G4447	火一般的
G4448	燃燒
G4449	變的火紅
G4450	火紅
G4451	燃燒
G4452	連
G4453	出售
G4454	年幼的動物
G4455	向來
G4456	變硬
G4457	遲鈍
G4458	或許
G4459	如何？
G4460	喇合
G4461	師父
G4462	我的主
G4463	用棍子打
G4464	棍子
G4465	警察
G4466	拉吳
G4467	罪行
G4468	欺瞞
G4469	笨蛋
G4470	一塊布料
G4471	拉瑪
G4472	灑佈
G4473	噴灑
G4474	打
G4475	用棍或竿或鞭子擊打
G4476	針
G4477	喇合
G4478	拉結
G4479	利百加
G4480	四輪馬車
G4481	理番
G4482	流
G4483	傾吐
G4484	利基翁
G4485	傾毀
G4486	撕裂成片
G4487	話語
G4488	利撒
G4489	雄辯家
G4490	明確地
G4491	樹根
G4492	穩固扎根
G4493	快速的動作
G4494	吹來吹去
G4495	拋
G4496	投
G4497	羅波安
G4498	羅大
G4499	羅底
G4500	一陣吵雜聲
G4501	劍
G4502	流便
G4503	路得
G4504	魯孚
G4505	搖擺
G4506	拯救
G4507	庸俗
G4508	污穢
G4509	廢物
G4510	玷污
G4511	流
G4512	皺紋
G4513	拉丁文
G4514	羅馬的
G4515	拉丁文
G4516	羅馬
G4517	道別
G4518	祢已棄絕我
G4519	萬軍之耶和華
G4520	安息日的安息
G4521	七天
G4522	打撈網
G4523	撒督該人
G4524	撒督
G4525	狗搖尾巴
G4526	蔴袋
G4527	沙拉
G4528	撒拉鐵
G4529	撒拉米
G4530	撒冷
G4531	搖動
G4532	撒冷
G4533	撒門
G4534	撒摩尼
G4535	震盪或波動
G4536	號筒
G4537	吹響號角
G4538	號手
G4539	撒羅米
G4540	撒瑪利亞
G4541	撒瑪利亞人
G4542	撒馬利亞婦人
G4543	撒摩特喇
G4544	撒摩
G4545	撒母耳
G4546	參孫
G4547	涼鞋
G4548	建築用板
G4549	掃羅
G4550	腐敗發臭
G4551	撒非喇
G4552	藍寶石
G4553	用繩索做成的筐子
G4554	撒狄
G4555	有兩類
G4556	有兩類
G4557	纏絲瑪瑙
G4558	撒勒法
G4559	物質的
G4560	肉體的
G4561	肉體
G4562	西鹿
G4563	掃除
G4564	撒拉
G4565	沙崙
G4566	字意
G4567	字意
G4568	乾貨的一種度量單位
G4569	掃羅
G4570	止熄
G4571	你
G4572	你自己
G4573	敬拜
G4574	被膜拜的物品
G4575	值得崇敬的
G4576	敬拜
G4577	繩索
G4578	震動
G4579	搖動
G4580	西公都
G4581	西流基
G4582	月亮
G4583	瘋癲
G4584	西美
G4585	最好的麵粉
G4586	有威嚴的
G4587	尊貴
G4588	士求保羅
G4589	塞特
G4590	閃
G4591	報導
G4592	指標
G4593	寫下來
G4594	今天
G4595	腐爛
G4596	絲綢製品
G4597	蛀蟲
G4598	被蛀壞的
G4599	增強
G4600	臉頰
G4601	沉默
G4602	寂靜
G4603	鐵製的
G4604	鐵
G4605	西頓
G4606	西頓人
G4607	刺客
G4608	一種酒精飲料
G4609	西拉
G4610	西拉
G4611	西羅亞
G4612	圍裙
G4613	使徒彼得
G4614	西乃
G4615	芥菜
G4616	亞麻布衣
G4617	篩動
G4618	養肥的
G4619	養肥的
G4620	食物配額
G4621	麥子
G4622	錫安
G4623	保持緘默
G4624	使犯罪
G4625	陷阱
G4626	挖掘
G4627	盤子
G4628	腿
G4629	覆蓋物
G4630	一個祭司長
G4631	器具
G4632	東西
G4633	帳篷
G4634	住棚節
G4635	做帳棚的人
G4636	帳棚
G4637	居住
G4638	住處
G4639	影子
G4640	跳躍
G4641	心硬
G4642	粗硬
G4643	硬心
G4644	頑固的
G4645	使變硬
G4646	彎曲的
G4647	碎片
G4648	觀看
G4649	目標
G4650	分散
G4651	蝎子
G4652	黑暗的
G4653	黑暗
G4654	變黑暗
G4655	黑暗
G4656	使變暗
G4657	廢物
G4658	西古提人
G4659	憂傷
G4660	找麻煩
G4661	戰利品
G4662	蟲咬的
G4663	蟲
G4664	綠寶石的
G4665	綠寶石
G4666	沒藥
G4667	士每拿
G4668	關乎士每拿的
G4669	用沒藥
G4670	所多瑪
G4671	給你
G4672	所羅門
G4673	棺材
G4674	你的
G4675	你的
G4676	面巾
G4677	蘇撒拿
G4678	智慧
G4679	使有智慧
G4680	有技巧
G4681	士班雅
G4682	抖來抖去
G4683	用布包起來
G4684	豪華奢侈地生活
G4685	拉
G4686	古羅馬步兵隊
G4687	播種
G4688	間諜
G4689	奠酒
G4690	種子
G4691	字意
G4692	急促
G4693	山洞
G4694	礁石
G4695	玷污
G4696	污點
G4697	憐憫
G4698	內臟
G4699	海綿
G4700	灰燼
G4701	種子
G4702	實名詞
G4703	播種
G4704	急促
G4705	勤勉的
G4706	非常勤勉的
G4707	熱心
G4708	勤奮地
G4709	勤奮地
G4710	急忙
G4711	筐子
G4712	長度單位
G4713	瓶罐
G4714	存在
G4715	錢幣
G4716	柱子
G4717	釘十字架
G4718	葡萄
G4719	穀穗
G4720	士大古
G4721	屋頂
G4722	遮蓋
G4723	不孕的
G4724	遠離
G4725	花圈
G4726	呻吟
G4727	歎息
G4728	狹窄的
G4729	）囿限
G4730	狹窄
G4731	強壯
G4732	使堅強
G4733	穹蒼
G4734	司提反
G4735	花環
G4736	司提反
G4737	榮譽
G4738	胸膛
G4739	站立
G4740	指心志上的堅立穩固
G4741	立定
G4742	記號
G4743	片刻
G4744	閃耀
G4745	門廊
G4746	樹枝
G4747	基本元素
G4748	遵循
G4749	特指飄逸的長袍
G4750	口
G4751	胃
G4752	遠征
G4753	軍隊
G4754	服兵役
G4755	最高行政官員
G4756	軍隊
G4757	士兵
G4758	招募軍隊
G4759	軍營的指揮官
G4760	軍營
G4761	折磨
G4762	轉動
G4763	奢侈
G4764	奢華
G4765	麻雀
G4766	鋪展開
G4767	討厭的
G4768	驚駭
G4769	柱子
G4770	斯多葛學派的
G4771	你
G4772	親屬關係
G4773	與……有關係
G4774	讓步
G4775	同坐
G4776	同坐
G4777	與某人一同經歷苦難
G4778	同受苦難
G4779	召喚
G4780	掩蓋
G4781	使之彎曲
G4782	一起下到
G4783	協議
G4784	同意
G4785	一同被選出來
G4786	混在一起
G4787	激動
G4788	包圍捕捉
G4789	共同繼承
G4790	連結
G4791	參與人
G4792	帶進來
G4793	結合
G4794	彎下
G4795	意外
G4796	與人一起歡樂
G4797	字意
G4798	與……有來往
G4799	混亂
G4800	同住
G4801	結合
G4802	討論
G4803	討論
G4804	辨士
G4805	字意
G4806	與某人一起使活過來
G4807	桑樹
G4808	無花果樹
G4809	西克莫無花果樹
G4810	無花果樹的果實
G4811	騷擾
G4812	擄獲
G4813	奪取
G4814	交談
G4815	逮捕
G4816	搜集
G4817	理論
G4818	因……憂傷
G4819	同行
G4820	與人討論
G4821	一起統治
G4822	聯合
G4823	給予忠告
G4824	諮詢
G4825	顧問
G4826	西面
G4827	同為門徒
G4828	確認
G4829	共享
G4830	與……共享
G4831	模仿別人的人
G4832	形狀相似的
G4833	取相同的樣式
G4834	感同身受
G4835	同情
G4836	前來聚集
G4837	共同勉勵
G4838	連同攜帶
G4839	住在一起
G4840	一起出席
G4841	一同受苦
G4842	同時
G4843	擁抱
G4844	同飲
G4845	完全裝滿
G4846	抑制
G4847	同胞
G4848	同行
G4849	宴會
G4850	長老同工
G4851	放在一起
G4852	同意
G4853	鄉親
G4854	使與……有關聯
G4855	一起成長
G4856	符合
G4857	一致
G4858	樂聲
G4859	一致的
G4860	計算
G4861	和諧一致的
G4862	加間接受格
G4863	聚集
G4864	集會處
G4865	與……一起奮鬥
G4866	一起努力奮鬥
G4867	聚集
G4868	算帳
G4869	一起被關在牢中的
G4870	跟隨
G4871	同吃
G4872	同去
G4873	同吃
G4874	混合
G4875	一同歇息
G4876	遇見
G4877	會合
G4878	幫助人
G4879	領人誤入歧途
G4880	與……同死
G4881	一起毀滅
G4882	一同打發
G4883	建築物
G4884	捕捉
G4885	一齊成長
G4886	緊固物
G4887	用……把某人綁起來
G4888	一同讚許
G4889	同為奴隸的人
G4890	一起奔跑
G4891	一同復活
G4892	總會
G4893	對任何事的自覺
G4894	察覺
G4895	偕同
G4896	聚集一起
G4897	一起進入
G4898	旅行的同伴
G4899	同蒙揀選的
G4900	驅使
G4901	同時作見證
G4902	陪同
G4903	一起工作
G4904	幫助的
G4905	聚集
G4906	與……一起吃
G4907	智力
G4908	聰智的
G4909	同意
G4910	一同坐席
G4911	群起攻擊某人
G4912	經外意義
G4913	樂於
G4914	友誼
G4915	同時代的人
G4916	與……同葬
G4917	粉碎
G4918	相互擠壓
G4919	破成碎片
G4920	理解
G4921	聯合
G4922	與人同行
G4923	旅隊
G4924	一起居住
G4925	建造起來
G4926	與……談話
G4927	比鄰
G4928	監獄
G4929	命令
G4930	完成
G4931	完成
G4932	設限
G4933	保護
G4934	並放在一起
G4935	簡短地
G4936	一起跑
G4937	打破
G4938	毀滅
G4939	玩伴
G4940	相遇
G4941	循都基
G4942	一同掩飾
G4943	合作
G4944	同受苦難
G4945	設謀
G4946	敘拉古
G4947	敘利亞
G4948	敘利亞人
G4949	敘利腓尼基人
G4950	兩個海灣名字
G4951	拉
G4952	全身痙攣
G4953	記號
G4954	屬於同一個身體的
G4955	叛亂暴動的同夥人
G4956	推荐的
G4957	同釘十字架
G4958	限制
G4959	一起呻吟
G4960	呼應
G4961	同袍
G4962	聚集
G4963	秘密策劃
G4964	作為模範來塑造
G4965	敘加
G4966	示劍
G4967	屠殺
G4968	犧牲品
G4969	屠殺
G4970	猛烈的
G4971	極端地
G4972	封印
G4973	印戒
G4974	踝
G4975	非常接近
G4976	形式
G4977	分開
G4978	撕破
G4979	細繩
G4980	花時間於
G4981	演講廳
G4982	救助
G4983	屍體
G4984	有形的
G4985	身體地
G4986	所巴特
G4987	堆在一起
G4988	所提尼
G4989	所西巴德
G4990	救主
G4991	拯救
G4992	挽救的
G4993	頭腦清楚健全
G4994	勉勵
G4995	自制
G4996	慎重地
G4997	理智
G4998	慎思明辨的
G4999	三酒館
G5000	大比大
G5001	部隊
G5002	固定的
G5003	經受哀傷
G5004	辛苦
G5005	悲慘的
G5006	他連得重
G5007	天平
G5008	大利大
G5009	儲藏室
G5010	次序
G5011	低下的
G5012	謙遜
G5013	降低
G5014	家道中衰
G5015	搖晃
G5016	攪動
G5017	心情騷動
G5018	大數
G5019	大數
G5020	比陰府還要低的地方
G5021	安排就緒
G5022	公牛或被閹的公牛
G5023	這些
G5024	即使這樣
G5025	那些
G5026	這
G5027	埋葬處
G5028	墳墓
G5029	或者
G5030	短暫
G5031	立刻
G5032	更敏捷的
G5033	非常的快
G5034	快速
G5035	快速地
G5036	快速的
G5037	因此
G5038	牆
G5039	證明
G5040	小孩子
G5041	生育子女
G5042	生產
G5043	子女
G5044	養育兒女
G5045	建築工
G5046	完全的
G5047	完熟
G5048	完成
G5049	完全地
G5050	完全
G5051	完全者
G5052	完熟結果實
G5053	結束
G5054	終結
G5055	結束
G5056	結束
G5057	稅吏
G5058	稅關
G5059	奇蹟
G5060	德丟
G5061	帖士羅
G5062	四十
G5063	四十年
G5064	四
G5065	第十四的
G5066	在第四天
G5067	第四
G5068	四方形的
G5069	四個軍人一組
G5070	四千
G5071	四百
G5072	四個月的
G5073	四倍的
G5074	四隻腳的動物
G5075	做分封王
G5076	分封王
G5077	焚燒成灰燼
G5078	技術
G5079	工匠
G5080	成為液體
G5081	明顯地
G5082	如此巨大
G5083	看守
G5084	看管
G5085	提比哩亞
G5086	提比留
G5087	置
G5088	分娩
G5089	摘
G5090	底買
G5091	評估
G5092	價格
G5093	高價的
G5094	豐足
G5095	提摩太
G5096	提門
G5097	施以懲處
G5098	懲罰
G5099	接受懲處
G5100	某些
G5101	誰
G5102	刻印文字
G5103	提多
G5104	的確
G5105	為此理由
G5106	因此
G5107	如此
G5108	如同這個
G5109	牆
G5110	利息
G5111	敢於
G5112	勇敢的
G5113	大膽之人
G5114	更銳利的
G5115	弓
G5116	黃玉
G5117	地方
G5118	指數量
G5119	在那時候
G5120	他的
G5121	相反地
G5122	名叫
G5123	那就是
G5124	那個
G5125	這些
G5126	這
G5127	這個
G5128	這些
G5129	對這一個
G5130	這些的……
G5131	公山羊
G5132	桌子
G5133	兌幣者
G5134	傷口
G5135	傷害
G5136	敞開
G5137	脖頸
G5138	粗糙
G5139	特拉可尼
G5140	三
G5141	顫抖
G5142	滋養
G5143	奔跑
G5144	形容詞
G5145	三百
G5146	薊屬植物
G5147	道路
G5148	三年之久
G5149	咬牙切齒
G5150	三個月
G5151	三次
G5152	三樓
G5153	三千
G5154	第三
G5155	毛製的
G5156	顫慄
G5157	轉動
G5158	方式
G5159	情緒
G5160	食物
G5161	特羅非摩
G5162	乳母
G5163	轍跡
G5164	輪子
G5165	碗
G5166	收集
G5167	斑鳩
G5168	洞
G5169	洞
G5170	土非拿
G5171	為享樂而活
G5172	糜爛
G5173	土富撒
G5174	特羅亞
G5175	特羅基利翁
G5176	嚼食
G5177	得到
G5178	刑具
G5179	擊打
G5180	擊打
G5181	推喇奴
G5182	煩躁不安
G5183	推羅人
G5184	推羅
G5185	瞎眼
G5186	失明
G5187	冒煙
G5188	冒煙
G5189	旋風般的
G5190	推基古
G5191	紫藍色的
G5192	橘紅色寶石或藍寶石
G5193	玻璃的
G5194	水晶
G5195	侮慢
G5196	傲慢無禮
G5197	傲慢
G5198	健康的
G5199	身體健康
G5200	潮濕的
G5201	水罐
G5202	喝水
G5203	水腫的
G5204	水
G5205	雨
G5206	領養
G5207	兒子
G5208	木頭
G5209	你們
G5210	你們
G5211	許米乃
G5212	屬於你們的
G5213	你們
G5214	及物動詞
G5215	讚美詩歌
G5216	你們的
G5217	離開
G5218	遵守
G5219	聽從
G5220	已婚的
G5221	見面
G5222	來會見
G5223	產業
G5224	財業
G5225	存在
G5226	臣服
G5227	相對的
G5228	為了……
G5229	不當地高舉自己
G5230	過了適婚年齡
G5231	……之上
G5232	大量成長
G5233	字意
G5234	意料之外的更多
G5235	超越
G5236	過度
G5237	錯過
G5238	在更遠處
G5239	超過原定的界線
G5240	滿溢
G5241	說情
G5242	字意的
G5243	驕傲
G5244	驕傲
G5245	徹底制勝
G5246	腫脹
G5247	優秀
G5248	過量
G5249	超過一切測度
G5250	滿溢
G5251	升起
G5252	傲慢
G5253	屋子的最上層
G5254	受罰
G5255	順服的
G5256	船員
G5257	助手
G5258	睡覺
G5259	帶所有格
G5260	私下唆使
G5261	字意
G5262	範例
G5263	指導
G5264	歡迎
G5265	綁上
G5266	綁帶子的拖鞋
G5267	有承責的
G5268	字意
G5269	從底層加固
G5270	在……之下
G5271	答覆
G5272	回答
G5273	演員
G5274	帶上
G5275	留下剩餘的
G5276	放在榨酒器下面的容器
G5277	離開
G5278	留下
G5279	提醒
G5280	提醒
G5281	堅定
G5282	懷疑
G5283	懷疑
G5284	在背風面航行
G5285	在底下吹
G5286	腳凳
G5287	實質
G5288	退回
G5289	猶豫
G5290	轉回
G5291	展開
G5292	服從
G5293	使之順服
G5294	放下
G5295	在背風處跑或航行
G5296	模式
G5297	承受
G5298	離開
G5299	眼圈打黑
G5300	母豬
G5301	牛膝草
G5302	錯過
G5303	缺乏
G5304	需要
G5305	再下來的
G5306	之後的
G5307	編織的
G5308	高聳的
G5309	自高自大
G5310	最高的
G5311	高
G5312	舉起
G5313	上面的世界
G5314	貪婪的人
G5315	吃
G5316	照亮
G5317	法勒
G5318	明顯的
G5319	顯出來
G5320	開放地
G5321	顯示
G5322	火把
G5323	法內利
G5324	出現
G5325	炫目
G5326	幽靈
G5327	山谷
G5328	法老
G5329	法勒斯
G5330	一個猶太教派
G5331	法術
G5332	法師
G5333	魔法師
G5334	報告
G5335	說
G5336	馬廄
G5337	卑劣的
G5338	光
G5339	免除
G5340	些微地
G5341	斗篷
G5342	攜帶
G5343	逃走
G5344	腓力斯
G5345	消息
G5346	說
G5347	[波求]非斯都
G5348	先到達
G5349	會朽壞的
G5350	發言
G5351	破壞
G5352	晚秋的
G5353	樂器的音調
G5354	忌妒
G5355	嫉妒
G5356	腐壞
G5357	碗
G5358	喜好良善的
G5359	非拉鐵非
G5360	手足之情
G5361	有兄弟之情
G5362	愛丈夫
G5363	仁慈
G5364	善意地
G5365	貪財
G5366	貪財的
G5367	專愛自己
G5368	喜愛
G5369	喜愛享樂
G5370	親吻
G5371	腓利門
G5372	腓理徒
G5373	友誼
G5374	腓利比的居民
G5375	腓立比
G5376	腓力
G5377	愛上帝
G5378	非羅羅古
G5379	爭論
G5380	好勝的
G5381	好客
G5382	好客的
G5383	想要站在首位
G5384	形容詞
G5385	哲學
G5386	哲學家
G5387	摯愛的
G5388	愛自己的兒女
G5389	有企圖心
G5390	親切的
G5391	友善
G5392	使沉默
G5393	弗勒干
G5394	點火
G5395	火焰
G5396	胡言亂語
G5397	愛說閒話的
G5398	恐怖的
G5399	驚恐
G5400	可怕的景象或事件
G5401	威嚇
G5402	非比
G5403	腓尼基
G5404	棕櫚樹
G5405	非尼基
G5406	殺人兇手
G5407	謀殺
G5408	謀殺
G5409	長期背負著
G5410	市
G5411	貢物
G5412	使載重
G5413	重擔
G5414	貨物
G5415	福徒拿都
G5416	鞭子
G5417	鞭打
G5418	樹籬
G5419	解釋
G5420	關閉
G5421	井
G5422	欺瞞
G5423	欺騙者
G5424	思考
G5425	顫抖
G5426	認為
G5427	思考方式
G5428	思考方式
G5429	聰明
G5430	精明地
G5431	思考
G5432	看守
G5433	噴鼻息
G5434	乾柴枝
G5435	弗呂家
G5436	腓吉路
G5437	逃走
G5438	看守
G5439	拘留
G5440	禱告帶
G5441	守衛
G5442	守衛
G5443	部族
G5444	葉子
G5445	麵團
G5446	自然的
G5447	自然的
G5448	吹噓
G5449	自然界
G5450	高傲
G5451	植物
G5452	種植
G5453	冒出來
G5454	獸穴
G5455	出聲
G5456	聲音
G5457	光
G5458	星星
G5459	放光
G5460	明亮
G5461	照耀
G5462	光明
G5463	喜樂
G5464	冰雹
G5465	往下放
G5466	迦勒底人
G5467	艱困的
G5468	勒馬
G5469	馬勒
G5470	黃銅色的
G5471	鐵匠
G5472	玉髓
G5473	壺
G5474	精銅
G5475	黃銅
G5476	在地上
G5477	迦南
G5478	迦南人
G5479	喜樂
G5480	印章
G5481	銘刻
G5482	木樁
G5483	惠施
G5484	為了
G5485	魅力
G5486	恩賜
G5487	施惠予
G5488	哈蘭
G5489	紙張
G5490	字意
G5491	嘴唇
G5492	在暴風雨中顛簸
G5493	乾河谷
G5494	暴風雨
G5495	手
G5496	以手牽引
G5497	領導者
G5498	記錄
G5499	用手做出來的
G5500	挑選
G5501	更糟
G5502	基路伯
G5503	寡婦
G5504	昨天
G5505	一千個
G5506	千夫長
G5507	一千
G5508	基阿
G5509	ֲָ搬回或搬離
G5510	雪
G5511	軍裝的外袍
G5512	嘲笑
G5513	溫熱的
G5514	革來氏
G5515	綠色的
G5516	六百六十六
G5517	泥土的
G5518	一升
G5519	豬
G5520	生氣
G5521	膽汁
G5522	土壤
G5523	哥拉汛
G5524	供給
G5525	舞蹈
G5526	餵養
G5527	食物
G5528	青草
G5529	苦撒
G5530	使用
G5531	借出
G5532	需求
G5533	債主
G5534	有必要
G5535	有……需要
G5536	財富
G5537	顯明神的指示或警告
G5538	神的回答
G5539	合用的
G5540	用處
G5541	有恩慈
G5542	動聽
G5543	容易的
G5544	正直
G5545	塗抹
G5546	基督徒
G5547	受膏者
G5548	以油膏膏之
G5549	繼續留下
G5550	時間
G5551	消耗時間
G5552	金的
G5553	金子
G5554	有金戒指的
G5555	貴橄欖石
G5556	綠玉髓
G5557	金子
G5558	用金子裝飾
G5559	皮膚
G5560	跛的
G5561	陸地
G5562	離開
G5563	分開
G5564	地方
G5565	分離
G5566	西北
G5567	意
G5568	讚美詩
G5569	假弟兄
G5570	假使徒
G5571	說謊的
G5572	假教師
G5573	說謊的
G5574	說謊
G5575	假見證人
G5576	作假見
G5577	假見證
G5578	假先知
G5579	謊言
G5580	假彌賽亞
G5581	錯誤稱呼的
G5582	虛假
G5583	說謊者
G5584	觸摸
G5585	算出
G5586	小圓石
G5587	私下嚼舌
G5588	造謠者
G5589	少量
G5590	生命氣息
G5591	天然的
G5592	冷
G5593	冰冷的
G5594	熄滅
G5595	餵食
G5596	零碎
G5597	搓成小片
G5598	最後
G5599	感嘆詞
G5600	是
G5601	俄備得
G5602	這裡
G5603	歌曲
G5604	生產之痛苦
G5605	經受生產之痛
G5606	肩頭
G5607	是
G5608	購買
G5609	蛋
G5610	一段沒有特定的時間
G5611	時機恰當的
G5612	吼叫
G5613	比較分詞：正如
G5614	和散那
G5615	照樣地
G5616	就好像是
G5617	何西阿
G5618	正如
G5619	如同
G5620	以致
G5621	耳朵
G5622	用處
G5623	協助
G5624	有益處的
