1	<pb/>
9	<pb/>
91	<pb/>
173	<pb/>
247	<pb/>
276	<pb/>
284	<pb/>
302	<pb/>
318	<pb/>
368	<pb/>
404	<pb/>
437	<pb/>
477	<pb/>
504	<pb/>
542	<pb/>
578	<pb/>
603	<pb/>
611	<pb/>
641	<pb/>
657	<pb/>
697	<pb/>
735	<pb/>
772	<pb/>
801	<pb/>
837	<pb/>
852	<pb/>
867	<pb/>
894	<pb/>
918	<pb/>
942	<pb/>
969	<pb/>
996	<pb/>
1020	<pb/>
1026	<pb/>
1051	<pb/>
1061	<pb/>
1073	<pb/>
1096	<pb/>
1104	<pb/>
1130	<pb/>
1147	<pb/>
1164	<pb/>
1181	<pb/>
1184	<pb/>
1193	<pb/>
1208	<pb/>
1225	<pb/>
1239	<pb/>
1248	<pb/>
1266	<pb/>
1286	<pb/>
1314	<pb/>
1335	<pb/>
1347	<pb/>
1379	<pb/>
1386	<pb/>
1397	<pb/>
1409	<pb/>
1418	<pb/>
1475	<pb/>
1490	<pb/>
1514	<pb/>
1517	<pb/>
1528	<pb/>
1536	<pb/>
1564	<pb/>
1567	<pb/>
1579	<pb/>
1606	<pb/>
1615	<pb/>
1635	<pb/>
1653	<pb/>
1661	<pb/>
1669	<pb/>
1677	<pb/>
1689	<pb/>
1695	<pb/>
1703	<pb/>
1713	<pb/>
1719	<pb/>
1729	<pb/>
1737	<pb/>
1749	<pb/>
1765	<pb/>
1776	<pb/>
1784	<pb/>
1790	<pb/>
1798	<pb/>
1810	<pb/>
1816	<pb/>
1823	<pb/>
1843	<pb/>
1866	<pb/>
1876	<pb/>
1881	<pb/>
1908	<pb/>
1930	<pb/>
1944	<pb/>
1967	<pb/>
1982	<pb/>
2021	<pb/>
2062	<pb/>
2092	<pb/>
2105	<pb/>
2110	<pb/>
2130	<pb/>
2145	<pb/>
2163	<pb/>
2177	<pb/>
2195	<pb/>
2206	<pb/>
2229	<pb/>
2244	<pb/>
2251	<pb/>
2294	<pb/>
2303	<pb/>
2311	<pb/>
2321	<pb/>
2329	<pb/>
2342	<pb/>
2357	<pb/>
2367	<pb/>
2379	<pb/>
2391	<pb/>
2429	<pb/>
2438	<pb/>
2445	<pb/>
2455	<pb/>
2462	<pb/>
2474	<pb/>
2488	<pb/>
2503	<pb/>
2527	<pb/>
2534	<pb/>
2556	<pb/>
2567	<pb/>
2592	<pb/>
2599	<pb/>
2621	<pb/>
2632	<pb/>
2647	<pb/>
2664	<pb/>
2668	<pb/>
2692	<pb/>
2700	<pb/>
2713	<pb/>
2725	<pb/>
2741	<pb/>
2755	<pb/>
2774	<pb/>
2781	<pb/>
2807	<pb/>
2818	<pb/>
2836	<pb/>
2855	<pb/>
2867	<pb/>
2874	<pb/>
2887	<pb/>
2900	<pb/>
2912	<pb/>
2933	<pb/>
2939	<pb/>
2956	<pb/>
2968	<pb/>
2991	<pb/>
2996	<pb/>
3009	<pb/>
3014	<pb/>
3021	<pb/>
3025	<pb/>
3040	<pb/>
3062	<pb/>
3074	<pb/>
3080	<pb/>
3091	<pb/>
3105	<pb/>
3116	<pb/>
3122	<pb/>
3127	<pb/>
3140	<pb/>
3161	<pb/>
3183	<pb/>
3204	<pb/>
3229	<pb/>
3253	<pb/>
3277	<pb/>
3303	<pb/>
3318	<pb/>
3326	<pb/>
3370	<pb/>
3386	<pb/>
3392	<pb/>
3401	<pb/>
3415	<pb/>
3428	<pb/>
3439	<pb/>
3447	<pb/>
3472	<pb/>
3499	<pb/>
3514	<pb/>
3536	<pb/>
3561	<pb/>
3584	<pb/>
3609	<pb/>
3625	<pb/>
3638	<pb/>
3648	<pb/>
3661	<pb/>
3670	<pb/>
3676	<pb/>
3700	<pb/>
3723	<pb/>
3730	<pb/>
3754	<pb/>
3784	<pb/>
3804	<pb/>
3827	<pb/>
3838	<pb/>
3847	<pb/>
3858	<pb/>
3866	<pb/>
3881	<pb/>
3891	<pb/>
3896	<pb/>
3903	<pb/>
3914	<pb/>
3932	<pb/>
3945	<pb/>
3957	<pb/>
3983	<pb/>
3999	<pb/>
4014	<pb/>
4024	<pb/>
4039	<pb/>
4042	<pb/>
4050	<pb/>
4057	<pb/>
4069	<pb/>
4086	<pb/>
4116	<pb/>
4133	<pb/>
4142	<pb/>
4158	<pb/>
4162	<pb/>
4169	<pb/>
4186	<pb/>
4201	<pb/>
4221	<pb/>
4232	<pb/>
4240	<pb/>
4256	<pb/>
4266	<pb/>
4310	<pb/>
4325	<pb/>
4332	<pb/>
4347	<pb/>
4365	<pb/>
4369	<pb/>
4390	<pb/>
4409	<pb/>
4423	<pb/>
4433	<pb/>
4440	<pb/>
4461	<pb/>
4480	<pb/>
4492	<pb/>
4501	<pb/>
4513	<pb/>
4520	<pb/>
4535	<pb/>
4545	<pb/>
4572	<pb/>
4582	<pb/>
4596	<pb/>
4607	<pb/>
4622	<pb/>
4630	<pb/>
4656	<pb/>
4659	<pb/>
4673	<pb/>
4683	<pb/>
4699	<pb/>
4718	<pb/>
4722	<pb/>
4734	<pb/>
4739	<pb/>
4748	<pb/>
4758	<pb/>
4767	<pb/>
4774	<pb/>
4785	<pb/>
4797	<pb/>
4825	<pb/>
4842	<pb/>
4855	<pb/>
4868	<pb/>
4889	<pb/>
4897	<pb/>
4941	<pb/>
4961	<pb/>
4971	<pb/>
4981	<pb/>
4989	<pb/>
4993	<pb/>
5015	<pb/>
5022	<pb/>
5036	<pb/>
5041	<pb/>
5048	<pb/>
5072	<pb/>
5097	<pb/>
5113	<pb/>
5122	<pb/>
5133	<pb/>
5138	<pb/>
5150	<pb/>
5165	<pb/>
5175	<pb/>
5184	<pb/>
5200	<pb/>
5217	<pb/>
5226	<pb/>
5233	<pb/>
5245	<pb/>
5263	<pb/>
5275	<pb/>
5291	<pb/>
5301	<pb/>
5305	<pb/>
5317	<pb/>
5327	<pb/>
5337	<pb/>
5351	<pb/>
5363	<pb/>
5368	<pb/>
5381	<pb/>
5391	<pb/>
5394	<pb/>
5398	<pb/>
5418	<pb/>
5436	<pb/>
5445	<pb/>
5451	<pb/>
5478	<pb/>
5489	<pb/>
5501	<pb/>
5516	<pb/>
5533	<pb/>
5546	<pb/>
5565	<pb/>
5588	<pb/>
5609	<pb/>
5634	<pb/>
5647	<pb/>
5663	<pb/>
5672	<pb/>
5693	<pb/>
5701	<pb/>
5712	<pb/>
5717	<pb/>
5744	<pb/>
5767	<pb/>
5785	<pb/>
5795	<pb/>
5805	<pb/>
5809	<pb/>
5815	<pb/>
5836	<pb/>
5847	<pb/>
5866	<pb/>
5874	<pb/>
5889	<pb/>
5915	<pb/>
5928	<pb/>
5935	<pb/>
5938	<pb/>
5954	<pb/>
5967	<pb/>
5995	<pb/>
6004	<pb/>
6036	<pb/>
6047	<pb/>
6070	<pb/>
6081	<pb/>
6093	<pb/>
6104	<pb/>
6121	<pb/>
6164	<pb/>
6184	<pb/>
6193	<pb/>
6208	<pb/>
6217	<pb/>
6225	<pb/>
6231	<pb/>
6243	<pb/>
6269	<pb/>
6274	<pb/>
6280	<pb/>
6288	<pb/>
6296	<pb/>
6307	<pb/>
6313	<pb/>
6329	<pb/>
6353	<pb/>
6364	<pb/>
6377	<pb/>
6393	<pb/>
6399	<pb/>
6406	<pb/>
6415	<pb/>
6428	<pb/>
6446	<pb/>
6469	<pb/>
6479	<pb/>
6485	<pb/>
6499	<pb/>
6505	<pb/>
6522	<pb/>
6543	<pb/>
6549	<pb/>
6564	<pb/>
6582	<pb/>
6594	<pb/>
6615	<pb/>
6635	<pb/>
6642	<pb/>
6650	<pb/>
6659	<pb/>
6678	<pb/>
6696	<pb/>
6708	<pb/>
6723	<pb/>
6746	<pb/>
6776	<pb/>
6800	<pb/>
6829	<pb/>
6847	<pb/>
6856	<pb/>
6863	<pb/>
6888	<pb/>
6896	<pb/>
6914	<pb/>
6949	<pb/>
6967	<pb/>
6987	<pb/>
7000	<pb/>
7020	<pb/>
7033	<pb/>
7114	<pb/>
7118	<pb/>
7130	<pb/>
7149	<pb/>
7166	<pb/>
7182	<pb/>
7203	<pb/>
7237	<pb/>
7250	<pb/>
7273	<pb/>
7280	<pb/>
7300	<pb/>
7307	<pb/>
7325	<pb/>
7344	<pb/>
7373	<pb/>
7402	<pb/>
7420	<pb/>
7439	<pb/>
7452	<pb/>
7469	<pb/>
7473	<pb/>
7481	<pb/>
7491	<pb/>
7504	<pb/>
7510	<pb/>
7539	<pb/>
7560	<pb/>
7589	<pb/>
7593	<pb/>
7612	<pb/>
7645	<pb/>
7653	<pb/>
7668	<pb/>
7682	<pb/>
7688	<pb/>
7698	<pb/>
7715	<pb/>
7726	<pb/>
7741	<pb/>
7771	<pb/>
7780	<pb/>
7793	<pb/>
7797	<pb/>
7828	<pb/>
7840	<pb/>
7853	<pb/>
7889	<pb/>
7896	<pb/>
7915	<pb/>
7924	<pb/>
7927	<pb/>
7930	<pb/>
7956	<pb/>
7967	<pb/>
7992	<pb/>
7999	<pb/>
8016	<pb/>
8025	<pb/>
8030	<pb/>
8034	<pb/>
8053	<pb/>
8063	<pb/>
8097	<pb/>
8117	<pb/>
8127	<pb/>
8139	<pb/>
8165	<pb/>
8183	<pb/>
8203	<pb/>
8219	<pb/>
8235	<pb/>
8248	<pb/>
8258	<pb/>
8272	<pb/>
8300	<pb/>
8313	<pb/>
8327	<pb/>
8334	<pb/>
8367	<pb/>
8381	<pb/>
8392	<pb/>
8411	<pb/>
8422	<pb/>
8428	<pb/>
8447	<pb/>
8459	<pb/>
8478	<pb/>
8490	<pb/>
8508	<pb/>
8512	<pb/>
8527	<pb/>
8541	<pb/>
8557	<pb/>
8566	<pb/>
8578	<pb/>
8586	<pb/>
8618	<pb/>
8622	<pb/>
8642	<pb/>
8651	<pb/>
8669	<pb/>
8687	<pb/>
8710	<pb/>
8720	<pb/>
8742	<pb/>
8750	<pb/>
8778	<pb/>
8792	<pb/>
8807	<pb/>
8809	<pb/>
8813	<pb/>
8822	<pb/>
8833	<pb/>
8841	<pb/>
8858	<pb/>
8872	<pb/>
8885	<pb/>
8900	<pb/>
8912	<pb/>
8933	<pb/>
8939	<pb/>
8953	<pb/>
8968	<pb/>
8977	<pb/>
8993	<pb/>
9014	<pb/>
9030	<pb/>
9039	<pb/>
9057	<pb/>
9097	<pb/>
9102	<pb/>
9136	<pb/>
9151	<pb/>
9159	<pb/>
9166	<pb/>
9193	<pb/>
9207	<pb/>
9217	<pb/>
9231	<pb/>
9246	<pb/>
9259	<pb/>
9268	<pb/>
9282	<pb/>
9298	<pb/>
9302	<pb/>
9312	<pb/>
9327	<pb/>
9337	<pb/>
9351	<pb/>
9374	<pb/>
9392	<pb/>
9411	<pb/>
9435	<pb/>
9453	<pb/>
9461	<pb/>
9476	<pb/>
9501	<pb/>
9524	<pb/>
9556	<pb/>
9568	<pb/>
9600	<pb/>
9617	<pb/>
9640	<pb/>
9663	<pb/>
9684	<pb/>
9706	<pb/>
9731	<pb/>
9757	<pb/>
9781	<pb/>
9802	<pb/>
9812	<pb/>
9839	<pb/>
9866	<pb/>
9877	<pb/>
9889	<pb/>
9901	<pb/>
9925	<pb/>
9941	<pb/>
9978	<pb/>
9989	<pb/>
10022	<pb/>
10033	<pb/>
10056	<pb/>
10067	<pb/>
10075	<pb/>
10091	<pb/>
10122	<pb/>
10149	<pb/>
10152	<pb/>
10173	<pb/>
10175	<pb/>
10207	<pb/>
10222	<pb/>
10253	<pb/>
10272	<pb/>
10301	<pb/>
10318	<pb/>
10331	<pb/>
10360	<pb/>
10366	<pb/>
10380	<pb/>
10397	<pb/>
10420	<pb/>
10433	<pb/>
10451	<pb/>
10458	<pb/>
10478	<pb/>
10481	<pb/>
10505	<pb/>
10526	<pb/>
10543	<pb/>
10559	<pb/>
10566	<pb/>
10587	<pb/>
10594	<pb/>
10608	<pb/>
10632	<pb/>
10660	<pb/>
10676	<pb/>
10695	<pb/>
10708	<pb/>
10725	<pb/>
10735	<pb/>
10757	<pb/>
10771	<pb/>
10785	<pb/>
10809	<pb/>
10823	<pb/>
10838	<pb/>
10856	<pb/>
10875	<pb/>
10887	<pb/>
10902	<pb/>
10922	<pb/>
10945	<pb/>
10954	<pb/>
10972	<pb/>
10988	<pb/>
11011	<pb/>
11018	<pb/>
11026	<pb/>
11038	<pb/>
11058	<pb/>
11080	<pb/>
11097	<pb/>
11110	<pb/>
11138	<pb/>
11142	<pb/>
11153	<pb/>
11158	<pb/>
11180	<pb/>
11187	<pb/>
11201	<pb/>
11225	<pb/>
11228	<pb/>
11254	<pb/>
11264	<pb/>
11289	<pb/>
11302	<pb/>
11321	<pb/>
11339	<pb/>
11350	<pb/>
11366	<pb/>
11383	<pb/>
11421	<pb/>
11450	<pb/>
11458	<pb/>
11477	<pb/>
11492	<pb/>
11504	<pb/>
11520	<pb/>
11523	<pb/>
11532	<pb/>
11550	<pb/>
11556	<pb/>
11564	<pb/>
11590	<pb/>
11600	<pb/>
11608	<pb/>
11615	<pb/>
11642	<pb/>
11656	<pb/>
11661	<pb/>
11670	<pb/>
11679	<pb/>
11689	<pb/>
11698	<pb/>
11751	<pb/>
11769	<pb/>
11775	<pb/>
11798	<pb/>
11815	<pb/>
11818	<pb/>
11845	<pb/>
11854	<pb/>
11873	<pb/>
11918	<pb/>
11927	<pb/>
11946	<pb/>
11953	<pb/>
11963	<pb/>
11975	<pb/>
11983	<pb/>
11997	<pb/>
12037	<pb/>
12050	<pb/>
12054	<pb/>
12085	<pb/>
12112	<pb/>
12135	<pb/>
12160	<pb/>
12173	<pb/>
12187	<pb/>
12232	<pb/>
12244	<pb/>
12277	<pb/>
12293	<pb/>
12305	<pb/>
12312	<pb/>
12342	<pb/>
12347	<pb/>
12358	<pb/>
12392	<pb/>
12402	<pb/>
12431	<pb/>
12454	<pb/>
12465	<pb/>
12498	<pb/>
12505	<pb/>
12518	<pb/>
12522	<pb/>
12526	<pb/>
12537	<pb/>
12547	<pb/>
12553	<pb/>
12559	<pb/>
12562	<pb/>
12571	<pb/>
12574	<pb/>
12623	<pb/>
12626	<pb/>
12650	<pb/>
12668	<pb/>
12684	<pb/>
12695	<pb/>
12708	<pb/>
12729	<pb/>
12738	<pb/>
12750	<pb/>
12771	<pb/>
12800	<pb/>
12819	<pb/>
12834	<pb/>
12849	<pb/>
12861	<pb/>
12884	<pb/>
12899	<pb/>
12926	<pb/>
12942	<pb/>
12952	<pb/>
12970	<pb/>
12986	<pb/>
13001	<pb/>
13017	<pb/>
13022	<pb/>
13036	<pb/>
13047	<pb/>
13050	<pb/>
13068	<pb/>
13077	<pb/>
13084	<pb/>
13095	<pb/>
13142	<pb/>
13154	<pb/>
13160	<pb/>
13165	<pb/>
13175	<pb/>
13178	<pb/>
13192	<pb/>
13199	<pb/>
13236	<pb/>
13242	<pb/>
13258	<pb/>
13268	<pb/>
13274	<pb/>
13287	<pb/>
13303	<pb/>
13319	<pb/>
13347	<pb/>
13354	<pb/>
13363	<pb/>
13375	<pb/>
13390	<pb/>
13416	<pb/>
13423	<pb/>
13433	<pb/>
13445	<pb/>
13463	<pb/>
13467	<pb/>
13497	<pb/>
13507	<pb/>
13523	<pb/>
13544	<pb/>
13560	<pb/>
13565	<pb/>
13585	<pb/>
13596	<pb/>
13630	<pb/>
13646	<pb/>
13662	<pb/>
13672	<pb/>
13679	<pb/>
13689	<pb/>
13714	<pb/>
13739	<pb/>
13763	<pb/>
13779	<pb/>
13799	<pb/>
13812	<pb/>
13827	<pb/>
13841	<pb/>
13859	<pb/>
13889	<pb/>
13895	<pb/>
13905	<pb/>
13927	<pb/>
13945	<pb/>
13968	<pb/>
13984	<pb/>
14022	<pb/>
14032	<pb/>
14040	<pb/>
14050	<pb/>
14112	<pb/>
14122	<pb/>
14153	<pb/>
14160	<pb/>
14178	<pb/>
14197	<pb/>
14219	<pb/>
14250	<pb/>
14261	<pb/>
14276	<pb/>
14283	<pb/>
14286	<pb/>
14294	<pb/>
14310	<pb/>
14315	<pb/>
14334	<pb/>
14344	<pb/>
14351	<pb/>
14362	<pb/>
14369	<pb/>
14390	<pb/>
14443	<pb/>
14456	<pb/>
14467	<pb/>
14485	<pb/>
14497	<pb/>
14505	<pb/>
14518	<pb/>
14536	<pb/>
14539	<pb/>
14584	<pb/>
14616	<pb/>
14653	<pb/>
14677	<pb/>
14684	<pb/>
14700	<pb/>
14713	<pb/>
14728	<pb/>
14741	<pb/>
14763	<pb/>
14777	<pb/>
14820	<pb/>
14831	<pb/>
14841	<pb/>
14852	<pb/>
14875	<pb/>
14891	<pb/>
14914	<pb/>
14926	<pb/>
14937	<pb/>
14993	<pb/>
15002	<pb/>
15020	<pb/>
15029	<pb/>
15041	<pb/>
15053	<pb/>
15061	<pb/>
15073	<pb/>
15084	<pb/>
15101	<pb/>
15121	<pb/>
15141	<pb/>
15153	<pb/>
15163	<pb/>
15173	<pb/>
15206	<pb/>
15220	<pb/>
15227	<pb/>
15242	<pb/>
15257	<pb/>
15279	<pb/>
15304	<pb/>
15322	<pb/>
15347	<pb/>
15386	<pb/>
15426	<pb/>
15439	<pb/>
15456	<pb/>
15466	<pb/>
15475	<pb/>
15498	<pb/>
15532	<pb/>
15554	<pb/>
15584	<pb/>
15624	<pb/>
15645	<pb/>
15669	<pb/>
15700	<pb/>
15725	<pb/>
15743	<pb/>
15755	<pb/>
15786	<pb/>
15812	<pb/>
15825	<pb/>
15850	<pb/>
15861	<pb/>
15869	<pb/>
15886	<pb/>
15898	<pb/>
15913	<pb/>
15934	<pb/>
15955	<pb/>
15961	<pb/>
15969	<pb/>
15987	<pb/>
16017	<pb/>
16030	<pb/>
16038	<pb/>
16051	<pb/>
16063	<pb/>
16079	<pb/>
16101	<pb/>
16110	<pb/>
16121	<pb/>
16125	<pb/>
16147	<pb/>
16174	<pb/>
16204	<pb/>
16212	<pb/>
16247	<pb/>
16261	<pb/>
16279	<pb/>
16293	<pb/>
16299	<pb/>
16320	<pb/>
16333	<pb/>
16349	<pb/>
16378	<pb/>
16399	<pb/>
16407	<pb/>
16415	<pb/>
16436	<pb/>
16448	<pb/>
16461	<pb/>
16494	<pb/>
16520	<pb/>
16535	<pb/>
16546	<pb/>
16555	<pb/>
16566	<pb/>
16589	<pb/>
16610	<pb/>
16627	<pb/>
16636	<pb/>
16676	<pb/>
16683	<pb/>
16700	<pb/>
16722	<pb/>
16743	<pb/>
16761	<pb/>
16773	<pb/>
16777	<pb/>
16801	<pb/>
16829	<pb/>
16851	<pb/>
16858	<pb/>
16879	<pb/>
16887	<pb/>
16900	<pb/>
16910	<pb/>
16928	<pb/>
16938	<pb/>
16961	<pb/>
16971	<pb/>
16975	<pb/>
16990	<pb/>
16995	<pb/>
17014	<pb/>
17023	<pb/>
17045	<pb/>
17053	<pb/>
17064	<pb/>
17082	<pb/>
17096	<pb/>
17106	<pb/>
17141	<pb/>
17148	<pb/>
17160	<pb/>
17166	<pb/>
17178	<pb/>
17188	<pb/>
17201	<pb/>
17214	<pb/>
17222	<pb/>
17248	<pb/>
17275	<pb/>
17292	<pb/>
17305	<pb/>
17310	<pb/>
17321	<pb/>
17324	<pb/>
17331	<pb/>
17337	<pb/>
17365	<pb/>
17381	<pb/>
17393	<pb/>
17410	<pb/>
17457	<pb/>
17477	<pb/>
17484	<pb/>
17491	<pb/>
17509	<pb/>
17514	<pb/>
17528	<pb/>
17545	<pb/>
17558	<pb/>
17589	<pb/>
17606	<pb/>
17618	<pb/>
17627	<pb/>
17633	<pb/>
17645	<pb/>
17658	<pb/>
17682	<pb/>
17693	<pb/>
17710	<pb/>
17721	<pb/>
17731	<pb/>
17780	<pb/>
17804	<pb/>
17841	<pb/>
17857	<pb/>
17866	<pb/>
17871	<pb/>
17903	<pb/>
17917	<pb/>
17947	<pb/>
17979	<pb/>
17989	<pb/>
18001	<pb/>
18020	<pb/>
18025	<pb/>
18040	<pb/>
18054	<pb/>
18066	<pb/>
18083	<pb/>
18090	<pb/>
18096	<pb/>
18118	<pb/>
18121	<pb/>
18137	<pb/>
18144	<pb/>
18154	<pb/>
18174	<pb/>
18191	<pb/>
18216	<pb/>
18230	<pb/>
18238	<pb/>
18249	<pb/>
18272	<pb/>
18289	<pb/>
18316	<pb/>
18330	<pb/>
18335	<pb/>
18382	<pb/>
18406	<pb/>
18426	<pb/>
18446	<pb/>
18457	<pb/>
18476	<pb/>
18494	<pb/>
18510	<pb/>
18519	<pb/>
18540	<pb/>
18575	<pb/>
18593	<pb/>
18596	<pb/>
18610	<pb/>
18617	<pb/>
18642	<pb/>
18657	<pb/>
18661	<pb/>
18669	<pb/>
18687	<pb/>
18718	<pb/>
18729	<pb/>
18743	<pb/>
18767	<pb/>
18780	<pb/>
18797	<pb/>
18809	<pb/>
18816	<pb/>
18824	<pb/>
18841	<pb/>
18850	<pb/>
18870	<pb/>
18883	<pb/>
18901	<pb/>
18918	<pb/>
18933	<pb/>
18950	<pb/>
18962	<pb/>
18971	<pb/>
19002	<pb/>
19026	<pb/>
19031	<pb/>
19043	<pb/>
19059	<pb/>
19068	<pb/>
19090	<pb/>
19105	<pb/>
19132	<pb/>
19189	<pb/>
19205	<pb/>
19227	<pb/>
19233	<pb/>
19243	<pb/>
19259	<pb/>
19263	<pb/>
19289	<pb/>
19313	<pb/>
19330	<pb/>
19336	<pb/>
19345	<pb/>
19367	<pb/>
19386	<pb/>
19396	<pb/>
19412	<pb/>
19420	<pb/>
19436	<pb/>
19465	<pb/>
19485	<pb/>
19498	<pb/>
19516	<pb/>
19547	<pb/>
19563	<pb/>
19573	<pb/>
19578	<pb/>
19586	<pb/>
19597	<pb/>
19610	<pb/>
19623	<pb/>
19626	<pb/>
19644	<pb/>
19651	<pb/>
19666	<pb/>
19677	<pb/>
19684	<pb/>
19712	<pb/>
19728	<pb/>
19740	<pb/>
19760	<pb/>
19769	<pb/>
19783	<pb/>
19801	<pb/>
19831	<pb/>
19859	<pb/>
19863	<pb/>
19875	<pb/>
19887	<pb/>
19908	<pb/>
19920	<pb/>
19932	<pb/>
19944	<pb/>
19959	<pb/>
19984	<pb/>
20002	<pb/>
20027	<pb/>
20044	<pb/>
20063	<pb/>
20076	<pb/>
20092	<pb/>
20108	<pb/>
20115	<pb/>
20141	<pb/>
20155	<pb/>
20160	<pb/>
20252	<pb/>
20259	<pb/>
20274	<pb/>
20311	<pb/>
20325	<pb/>
20330	<pb/>
20356	<pb/>
20384	<pb/>
20394	<pb/>
20402	<pb/>
20431	<pb/>
20457	<pb/>
20473	<pb/>
20479	<pb/>
20495	<pb/>
20501	<pb/>
20507	<pb/>
20516	<pb/>
20531	<pb/>
20564	<pb/>
20578	<pb/>
20591	<pb/>
20648	<pb/>
20659	<pb/>
20673	<pb/>
20686	<pb/>
20703	<pb/>
20720	<pb/>
20730	<pb/>
20742	<pb/>
20753	<pb/>
20761	<pb/>
20770	<pb/>
20791	<pb/>
20803	<pb/>
20826	<pb/>
20857	<pb/>
20876	<pb/>
20919	<pb/>
20925	<pb/>
20934	<pb/>
20945	<pb/>
20955	<pb/>
20968	<pb/>
20971	<pb/>
20998	<pb/>
21012	<pb/>
21019	<pb/>
21038	<pb/>
21051	<pb/>
21060	<pb/>
21074	<pb/>
21100	<pb/>
21116	<pb/>
21137	<pb/>
21173	<pb/>
21177	<pb/>
21185	<pb/>
21227	<pb/>
21237	<pb/>
21254	<pb/>
21276	<pb/>
21292	<pb/>
21298	<pb/>
21318	<pb/>
21328	<pb/>
21338	<pb/>
21356	<pb/>
21370	<pb/>
21388	<pb/>
21417	<pb/>
21420	<pb/>
21442	<pb/>
21460	<pb/>
21471	<pb/>
21476	<pb/>
21489	<pb/>
21504	<pb/>
21512	<pb/>
21537	<pb/>
21555	<pb/>
21564	<pb/>
21568	<pb/>
21594	<pb/>
21609	<pb/>
21615	<pb/>
21621	<pb/>
21639	<pb/>
21668	<pb/>
21705	<pb/>
21721	<pb/>
21749	<pb/>
21755	<pb/>
21764	<pb/>
21775	<pb/>
21799	<pb/>
21815	<pb/>
21827	<pb/>
21851	<pb/>
21902	<pb/>
21917	<pb/>
21925	<pb/>
21933	<pb/>
21955	<pb/>
21970	<pb/>
21981	<pb/>
22008	<pb/>
22024	<pb/>
22040	<pb/>
22066	<pb/>
22076	<pb/>
22094	<pb/>
22115	<pb/>
22135	<pb/>
22149	<pb/>
22158	<pb/>
22170	<pb/>
22179	<pb/>
22186	<pb/>
22197	<pb/>
22206	<pb/>
22238	<pb/>
22243	<pb/>
22253	<pb/>
22261	<pb/>
22283	<pb/>
22291	<pb/>
22307	<pb/>
22332	<pb/>
22336	<pb/>
22356	<pb/>
22370	<pb/>
22381	<pb/>
22400	<pb/>
22410	<pb/>
22437	<pb/>
22466	<pb/>
22472	<pb/>
22500	<pb/>
22543	<pb/>
22569	<pb/>
22606	<pb/>
22616	<pb/>
22630	<pb/>
22649	<pb/>
22689	<pb/>
22694	<pb/>
22729	<pb/>
22744	<pb/>
22786	<pb/>
22798	<pb/>
22810	<pb/>
22833	<pb/>
22841	<pb/>
22852	<pb/>
22871	<pb/>
22879	<pb/>
22890	<pb/>
22911	<pb/>
22930	<pb/>
22945	<pb/>
22962	<pb/>
22982	<pb/>
22996	<pb/>
23031	<pb/>
23046	<pb/>
23052	<pb/>
23060	<pb/>
23075	<pb/>
23108	<pb/>
23120	<pb/>
23126	<pb/>
23142	<pb/>
23148	<pb/>
23152	<pb/>
23160	<pb/>
23178	<pb/>
23182	<pb/>
23189	<pb/>
23199	<pb/>
23203	<pb/>
23206	<pb/>
23221	<pb/>
23238	<pb/>
23250	<pb/>
23259	<pb/>
23268	<pb/>
23284	<pb/>
23299	<pb/>
23307	<pb/>
23317	<pb/>
23321	<pb/>
23326	<pb/>
23335	<pb/>
23351	<pb/>
23354	<pb/>
23366	<pb/>
23370	<pb/>
23375	<pb/>
23379	<pb/>
23389	<pb/>
23415	<pb/>
23426	<pb/>
23443	<pb/>
23455	<pb/>
23469	<pb/>
23485	<pb/>
23503	<pb/>
23513	<pb/>
23522	<pb/>
23530	<pb/>
23560	<pb/>
23565	<pb/>
23573	<pb/>
23599	<pb/>
23625	<pb/>
23635	<pb/>
23649	<pb/>
23662	<pb/>
23670	<pb/>
23707	<pb/>
23734	<pb/>
23757	<pb/>
23778	<pb/>
23789	<pb/>
23814	<pb/>
23822	<pb/>
23842	<pb/>
23854	<pb/>
23877	<pb/>
23890	<pb/>
23903	<pb/>
23926	<pb/>
23942	<pb/>
23957	<pb/>
23969	<pb/>
23976	<pb/>
23993	<pb/>
24008	<pb/>
24019	<pb/>
24040	<pb/>
24045	<pb/>
24060	<pb/>
24072	<pb/>
24099	<pb/>
24111	<pb/>
24123	<pb/>
24153	<pb/>
24159	<pb/>
24169	<pb/>
24180	<pb/>
24198	<pb/>
24212	<pb/>
24224	<pb/>
24250	<pb/>
24259	<pb/>
24263	<pb/>
24275	<pb/>
24287	<pb/>
24306	<pb/>
24344	<pb/>
24364	<pb/>
24386	<pb/>
24395	<pb/>
24417	<pb/>
24446	<pb/>
24455	<pb/>
24477	<pb/>
24486	<pb/>
24503	<pb/>
24512	<pb/>
24541	<pb/>
24545	<pb/>
24548	<pb/>
24558	<pb/>
24566	<pb/>
24591	<pb/>
24601	<pb/>
24610	<pb/>
24620	<pb/>
24634	<pb/>
24643	<pb/>
24666	<pb/>
24673	<pb/>
24681	<pb/>
24692	<pb/>
24717	<pb/>
24724	<pb/>
24729	<pb/>
24754	<pb/>
24772	<pb/>
24781	<pb/>
24801	<pb/>
24837	<pb/>
24848	<pb/>
24878	<pb/>
24891	<pb/>
24911	<pb/>
24919	<pb/>
24953	<pb/>
24964	<pb/>
24982	<pb/>
24994	<pb/>
25053	<pb/>
25062	<pb/>
25082	<pb/>
25135	<pb/>
25155	<pb/>
25163	<pb/>
25183	<pb/>
25192	<pb/>
25206	<pb/>
25211	<pb/>
25245	<pb/>
25255	<pb/>
25277	<pb/>
25324	<pb/>
25328	<pb/>
25350	<pb/>
25366	<pb/>
25372	<pb/>
25381	<pb/>
25388	<pb/>
25398	<pb/>
25409	<pb/>
25419	<pb/>
25427	<pb/>
25438	<pb/>
25447	<pb/>
25494	<pb/>
25515	<pb/>
25530	<pb/>
25542	<pb/>
25550	<pb/>
25553	<pb/>
25570	<pb/>
25586	<pb/>
25612	<pb/>
25619	<pb/>
25633	<pb/>
25641	<pb/>
25670	<pb/>
25683	<pb/>
25688	<pb/>
25692	<pb/>
25730	<pb/>
25753	<pb/>
25777	<pb/>
25785	<pb/>
25794	<pb/>
25807	<pb/>
25847	<pb/>
25862	<pb/>
25886	<pb/>
25891	<pb/>
25926	<pb/>
25946	<pb/>
25958	<pb/>
25992	<pb/>
25999	<pb/>
26013	<pb/>
26037	<pb/>
26055	<pb/>
26062	<pb/>
26069	<pb/>
26073	<pb/>
26087	<pb/>
26092	<pb/>
26103	<pb/>
26123	<pb/>
26133	<pb/>
26139	<pb/>
26149	<pb/>
26174	<pb/>
26190	<pb/>
26194	<pb/>
26208	<pb/>
26247	<pb/>
26263	<pb/>
26266	<pb/>
26276	<pb/>
26281	<pb/>
26296	<pb/>
26300	<pb/>
26343	<pb/>
26346	<pb/>
26356	<pb/>
26366	<pb/>
26370	<pb/>
26376	<pb/>
26382	<pb/>
26397	<pb/>
26414	<pb/>
26430	<pb/>
26463	<pb/>
26469	<pb/>
26471	<pb/>
26491	<pb/>
26535	<pb/>
26543	<pb/>
26549	<pb/>
26600	<pb/>
26618	<pb/>
26624	<pb/>
26643	<pb/>
26670	<pb/>
26680	<pb/>
26687	<pb/>
26731	<pb/>
26745	<pb/>
26750	<pb/>
26761	<pb/>
26785	<pb/>
26806	<pb/>
26825	<pb/>
26835	<pb/>
26846	<pb/>
26882	<pb/>
26893	<pb/>
26906	<pb/>
26915	<pb/>
26921	<pb/>
26936	<pb/>
26939	<pb/>
26943	<pb/>
26962	<pb/>
26972	<pb/>
27003	<pb/>
27020	<pb/>
27029	<pb/>
27036	<pb/>
27087	<pb/>
27100	<pb/>
27106	<pb/>
27130	<pb/>
27142	<pb/>
27151	<pb/>
27165	<pb/>
27182	<pb/>
27185	<pb/>
27188	<pb/>
27224	<pb/>
27239	<pb/>
27258	<pb/>
27265	<pb/>
27282	<pb/>
27295	<pb/>
27310	<pb/>
27323	<pb/>
27345	<pb/>
27354	<pb/>
27378	<pb/>
27403	<pb/>
27410	<pb/>
27420	<pb/>
27433	<pb/>
27444	<pb/>
27465	<pb/>
27472	<pb/>
27486	<pb/>
27499	<pb/>
27502	<pb/>
27508	<pb/>
27512	<pb/>
27517	<pb/>
27536	<pb/>
27539	<pb/>
27547	<pb/>
27568	<pb/>
27583	<pb/>
27592	<pb/>
27598	<pb/>
27621	<pb/>
27641	<pb/>
27667	<pb/>
27675	<pb/>
27679	<pb/>
27697	<pb/>
27704	<pb/>
27725	<pb/>
27735	<pb/>
27772	<pb/>
27780	<pb/>
27798	<pb/>
27809	<pb/>
27823	<pb/>
27849	<pb/>
27857	<pb/>
27884	<pb/>
27896	<pb/>
27918	<pb/>
27931	<pb/>
27936	<pb/>
27953	<pb/>
27982	<pb/>
28008	<pb/>
28014	<pb/>
28022	<pb/>
28034	<pb/>
28039	<pb/>
28047	<pb/>
28055	<pb/>
28063	<pb/>
28081	<pb/>
28094	<pb/>
28108	<pb/>
28110	<pb/>
28115	<pb/>
28142	<pb/>
28160	<pb/>
28170	<pb/>
28179	<pb/>
28197	<pb/>
28213	<pb/>
28226	<pb/>
28231	<pb/>
28236	<pb/>
28255	<pb/>
28273	<pb/>
28298	<pb/>
28317	<pb/>
28328	<pb/>
28355	<pb/>
28363	<pb/>
28380	<pb/>
28387	<pb/>
28403	<pb/>
28427	<pb/>
28446	<pb/>
28454	<pb/>
28477	<pb/>
28507	<pb/>
28518	<pb/>
28527	<pb/>
28542	<pb/>
28546	<pb/>
28568	<pb/>
28582	<pb/>
28588	<pb/>
28607	<pb/>
28610	<pb/>
28633	<pb/>
28644	<pb/>
28651	<pb/>
28657	<pb/>
28671	<pb/>
28681	<pb/>
28690	<pb/>
28705	<pb/>
28714	<pb/>
28727	<pb/>
28736	<pb/>
28748	<pb/>
28765	<pb/>
28771	<pb/>
28780	<pb/>
28786	<pb/>
28806	<pb/>
28822	<pb/>
28832	<pb/>
28840	<pb/>
28855	<pb/>
28876	<pb/>
28895	<pb/>
28907	<pb/>
28916	<pb/>
28931	<pb/>
28938	<pb/>
28950	<pb/>
28964	<pb/>
28991	<pb/>
29008	<pb/>
29022	<pb/>
29029	<pb/>
29042	<pb/>
29068	<pb/>
29077	<pb/>
29096	<pb/>
29103	<pb/>
29115	<pb/>
29135	<pb/>
29178	<pb/>
29215	<pb/>
29231	<pb/>
29241	<pb/>
29267	<pb/>
29279	<pb/>
29299	<pb/>
29313	<pb/>
29327	<pb/>
29338	<pb/>
29354	<pb/>
29360	<pb/>
29366	<pb/>
29370	<pb/>
29376	<pb/>
29397	<pb/>
29409	<pb/>
29415	<pb/>
29425	<pb/>
29449	<pb/>
29464	<pb/>
29474	<pb/>
29483	<pb/>
29497	<pb/>
29505	<pb/>
29526	<pb/>
29540	<pb/>
29549	<pb/>
29555	<pb/>
29581	<pb/>
29616	<pb/>
29658	<pb/>
29685	<pb/>
29702	<pb/>
29720	<pb/>
29749	<pb/>
29762	<pb/>
29774	<pb/>
29783	<pb/>
29811	<pb/>
29817	<pb/>
29824	<pb/>
29857	<pb/>
29881	<pb/>
29891	<pb/>
29904	<pb/>
29927	<pb/>
29953	<pb/>
29969	<pb/>
29983	<pb/>
29991	<pb/>
30005	<pb/>
30015	<pb/>
30035	<pb/>
30071	<pb/>
30082	<pb/>
30095	<pb/>
30109	<pb/>
30123	<pb/>
30158	<pb/>
30171	<pb/>
30187	<pb/>
30195	<pb/>
30225	<pb/>
30238	<pb/>
30244	<pb/>
30270	<pb/>
30310	<pb/>
30323	<pb/>
30345	<pb/>
30357	<pb/>
30385	<pb/>
30395	<pb/>
30417	<pb/>
30427	<pb/>
30441	<pb/>
30462	<pb/>
30476	<pb/>
30488	<pb/>
30507	<pb/>
30528	<pb/>
30538	<pb/>
30554	<pb/>
30565	<pb/>
30574	<pb/>
30577	<pb/>
30592	<pb/>
30635	<pb/>
30730	<pb/>
30783	<pb/>
30802	<pb/>
30817	<pb/>
30825	<pb/>
30834	<pb/>
30870	<pb/>
30890	<pb/>
30906	<pb/>
30924	<pb/>
30938	<pb/>
30968	<pb/>
30980	<pb/>
31005	<pb/>
31037	<pb/>
31055	<pb/>
31068	<pb/>
31081	<pb/>
31094	<pb/>
31113	<pb/>
31139	<pb/>
31189	<pb/>
31215	<pb/>
31234	<pb/>
31242	<pb/>
31310	<pb/>
31324	<pb/>
31365	<pb/>
31407	<pb/>
31424	<pb/>
31441	<pb/>
31455	<pb/>
31468	<pb/>
31500	<pb/>
31527	<pb/>
31548	<pb/>
31561	<pb/>
31586	<pb/>
31605	<pb/>
31614	<pb/>
31626	<pb/>
31639	<pb/>
31651	<pb/>
31701	<pb/>
31736	<pb/>
31757	<pb/>
31765	<pb/>
31783	<pb/>
31789	<pb/>
31814	<pb/>
31825	<pb/>
31837	<pb/>
31846	<pb/>
31864	<pb/>
31876	<pb/>
31888	<pb/>
31898	<pb/>
31910	<pb/>
31987	<pb/>
31996	<pb/>
32030	<pb/>
32073	<pb/>
32238	<pb/>
32261	<pb/>
32273	<pb/>
32290	<pb/>
32305	<pb/>
32318	<pb/>
32342	<pb/>
32351	<pb/>
32367	<pb/>
32391	<pb/>
32416	<pb/>
32430	<pb/>
32441	<pb/>
32453	<pb/>
32462	<pb/>
32472	<pb/>
32496	<pb/>
32539	<pb/>
32547	<pb/>
32557	<pb/>
32572	<pb/>
32596	<pb/>
32622	<pb/>
32636	<pb/>
32684	<pb/>
32704	<pb/>
32736	<pb/>
32743	<pb/>
32750	<pb/>
32757	<pb/>
32770	<pb/>
32802	<pb/>
32813	<pb/>
32827	<pb/>
32852	<pb/>
32862	<pb/>
32872	<pb/>
32885	<pb/>
32895	<pb/>
32900	<pb/>
32914	<pb/>
32924	<pb/>
32940	<pb/>
32952	<pb/>
32960	<pb/>
32977	<pb/>
32998	<pb/>
33006	<pb/>
33036	<pb/>
33045	<pb/>
33069	<pb/>
33088	<pb/>
33107	<pb/>
33119	<pb/>
33131	<pb/>
33141	<pb/>
33158	<pb/>
33187	<pb/>
33202	<pb/>
33213	<pb/>
33244	<pb/>
33253	<pb/>
33260	<pb/>
33284	<pb/>
33302	<pb/>
33311	<pb/>
33339	<pb/>
33347	<pb/>
33365	<pb/>
33392	<pb/>
33404	<pb/>
33428	<pb/>
33474	<pb/>
33490	<pb/>
33507	<pb/>
33523	<pb/>
33541	<pb/>
33547	<pb/>
33557	<pb/>
33569	<pb/>
33592	<pb/>
33609	<pb/>
33617	<pb/>
33641	<pb/>
33661	<pb/>
33677	<pb/>
33694	<pb/>
33712	<pb/>
33720	<pb/>
33737	<pb/>
33744	<pb/>
33756	<pb/>
33776	<pb/>
33788	<pb/>
33837	<pb/>
33848	<pb/>
33872	<pb/>
33888	<pb/>
33909	<pb/>
33912	<pb/>
33931	<pb/>
33941	<pb/>
33949	<pb/>
33962	<pb/>
33982	<pb/>
34038	<pb/>
34078	<pb/>
34085	<pb/>
34100	<pb/>
34121	<pb/>
34127	<pb/>
34133	<pb/>
34158	<pb/>
34174	<pb/>
34184	<pb/>
34194	<pb/>
34201	<pb/>
34209	<pb/>
34227	<pb/>
34250	<pb/>
34272	<pb/>
34284	<pb/>
34295	<pb/>
34313	<pb/>
34329	<pb/>
34348	<pb/>
34359	<pb/>
34378	<pb/>
34386	<pb/>
34393	<pb/>
34400	<pb/>
34403	<pb/>
34407	<pb/>
34417	<pb/>
34423	<pb/>
34428	<pb/>
34433	<pb/>
34438	<pb/>
34452	<pb/>
34474	<pb/>
34499	<pb/>
34521	<pb/>
34536	<pb/>
34544	<pb/>
34555	<pb/>
34585	<pb/>
34596	<pb/>
34614	<pb/>
34629	<pb/>
34648	<pb/>
34679	<pb/>
34693	<pb/>
34705	<pb/>
34724	<pb/>
34751	<pb/>
34757	<pb/>
34785	<pb/>
34792	<pb/>
34800	<pb/>
34831	<pb/>
34854	<pb/>
34865	<pb/>
34884	<pb/>
34912	<pb/>
34925	<pb/>
34940	<pb/>
34953	<pb/>
34976	<pb/>
34991	<pb/>
35000	<pb/>
35021	<pb/>
35043	<pb/>
35061	<pb/>
35072	<pb/>
35084	<pb/>
35093	<pb/>
35115	<pb/>
35124	<pb/>
35136	<pb/>
35141	<pb/>
35167	<pb/>
35176	<pb/>
35187	<pb/>
35202	<pb/>
35219	<pb/>
35231	<pb/>
35252	<pb/>
35267	<pb/>
35286	<pb/>
35295	<pb/>
35305	<pb/>
35313	<pb/>
35365	<pb/>
35393	<pb/>
35405	<pb/>
35409	<pb/>
35436	<pb/>
35445	<pb/>
35451	<pb/>
35463	<pb/>
35487	<pb/>
35502	<pb/>
35515	<pb/>
35528	<pb/>
35534	<pb/>
35541	<pb/>
35555	<pb/>
35568	<pb/>
35630	<pb/>
35652	<pb/>
35672	<pb/>
35686	<pb/>
35699	<pb/>
35712	<pb/>
35720	<pb/>
35731	<pb/>
35756	<pb/>
35761	<pb/>
35768	<pb/>
35792	<pb/>
35819	<pb/>
35843	<pb/>
35865	<pb/>
35886	<pb/>
35904	<pb/>
35908	<pb/>
35926	<pb/>
35944	<pb/>
35959	<pb/>
35980	<pb/>
36005	<pb/>
36007	<pb/>
36011	<pb/>
36022	<pb/>
36030	<pb/>
36041	<pb/>
36046	<pb/>
36053	<pb/>
36074	<pb/>
36086	<pb/>
36100	<pb/>
36115	<pb/>
36141	<pb/>
36151	<pb/>
36173	<pb/>
36182	<pb/>
36192	<pb/>
36203	<pb/>
36213	<pb/>
36222	<pb/>
36225	<pb/>
36248	<pb/>
36264	<pb/>
36294	<pb/>
36303	<pb/>
36320	<pb/>
36326	<pb/>
36339	<pb/>
36355	<pb/>
36367	<pb/>
36382	<pb/>
36420	<pb/>
36429	<pb/>
36465	<pb/>
36473	<pb/>
36486	<pb/>
36500	<pb/>
36526	<pb/>
36539	<pb/>
36557	<pb/>
36569	<pb/>
36595	<pb/>
36601	<pb/>
36611	<pb/>
36617	<pb/>
36628	<pb/>
36641	<pb/>
36646	<pb/>
36654	<pb/>
36682	<pb/>
36737	<pb/>
36747	<pb/>
36781	<pb/>
36796	<pb/>
36800	<pb/>
36808	<pb/>
36818	<pb/>
36824	<pb/>
36840	<pb/>
36845	<pb/>
36872	<pb/>
36880	<pb/>
36904	<pb/>
36909	<pb/>
36921	<pb/>
36927	<pb/>
36951	<pb/>
36964	<pb/>
36987	<pb/>
37005	<pb/>
37014	<pb/>
37022	<pb/>
37055	<pb/>
37077	<pb/>
37087	<pb/>
37099	<pb/>
37112	<pb/>
37140	<pb/>
37161	<pb/>
37182	<pb/>
37200	<pb/>
37224	<pb/>
37234	<pb/>
37247	<pb/>
37283	<pb/>
37292	<pb/>
37301	<pb/>
37317	<pb/>
37326	<pb/>
37339	<pb/>
37353	<pb/>
37393	<pb/>
37404	<pb/>
37427	<pb/>
37437	<pb/>
37455	<pb/>
37463	<pb/>
37494	<pb/>
37517	<pb/>
37528	<pb/>
37577	<pb/>
37598	<pb/>
37615	<pb/>
37640	<pb/>
37649	<pb/>
37661	<pb/>
37680	<pb/>
37684	<pb/>
37689	<pb/>
37704	<pb/>
37730	<pb/>
37736	<pb/>
37748	<pb/>
37766	<pb/>
37783	<pb/>
37804	<pb/>
37832	<pb/>
37844	<pb/>
37857	<pb/>
37866	<pb/>
37879	<pb/>
37891	<pb/>
37903	<pb/>
37909	<pb/>
37928	<pb/>
37934	<pb/>
37963	<pb/>
38003	<pb/>
38017	<pb/>
38044	<pb/>
38055	<pb/>
38062	<pb/>
38066	<pb/>
38077	<pb/>
38085	<pb/>
38103	<pb/>
38115	<pb/>
38139	<pb/>
38159	<pb/>
38233	<pb/>
38271	<pb/>
38285	<pb/>
38297	<pb/>
38335	<pb/>
38344	<pb/>
38358	<pb/>
38383	<pb/>
38397	<pb/>
38408	<pb/>
38442	<pb/>
38468	<pb/>
38481	<pb/>
38490	<pb/>
38500	<pb/>
38510	<pb/>
38517	<pb/>
38535	<pb/>
38542	<pb/>
38563	<pb/>
38592	<pb/>
38622	<pb/>
38637	<pb/>
38647	<pb/>
38660	<pb/>
38666	<pb/>
38702	<pb/>
38729	<pb/>
38752	<pb/>
38779	<pb/>
38802	<pb/>
38827	<pb/>
38832	<pb/>
38840	<pb/>
38844	<pb/>
38858	<pb/>
38867	<pb/>
38886	<pb/>
38907	<pb/>
38921	<pb/>
38927	<pb/>
38943	<pb/>
38957	<pb/>
38976	<pb/>
38991	<pb/>
39016	<pb/>
39022	<pb/>
39045	<pb/>
39071	<pb/>
39084	<pb/>
39125	<pb/>
39156	<pb/>
39180	<pb/>
39200	<pb/>
39208	<pb/>
39221	<pb/>
39230	<pb/>
39240	<pb/>
39263	<pb/>
39274	<pb/>
39277	<pb/>
39289	<pb/>
39315	<pb/>
39325	<pb/>
39336	<pb/>
39360	<pb/>
39367	<pb/>
39384	<pb/>
39401	<pb/>
39414	<pb/>
39438	<pb/>
39452	<pb/>
39470	<pb/>
39520	<pb/>
39528	<pb/>
39545	<pb/>
39569	<pb/>
39596	<pb/>
39632	<pb/>
39653	<pb/>
39658	<pb/>
39669	<pb/>
39674	<pb/>
39680	<pb/>
39690	<pb/>
39699	<pb/>
39701	<pb/>
39704	<pb/>
39729	<pb/>
39742	<pb/>
39754	<pb/>
39763	<pb/>
39785	<pb/>
39798	<pb/>
39815	<pb/>
39828	<pb/>
39852	<pb/>
39864	<pb/>
39879	<pb/>
39917	<pb/>
39937	<pb/>
39946	<pb/>
39967	<pb/>
39979	<pb/>
39998	<pb/>
40004	<pb/>
40016	<pb/>
40026	<pb/>
40031	<pb/>
40035	<pb/>
40049	<pb/>
40070	<pb/>
40082	<pb/>
40090	<pb/>
40098	<pb/>
40107	<pb/>
40121	<pb/>
40128	<pb/>
40145	<pb/>
40157	<pb/>
40186	<pb/>
40196	<pb/>
40208	<pb/>
40224	<pb/>
40244	<pb/>
40258	<pb/>
40273	<pb/>
40299	<pb/>
40311	<pb/>
40322	<pb/>
40379	<pb/>
40401	<pb/>
40411	<pb/>
40427	<pb/>
40439	<pb/>
40449	<pb/>
40457	<pb/>
40463	<pb/>
40506	<pb/>
40525	<pb/>
40535	<pb/>
40553	<pb/>
40562	<pb/>
40599	<pb/>
40611	<pb/>
40632	<pb/>
40650	<pb/>
40660	<pb/>
40687	<pb/>
40697	<pb/>
40702	<pb/>
40719	<pb/>
40739	<pb/>
40741	<pb/>
40746	<pb/>
40766	<pb/>
40778	<pb/>
40788	<pb/>
40806	<pb/>
40820	<pb/>
40832	<pb/>
40865	<pb/>
40891	<pb/>
40916	<pb/>
40938	<pb/>
40951	<pb/>
40978	<pb/>
40987	<pb/>
41002	<pb/>
41014	<pb/>
41023	<pb/>
41043	<pb/>
41074	<pb/>
41088	<pb/>
41102	<pb/>
41131	<pb/>
41149	<pb/>
41162	<pb/>
41180	<pb/>
41201	<pb/>
41218	<pb/>
41248	<pb/>
41254	<pb/>
41271	<pb/>
41292	<pb/>
41300	<pb/>
41317	<pb/>
41320	<pb/>
41326	<pb/>
41347	<pb/>
41353	<pb/>
41406	<pb/>
41435	<pb/>
41446	<pb/>
41482	<pb/>
41491	<pb/>
41507	<pb/>
41524	<pb/>
41553	<pb/>
41559	<pb/>
41576	<pb/>
41592	<pb/>
41603	<pb/>
41612	<pb/>
41640	<pb/>
41652	<pb/>
41673	<pb/>
41687	<pb/>
41734	<pb/>
41749	<pb/>
41792	<pb/>
41819	<pb/>
41832	<pb/>
41849	<pb/>
41853	<pb/>
41862	<pb/>
41870	<pb/>
41873	<pb/>
41878	<pb/>
41890	<pb/>
41906	<pb/>
41942	<pb/>
41972	<pb/>
41995	<pb/>
42018	<pb/>
42034	<pb/>
42048	<pb/>
42055	<pb/>
42070	<pb/>
42076	<pb/>
42098	<pb/>
42113	<pb/>
42131	<pb/>
42148	<pb/>
42165	<pb/>
42195	<pb/>
42202	<pb/>
42224	<pb/>
42243	<pb/>
42294	<pb/>
42297	<pb/>
42306	<pb/>
42326	<pb/>
42348	<pb/>
42354	<pb/>
42361	<pb/>
42389	<pb/>
42408	<pb/>
42424	<pb/>
42442	<pb/>
42464	<pb/>
42485	<pb/>
42502	<pb/>
42507	<pb/>
42522	<pb/>
42539	<pb/>
42545	<pb/>
42558	<pb/>
42565	<pb/>
42571	<pb/>
42580	<pb/>
42609	<pb/>
42630	<pb/>
42649	<pb/>
42663	<pb/>
42676	<pb/>
42698	<pb/>
42704	<pb/>
42715	<pb/>
42742	<pb/>
42749	<pb/>
42761	<pb/>
42776	<pb/>
42793	<pb/>
42807	<pb/>
42829	<pb/>
42838	<pb/>
42853	<pb/>
42860	<pb/>
42881	<pb/>
42911	<pb/>
42930	<pb/>
42937	<pb/>
42962	<pb/>
42995	<pb/>
43005	<pb/>
43020	<pb/>
43037	<pb/>
43055	<pb/>
43077	<pb/>
43079	<pb/>
43091	<pb/>
43108	<pb/>
43117	<pb/>
43142	<pb/>
43183	<pb/>
43192	<pb/>
43210	<pb/>
43225	<pb/>
43247	<pb/>
43256	<pb/>
43263	<pb/>
43287	<pb/>
43291	<pb/>
43316	<pb/>
43326	<pb/>
43364	<pb/>
43384	<pb/>
43395	<pb/>
43420	<pb/>
43432	<pb/>
43449	<pb/>
43468	<pb/>
43475	<pb/>
43481	<pb/>
43497	<pb/>
43508	<pb/>
43538	<pb/>
43542	<pb/>
43557	<pb/>
43574	<pb/>
43587	<pb/>
43593	<pb/>
43605	<pb/>
43633	<pb/>
43651	<pb/>
43689	<pb/>
43700	<pb/>
43721	<pb/>
43730	<pb/>
43743	<pb/>
43762	<pb/>
43776	<pb/>
43804	<pb/>
43812	<pb/>
43838	<pb/>
43860	<pb/>
43869	<pb/>
43875	<pb/>
43899	<pb/>
43917	<pb/>
43930	<pb/>
43964	<pb/>
43973	<pb/>
43999	<pb/>
44009	<pb/>
44043	<pb/>
44051	<pb/>
44063	<pb/>
44074	<pb/>
44117	<pb/>
44160	<pb/>
44178	<pb/>
44193	<pb/>
44201	<pb/>
44209	<pb/>
44217	<pb/>
44224	<pb/>
44233	<pb/>
44242	<pb/>
44251	<pb/>
44257	<pb/>
44268	<pb/>
44277	<pb/>
44286	<pb/>
44291	<pb/>
44304	<pb/>
44322	<pb/>
44337	<pb/>
44361	<pb/>
44368	<pb/>
44379	<pb/>
44403	<pb/>
44422	<pb/>
44433	<pb/>
44457	<pb/>
44471	<pb/>
44488	<pb/>
44506	<pb/>
44530	<pb/>
44542	<pb/>
44559	<pb/>
44571	<pb/>
44581	<pb/>
44612	<pb/>
44654	<pb/>
44670	<pb/>
44677	<pb/>
44693	<pb/>
44712	<pb/>
44720	<pb/>
44760	<pb/>
44776	<pb/>
44784	<pb/>
44799	<pb/>
44808	<pb/>
44825	<pb/>
44835	<pb/>
44878	<pb/>
44893	<pb/>
44905	<pb/>
44978	<pb/>
45003	<pb/>
45012	<pb/>
45026	<pb/>
45039	<pb/>
45084	<pb/>
45105	<pb/>
45138	<pb/>
45143	<pb/>
45157	<pb/>
45166	<pb/>
45177	<pb/>
45192	<pb/>
45199	<pb/>
45204	<pb/>
45212	<pb/>
45216	<pb/>
45222	<pb/>
45239	<pb/>
45259	<pb/>
45266	<pb/>
45274	<pb/>
45285	<pb/>
45290	<pb/>
45326	<pb/>
45355	<pb/>
45377	<pb/>
45407	<pb/>
45423	<pb/>
45427	<pb/>
45443	<pb/>
45459	<pb/>
45499	<pb/>
45503	<pb/>
45510	<pb/>
45528	<pb/>
45533	<pb/>
45549	<pb/>
45579	<pb/>
45595	<pb/>
45618	<pb/>
45629	<pb/>
45638	<pb/>
45644	<pb/>
45655	<pb/>
45681	<pb/>
45691	<pb/>
45738	<pb/>
45750	<pb/>
45773	<pb/>
45796	<pb/>
45824	<pb/>
45841	<pb/>
45847	<pb/>
45861	<pb/>
45865	<pb/>
45873	<pb/>
45883	<pb/>
45912	<pb/>
45939	<pb/>
45943	<pb/>
45969	<pb/>
45993	<pb/>
46002	<pb/>
46010	<pb/>
46024	<pb/>
46058	<pb/>
46070	<pb/>
46103	<pb/>
46140	<pb/>
46155	<pb/>
46170	<pb/>
46174	<pb/>
46181	<pb/>
46194	<pb/>
46209	<pb/>
46223	<pb/>
46236	<pb/>
46261	<pb/>
46272	<pb/>
46293	<pb/>
46312	<pb/>
46324	<pb/>
46333	<pb/>
46348	<pb/>
46362	<pb/>
46374	<pb/>
46381	<pb/>
46392	<pb/>
46403	<pb/>
46416	<pb/>
46423	<pb/>
46439	<pb/>
46447	<pb/>
46469	<pb/>
46475	<pb/>
46477	<pb/>
46487	<pb/>
46498	<pb/>
46514	<pb/>
46530	<pb/>
46541	<pb/>
46562	<pb/>
46586	<pb/>
46638	<pb/>
46654	<pb/>
46666	<pb/>
46682	<pb/>
46701	<pb/>
46712	<pb/>
46721	<pb/>
46732	<pb/>
46764	<pb/>
46776	<pb/>
46787	<pb/>
46795	<pb/>
46811	<pb/>
46826	<pb/>
46841	<pb/>
46845	<pb/>
46868	<pb/>
46884	<pb/>
46891	<pb/>
46899	<pb/>
46905	<pb/>
46916	<pb/>
46922	<pb/>
46934	<pb/>
46966	<pb/>
46974	<pb/>
46980	<pb/>
47019	<pb/>
47039	<pb/>
47050	<pb/>
47063	<pb/>
47080	<pb/>
47088	<pb/>
47094	<pb/>
47117	<pb/>
47132	<pb/>
47143	<pb/>
47154	<pb/>
47159	<pb/>
47173	<pb/>
47191	<pb/>
47199	<pb/>
47211	<pb/>
47218	<pb/>
47238	<pb/>
47247	<pb/>
47254	<pb/>
47280	<pb/>
47285	<pb/>
47305	<pb/>
47312	<pb/>
47340	<pb/>
47349	<pb/>
47355	<pb/>
47371	<pb/>
47381	<pb/>
47391	<pb/>
47406	<pb/>
47417	<pb/>
47439	<pb/>
47451	<pb/>
47458	<pb/>
47475	<pb/>
47495	<pb/>
47504	<pb/>
47525	<pb/>
47554	<pb/>
47560	<pb/>
47565	<pb/>
47575	<pb/>
47594	<pb/>
47616	<pb/>
47664	<pb/>
47672	<pb/>
47676	<pb/>
47702	<pb/>
47711	<pb/>
47718	<pb/>
47739	<pb/>
47752	<pb/>
47759	<pb/>
47778	<pb/>
47797	<pb/>
47811	<pb/>
47824	<pb/>
47854	<pb/>
47867	<pb/>
47880	<pb/>
47889	<pb/>
47912	<pb/>
47924	<pb/>
47931	<pb/>
47936	<pb/>
47955	<pb/>
47976	<pb/>
47987	<pb/>
48004	<pb/>
48036	<pb/>
48047	<pb/>
48060	<pb/>
48086	<pb/>
48101	<pb/>
48105	<pb/>
48121	<pb/>
48137	<pb/>
48154	<pb/>
48212	<pb/>
48219	<pb/>
48245	<pb/>
48253	<pb/>
48268	<pb/>
48282	<pb/>
48299	<pb/>
48320	<pb/>
48325	<pb/>
48353	<pb/>
48372	<pb/>
48388	<pb/>
48393	<pb/>
48405	<pb/>
48419	<pb/>
48426	<pb/>
48457	<pb/>
48480	<pb/>
48493	<pb/>
48496	<pb/>
48519	<pb/>
48523	<pb/>
48564	<pb/>
48575	<pb/>
48589	<pb/>
48597	<pb/>
48618	<pb/>
48639	<pb/>
48670	<pb/>
48688	<pb/>
48700	<pb/>
48716	<pb/>
48722	<pb/>
48738	<pb/>
48746	<pb/>
48752	<pb/>
48775	<pb/>
48801	<pb/>
48817	<pb/>
48826	<pb/>
48834	<pb/>
48849	<pb/>
48861	<pb/>
48876	<pb/>
48886	<pb/>
48901	<pb/>
48908	<pb/>
48913	<pb/>
48945	<pb/>
48954	<pb/>
48984	<pb/>
48991	<pb/>
49002	<pb/>
49014	<pb/>
49027	<pb/>
49042	<pb/>
49062	<pb/>
49079	<pb/>
49086	<pb/>
49098	<pb/>
49110	<pb/>
49123	<pb/>
49131	<pb/>
49145	<pb/>
49156	<pb/>
49169	<pb/>
49185	<pb/>
49195	<pb/>
49227	<pb/>
49250	<pb/>
49272	<pb/>
49299	<pb/>
49303	<pb/>
49314	<pb/>
49336	<pb/>
49349	<pb/>
49357	<pb/>
49361	<pb/>
49365	<pb/>
49368	<pb/>
49383	<pb/>
49399	<pb/>
49405	<pb/>
49425	<pb/>
49456	<pb/>
49468	<pb/>
49523	<pb/>
49540	<pb/>
49572	<pb/>
49583	<pb/>
49606	<pb/>
49617	<pb/>
49629	<pb/>
49640	<pb/>
49645	<pb/>
49658	<pb/>
49662	<pb/>
49679	<pb/>
49697	<pb/>
49702	<pb/>
49713	<pb/>
49719	<pb/>
49736	<pb/>
49748	<pb/>
49772	<pb/>
49782	<pb/>
49789	<pb/>
49809	<pb/>
49815	<pb/>
49831	<pb/>
49846	<pb/>
49861	<pb/>
49864	<pb/>
49888	<pb/>
49906	<pb/>
49918	<pb/>
49931	<pb/>
49946	<pb/>
49958	<pb/>
49976	<pb/>
49984	<pb/>
49989	<pb/>
49998	<pb/>
50001	<pb/>
50050	<pb/>
50073	<pb/>
50096	<pb/>
50109	<pb/>
50169	<pb/>
50183	<pb/>
50197	<pb/>
50212	<pb/>
50231	<pb/>
50240	<pb/>
50263	<pb/>
50287	<pb/>
50318	<pb/>
50330	<pb/>
50362	<pb/>
50383	<pb/>
50406	<pb/>
50428	<pb/>
50443	<pb/>
50452	<pb/>
50470	<pb/>
50478	<pb/>
50487	<pb/>
50502	<pb/>
50520	<pb/>
50535	<pb/>
50552	<pb/>
50577	<pb/>
50602	<pb/>
50623	<pb/>
50629	<pb/>
50646	<pb/>
50674	<pb/>
50694	<pb/>
50713	<pb/>
50733	<pb/>
50753	<pb/>
50762	<pb/>
50773	<pb/>
50800	<pb/>
50818	<pb/>
50835	<pb/>
50841	<pb/>
50858	<pb/>
50865	<pb/>
50871	<pb/>
50877	<pb/>
50891	<pb/>
50899	<pb/>
50911	<pb/>
50922	<pb/>
50939	<pb/>
50951	<pb/>
50959	<pb/>
50975	<pb/>
51011	<pb/>
51018	<pb/>
51037	<pb/>
51043	<pb/>
51055	<pb/>
51059	<pb/>
51066	<pb/>
51073	<pb/>
51084	<pb/>
51107	<pb/>
51137	<pb/>
51157	<pb/>
51183	<pb/>
51229	<pb/>
51247	<pb/>
51257	<pb/>
51266	<pb/>
51291	<pb/>
51321	<pb/>
51343	<pb/>
51348	<pb/>
51359	<pb/>
51385	<pb/>
51398	<pb/>
51415	<pb/>
51424	<pb/>
51437	<pb/>
51447	<pb/>
51477	<pb/>
51485	<pb/>
51495	<pb/>
51507	<pb/>
51518	<pb/>
51537	<pb/>
51548	<pb/>
51564	<pb/>
51583	<pb/>
51599	<pb/>
51607	<pb/>
51616	<pb/>
51639	<pb/>
51651	<pb/>
51656	<pb/>
51688	<pb/>
51698	<pb/>
51711	<pb/>
51737	<pb/>
51750	<pb/>
51760	<pb/>
51786	<pb/>
51801	<pb/>
51813	<pb/>
51822	<pb/>
51834	<pb/>
51849	<pb/>
51859	<pb/>
51870	<pb/>
51896	<pb/>
51911	<pb/>
51922	<pb/>
51938	<pb/>
51947	<pb/>
51960	<pb/>
51977	<pb/>
52004	<pb/>
52015	<pb/>
52028	<pb/>
52035	<pb/>
52050	<pb/>
52067	<pb/>
52080	<pb/>
52096	<pb/>
52119	<pb/>
52133	<pb/>
52146	<pb/>
52158	<pb/>
52185	<pb/>
52211	<pb/>
52222	<pb/>
52244	<pb/>
52260	<pb/>
52282	<pb/>
52294	<pb/>
52325	<pb/>
52349	<pb/>
52366	<pb/>
52376	<pb/>
52410	<pb/>
52440	<pb/>
52451	<pb/>
52468	<pb/>
52476	<pb/>
52490	<pb/>
52508	<pb/>
52540	<pb/>
52549	<pb/>
52575	<pb/>
52586	<pb/>
52593	<pb/>
52602	<pb/>
52619	<pb/>
52631	<pb/>
52641	<pb/>
52659	<pb/>
52668	<pb/>
52677	<pb/>
52689	<pb/>
52701	<pb/>
52713	<pb/>
52727	<pb/>
52740	<pb/>
52749	<pb/>
52772	<pb/>
52783	<pb/>
52797	<pb/>
52826	<pb/>
52833	<pb/>
52840	<pb/>
52848	<pb/>
52866	<pb/>
52881	<pb/>
52898	<pb/>
52917	<pb/>
52936	<pb/>
52957	<pb/>
52975	<pb/>
52997	<pb/>
53005	<pb/>
53023	<pb/>
53075	<pb/>
53101	<pb/>
53113	<pb/>
53137	<pb/>
53165	<pb/>
53177	<pb/>
53195	<pb/>
53210	<pb/>
53229	<pb/>
53260	<pb/>
53276	<pb/>
53287	<pb/>
53297	<pb/>
53313	<pb/>
53323	<pb/>
53359	<pb/>
53382	<pb/>
53410	<pb/>
53452	<pb/>
53461	<pb/>
53482	<pb/>
53492	<pb/>
53503	<pb/>
53520	<pb/>
53529	<pb/>
53535	<pb/>
53546	<pb/>
53563	<pb/>
53574	<pb/>
53585	<pb/>
53601	<pb/>
53617	<pb/>
53645	<pb/>
53664	<pb/>
53678	<pb/>
53694	<pb/>
53713	<pb/>
53728	<pb/>
53737	<pb/>
53744	<pb/>
53761	<pb/>
53779	<pb/>
53791	<pb/>
53801	<pb/>
53812	<pb/>
53837	<pb/>
53857	<pb/>
53873	<pb/>
53884	<pb/>
53908	<pb/>
53924	<pb/>
53939	<pb/>
53961	<pb/>
53970	<pb/>
53995	<pb/>
54007	<pb/>
54014	<pb/>
54022	<pb/>
54041	<pb/>
54061	<pb/>
54066	<pb/>
54079	<pb/>
54087	<pb/>
54106	<pb/>
54119	<pb/>
54128	<pb/>
54142	<pb/>
54153	<pb/>
54165	<pb/>
54176	<pb/>
54193	<pb/>
54214	<pb/>
54223	<pb/>
54240	<pb/>
54246	<pb/>
54253	<pb/>
54257	<pb/>
54266	<pb/>
54277	<pb/>
54299	<pb/>
54320	<pb/>
54329	<pb/>
54341	<pb/>
54349	<pb/>
54359	<pb/>
54373	<pb/>
54389	<pb/>
54404	<pb/>
54414	<pb/>
54431	<pb/>
54452	<pb/>
54472	<pb/>
54488	<pb/>
54501	<pb/>
54516	<pb/>
54528	<pb/>
54548	<pb/>
54571	<pb/>
54587	<pb/>
54608	<pb/>
54622	<pb/>
54628	<pb/>
54639	<pb/>
54659	<pb/>
54667	<pb/>
54681	<pb/>
54699	<pb/>
54706	<pb/>
54715	<pb/>
54727	<pb/>
54738	<pb/>
54768	<pb/>
54779	<pb/>
54789	<pb/>
54796	<pb/>
54804	<pb/>
54820	<pb/>
54849	<pb/>
54859	<pb/>
54863	<pb/>
54872	<pb/>
54885	<pb/>
54903	<pb/>
54911	<pb/>
54938	<pb/>
54959	<pb/>
54964	<pb/>
54976	<pb/>
55004	<pb/>
55019	<pb/>
55041	<pb/>
55050	<pb/>
55059	<pb/>
55081	<pb/>
55096	<pb/>
55110	<pb/>
55118	<pb/>
55127	<pb/>
55136	<pb/>
55147	<pb/>
55157	<pb/>
55179	<pb/>
55195	<pb/>
55221	<pb/>
55242	<pb/>
55248	<pb/>
55259	<pb/>
55282	<pb/>
55289	<pb/>
55317	<pb/>
55335	<pb/>
55342	<pb/>
55372	<pb/>
55388	<pb/>
55406	<pb/>
55423	<pb/>
55432	<pb/>
55437	<pb/>
55450	<pb/>
55457	<pb/>
55466	<pb/>
55475	<pb/>
55489	<pb/>
55509	<pb/>
55516	<pb/>
55528	<pb/>
55558	<pb/>
55574	<pb/>
55589	<pb/>
55606	<pb/>
55621	<pb/>
55630	<pb/>
55637	<pb/>
55646	<pb/>
55656	<pb/>
55667	<pb/>
55684	<pb/>
55699	<pb/>
55706	<pb/>
55711	<pb/>
55728	<pb/>
55737	<pb/>
55758	<pb/>
55768	<pb/>
55772	<pb/>
55775	<pb/>
55786	<pb/>
55800	<pb/>
55808	<pb/>
55826	<pb/>
55841	<pb/>
55854	<pb/>
55866	<pb/>
55873	<pb/>
55881	<pb/>
55888	<pb/>
55906	<pb/>
55924	<pb/>
55935	<pb/>
55941	<pb/>
55950	<pb/>
55981	<pb/>
55988	<pb/>
56008	<pb/>
56013	<pb/>
56020	<pb/>
56025	<pb/>
56033	<pb/>
56062	<pb/>
56068	<pb/>
56071	<pb/>
56079	<pb/>
56095	<pb/>
56104	<pb/>
56118	<pb/>
56136	<pb/>
56145	<pb/>
56150	<pb/>
56165	<pb/>
56171	<pb/>
56210	<pb/>
56228	<pb/>
56243	<pb/>
56251	<pb/>
56273	<pb/>
56284	<pb/>
56308	<pb/>
56323	<pb/>
56334	<pb/>
56353	<pb/>
56367	<pb/>
56380	<pb/>
56403	<pb/>
56422	<pb/>
56433	<pb/>
56443	<pb/>
56456	<pb/>
56460	<pb/>
56477	<pb/>
56489	<pb/>
56503	<pb/>
56508	<pb/>
56511	<pb/>
56533	<pb/>
56550	<pb/>
56561	<pb/>
56570	<pb/>
56593	<pb/>
56603	<pb/>
56624	<pb/>
56642	<pb/>
56658	<pb/>
56665	<pb/>
56674	<pb/>
56691	<pb/>
56706	<pb/>
56710	<pb/>
56723	<pb/>
56735	<pb/>
56743	<pb/>
56749	<pb/>
56760	<pb/>
56799	<pb/>
56823	<pb/>
56831	<pb/>
56842	<pb/>
56857	<pb/>
56873	<pb/>
56884	<pb/>
56894	<pb/>
56902	<pb/>
56912	<pb/>
56924	<pb/>
56938	<pb/>
56945	<pb/>
56959	<pb/>
56981	<pb/>
56990	<pb/>
57017	<pb/>
57052	<pb/>
57070	<pb/>
57076	<pb/>
57085	<pb/>
57103	<pb/>
57124	<pb/>
57140	<pb/>
57176	<pb/>
57187	<pb/>
57210	<pb/>
57215	<pb/>
57221	<pb/>
57239	<pb/>
57261	<pb/>
57267	<pb/>
57283	<pb/>
57304	<pb/>
57316	<pb/>
57342	<pb/>
57355	<pb/>
57369	<pb/>
57380	<pb/>
57395	<pb/>
57403	<pb/>
57418	<pb/>
57433	<pb/>
57450	<pb/>
57459	<pb/>
57467	<pb/>
57477	<pb/>
57500	<pb/>
57515	<pb/>
57528	<pb/>
57539	<pb/>
57556	<pb/>
57566	<pb/>
57572	<pb/>
57602	<pb/>
57610	<pb/>
57624	<pb/>
57635	<pb/>
57656	<pb/>
57658	<pb/>
57678	<pb/>
57696	<pb/>
57706	<pb/>
57725	<pb/>
57757	<pb/>
57784	<pb/>
57807	<pb/>
57813	<pb/>
57816	<pb/>
57824	<pb/>
57844	<pb/>
57854	<pb/>
57862	<pb/>
57868	<pb/>
57881	<pb/>
57896	<pb/>
57900	<pb/>
57935	<pb/>
57944	<pb/>
57960	<pb/>
57970	<pb/>
57987	<pb/>
58001	<pb/>
58020	<pb/>
58041	<pb/>
58076	<pb/>
58114	<pb/>
58123	<pb/>
58150	<pb/>
58171	<pb/>
58193	<pb/>
58211	<pb/>
58230	<pb/>
58249	<pb/>
58271	<pb/>
58280	<pb/>
58305	<pb/>
58326	<pb/>
58353	<pb/>
58380	<pb/>
58401	<pb/>
58442	<pb/>
58466	<pb/>
58490	<pb/>
58510	<pb/>
58524	<pb/>
58541	<pb/>
58553	<pb/>
58571	<pb/>
58578	<pb/>
58586	<pb/>
58601	<pb/>
58625	<pb/>
58647	<pb/>
58664	<pb/>
58672	<pb/>
58677	<pb/>
58680	<pb/>
58687	<pb/>
58695	<pb/>
58700	<pb/>
58711	<pb/>
58721	<pb/>
58726	<pb/>
58740	<pb/>
58754	<pb/>
58764	<pb/>
58772	<pb/>
58807	<pb/>
58820	<pb/>
58830	<pb/>
58840	<pb/>
58852	<pb/>
58860	<pb/>
58892	<pb/>
58924	<pb/>
58936	<pb/>
58968	<pb/>
58994	<pb/>
59011	<pb/>
59037	<pb/>
59081	<pb/>
59090	<pb/>
59101	<pb/>
59135	<pb/>
59184	<pb/>
59204	<pb/>
59209	<pb/>
59217	<pb/>
59233	<pb/>
59245	<pb/>
59257	<pb/>
59274	<pb/>
59312	<pb/>
59332	<pb/>
59345	<pb/>
59376	<pb/>
59393	<pb/>
59401	<pb/>
59406	<pb/>
59410	<pb/>
59426	<pb/>
59440	<pb/>
59459	<pb/>
59480	<pb/>
59489	<pb/>
59505	<pb/>
59517	<pb/>
59530	<pb/>
59543	<pb/>
59551	<pb/>
59561	<pb/>
59570	<pb/>
59580	<pb/>
59606	<pb/>
59613	<pb/>
59616	<pb/>
59633	<pb/>
59650	<pb/>
59656	<pb/>
59675	<pb/>
59690	<pb/>
59703	<pb/>
59710	<pb/>
59722	<pb/>
59734	<pb/>
59740	<pb/>
59748	<pb/>
59761	<pb/>
59766	<pb/>
59774	<pb/>
59783	<pb/>
59794	<pb/>
59815	<pb/>
59822	<pb/>
59835	<pb/>
59849	<pb/>
59858	<pb/>
59867	<pb/>
59874	<pb/>
59885	<pb/>
59899	<pb/>
59905	<pb/>
59912	<pb/>
59925	<pb/>
59935	<pb/>
59945	<pb/>
59957	<pb/>
59965	<pb/>
59990	<pb/>
60008	<pb/>
60018	<pb/>
60026	<pb/>
60058	<pb/>
60069	<pb/>
60076	<pb/>
60094	<pb/>
60113	<pb/>
60126	<pb/>
60142	<pb/>
60160	<pb/>
60188	<pb/>
60197	<pb/>
60210	<pb/>
60216	<pb/>
60242	<pb/>
60250	<pb/>
60258	<pb/>
60265	<pb/>
60275	<pb/>
60291	<pb/>
60301	<pb/>
60312	<pb/>
60335	<pb/>
60338	<pb/>
60351	<pb/>
60371	<pb/>
60381	<pb/>
60387	<pb/>
60410	<pb/>
60417	<pb/>
60435	<pb/>
60458	<pb/>
60476	<pb/>
60490	<pb/>
60498	<pb/>
60504	<pb/>
60528	<pb/>
60544	<pb/>
60556	<pb/>
60571	<pb/>
60581	<pb/>
60595	<pb/>
60609	<pb/>
60644	<pb/>
60650	<pb/>
60661	<pb/>
60672	<pb/>
60692	<pb/>
60706	<pb/>
60712	<pb/>
60721	<pb/>
60737	<pb/>
60746	<pb/>
60755	<pb/>
60763	<pb/>
60777	<pb/>
60789	<pb/>
60804	<pb/>
60828	<pb/>
60838	<pb/>
60844	<pb/>
60847	<pb/>
60860	<pb/>
60870	<pb/>
60886	<pb/>
60897	<pb/>
60912	<pb/>
60923	<pb/>
60952	<pb/>
60966	<pb/>
60996	<pb/>
61006	<pb/>
61034	<pb/>
61045	<pb/>
61063	<pb/>
61074	<pb/>
61105	<pb/>
61117	<pb/>
61144	<pb/>
61166	<pb/>
61177	<pb/>
61195	<pb/>
61219	<pb/>
61228	<pb/>
61243	<pb/>
61252	<pb/>
61261	<pb/>
61266	<pb/>
61281	<pb/>
61301	<pb/>
61319	<pb/>
61337	<pb/>
61350	<pb/>
61363	<pb/>
61370	<pb/>
61375	<pb/>
61389	<pb/>
61399	<pb/>
61407	<pb/>
61418	<pb/>
61434	<pb/>
61458	<pb/>
61476	<pb/>
61490	<pb/>
61509	<pb/>
61521	<pb/>
61531	<pb/>
61565	<pb/>
61569	<pb/>
61596	<pb/>
61612	<pb/>
61628	<pb/>
61659	<pb/>
61679	<pb/>
61703	<pb/>
61718	<pb/>
61730	<pb/>
61735	<pb/>
61741	<pb/>
61753	<pb/>
61766	<pb/>
61809	<pb/>
61849	<pb/>
61877	<pb/>
61916	<pb/>
61940	<pb/>
61958	<pb/>
61981	<pb/>
61995	<pb/>
62000	<pb/>
62004	<pb/>
62013	<pb/>
62026	<pb/>
62032	<pb/>
62038	<pb/>
62067	<pb/>
62087	<pb/>
62093	<pb/>
62116	<pb/>
62149	<pb/>
62164	<pb/>
62173	<pb/>
62198	<pb/>
62216	<pb/>
62234	<pb/>
62238	<pb/>
62252	<pb/>
62262	<pb/>
62277	<pb/>
62285	<pb/>
62304	<pb/>
62307	<pb/>
62313	<pb/>
62319	<pb/>
62336	<pb/>
62352	<pb/>
62362	<pb/>
62369	<pb/>
62380	<pb/>
62386	<pb/>
62409	<pb/>
62413	<pb/>
62417	<pb/>
62427	<pb/>
62430	<pb/>
62444	<pb/>
62460	<pb/>
62475	<pb/>
62490	<pb/>
62499	<pb/>
62512	<pb/>
62533	<pb/>
62546	<pb/>
62565	<pb/>
62607	<pb/>
62616	<pb/>
62649	<pb/>
62656	<pb/>
62673	<pb/>
62692	<pb/>
62701	<pb/>
62706	<pb/>
62715	<pb/>
62742	<pb/>
62746	<pb/>
62768	<pb/>
62781	<pb/>
62787	<pb/>
62800	<pb/>
62816	<pb/>
62834	<pb/>
62857	<pb/>
62864	<pb/>
62884	<pb/>
62908	<pb/>
62915	<pb/>
62936	<pb/>
62958	<pb/>
62967	<pb/>
62975	<pb/>
62982	<pb/>
62990	<pb/>
62999	<pb/>
63006	<pb/>
63010	<pb/>
63040	<pb/>
63051	<pb/>
63061	<pb/>
63086	<pb/>
63108	<pb/>
63114	<pb/>
63135	<pb/>
63146	<pb/>
63177	<pb/>
63207	<pb/>
63226	<pb/>
63234	<pb/>
63246	<pb/>
63261	<pb/>
63265	<pb/>
63276	<pb/>
63285	<pb/>
63292	<pb/>
63327	<pb/>
63374	<pb/>
63394	<pb/>
63405	<pb/>
63414	<pb/>
63440	<pb/>
63444	<pb/>
63451	<pb/>
63470	<pb/>
63489	<pb/>
63509	<pb/>
63524	<pb/>
63548	<pb/>
63579	<pb/>
63592	<pb/>
63597	<pb/>
63620	<pb/>
63632	<pb/>
63657	<pb/>
63674	<pb/>
63685	<pb/>
63692	<pb/>
63700	<pb/>
63729	<pb/>
63736	<pb/>
63749	<pb/>
63766	<pb/>
63774	<pb/>
63795	<pb/>
63799	<pb/>
63808	<pb/>
63843	<pb/>
63858	<pb/>
63893	<pb/>
63903	<pb/>
63910	<pb/>
63926	<pb/>
63936	<pb/>
63947	<pb/>
63963	<pb/>
64009	<pb/>
64023	<pb/>
64038	<pb/>
64069	<pb/>
64081	<pb/>
64095	<pb/>
64138	<pb/>
64152	<pb/>
64155	<pb/>
64182	<pb/>
64188	<pb/>
64195	<pb/>
64208	<pb/>
64217	<pb/>
64225	<pb/>
64235	<pb/>
64238	<pb/>
64253	<pb/>
64265	<pb/>
64279	<pb/>
64299	<pb/>
64323	<pb/>
64337	<pb/>
64348	<pb/>
64365	<pb/>
64372	<pb/>
64378	<pb/>
64393	<pb/>
64407	<pb/>
64418	<pb/>
64433	<pb/>
64442	<pb/>
64448	<pb/>
64456	<pb/>
64465	<pb/>
64471	<pb/>
64479	<pb/>
64489	<pb/>
64501	<pb/>
64509	<pb/>
64538	<pb/>
64547	<pb/>
64554	<pb/>
64583	<pb/>
64595	<pb/>
64611	<pb/>
64625	<pb/>
64644	<pb/>
64664	<pb/>
64687	<pb/>
64741	<pb/>
64774	<pb/>
64792	<pb/>
64811	<pb/>
64839	<pb/>
64853	<pb/>
64902	<pb/>
64918	<pb/>
64952	<pb/>
64972	<pb/>
65029	<pb/>
65049	<pb/>
65070	<pb/>
65093	<pb/>
65132	<pb/>
65144	<pb/>
65177	<pb/>
65193	<pb/>
65207	<pb/>
65226	<pb/>
65255	<pb/>
65270	<pb/>
65289	<pb/>
65302	<pb/>
65314	<pb/>
65366	<pb/>
65379	<pb/>
65387	<pb/>
65417	<pb/>
65477	<pb/>
65499	<pb/>
65518	<pb/>
65537	<pb/>
65547	<pb/>
65553	<pb/>
65611	<pb/>
65631	<pb/>
65666	<pb/>
65677	<pb/>
65705	<pb/>
65744	<pb/>
65755	<pb/>
65779	<pb/>
65809	<pb/>
65830	<pb/>
65848	<pb/>
65874	<pb/>
65895	<pb/>
65911	<pb/>
65928	<pb/>
65945	<pb/>
65959	<pb/>
65987	<pb/>
66017	<pb/>
66028	<pb/>
66043	<pb/>
66087	<pb/>
66099	<pb/>
66108	<pb/>
66131	<pb/>
66139	<pb/>
66167	<pb/>
66204	<pb/>
66225	<pb/>
66252	<pb/>
66281	<pb/>
66310	<pb/>
66340	<pb/>
66353	<pb/>
66369	<pb/>
66416	<pb/>
66432	<pb/>
66441	<pb/>
66456	<pb/>
66473	<pb/>
66504	<pb/>
66524	<pb/>
66575	<pb/>
66591	<pb/>
66641	<pb/>
66699	<pb/>
66714	<pb/>
66739	<pb/>
66764	<pb/>
66776	<pb/>
66792	<pb/>
66809	<pb/>
66828	<pb/>
66843	<pb/>
66875	<pb/>
66897	<pb/>
66912	<pb/>
66929	<pb/>
66996	<pb/>
67032	<pb/>
67075	<pb/>
67099	<pb/>
67124	<pb/>
67144	<pb/>
67151	<pb/>
67171	<pb/>
67179	<pb/>
67210	<pb/>
67241	<pb/>
67267	<pb/>
67278	<pb/>
67288	<pb/>
67294	<pb/>
67303	<pb/>
67311	<pb/>
67320	<pb/>
67335	<pb/>
67347	<pb/>
67352	<pb/>
67379	<pb/>
67388	<pb/>
67402	<pb/>
67416	<pb/>
67430	<pb/>
67438	<pb/>
67450	<pb/>
67484	<pb/>
67503	<pb/>
67532	<pb/>
67561	<pb/>
67572	<pb/>
67597	<pb/>
67607	<pb/>
67631	<pb/>
67652	<pb/>
67675	<pb/>
67693	<pb/>
67700	<pb/>
67733	<pb/>
67746	<pb/>
67759	<pb/>
67777	<pb/>
67796	<pb/>
67804	<pb/>
67839	<pb/>
67868	<pb/>
67892	<pb/>
67931	<pb/>
67949	<pb/>
67964	<pb/>
67981	<pb/>
68006	<pb/>
68026	<pb/>
68044	<pb/>
68054	<pb/>
68096	<pb/>
68119	<pb/>
68133	<pb/>
68167	<pb/>
68182	<pb/>
68242	<pb/>
68259	<pb/>
68267	<pb/>
68275	<pb/>
68317	<pb/>
68325	<pb/>
68370	<pb/>
68391	<pb/>
68413	<pb/>
68418	<pb/>
68439	<pb/>
68448	<pb/>
68483	<pb/>
68502	<pb/>
68514	<pb/>
68531	<pb/>
68552	<pb/>
68579	<pb/>
68611	<pb/>
68629	<pb/>
68648	<pb/>
68662	<pb/>
68676	<pb/>
68694	<pb/>
68707	<pb/>
68725	<pb/>
68744	<pb/>
68771	<pb/>
68788	<pb/>
68805	<pb/>
68812	<pb/>
68832	<pb/>
68839	<pb/>
68859	<pb/>
68878	<pb/>
68885	<pb/>
68914	<pb/>
68934	<pb/>
68954	<pb/>
69026	<pb/>
69045	<pb/>
69076	<pb/>
69094	<pb/>
69099	<pb/>
69163	<pb/>
69168	<pb/>
69190	<pb/>
69202	<pb/>
69209	<pb/>
69229	<pb/>
69237	<pb/>
69263	<pb/>
69276	<pb/>
69312	<pb/>
69331	<pb/>
69344	<pb/>
69357	<pb/>
69371	<pb/>
69375	<pb/>
69382	<pb/>
69396	<pb/>
69409	<pb/>
69421	<pb/>
69438	<pb/>
69458	<pb/>
69478	<pb/>
69494	<pb/>
69502	<pb/>
69540	<pb/>
69551	<pb/>
69572	<pb/>
69592	<pb/>
69621	<pb/>
69638	<pb/>
69648	<pb/>
69681	<pb/>
69703	<pb/>
69723	<pb/>
69743	<pb/>
69753	<pb/>
69772	<pb/>
69791	<pb/>
69815	<pb/>
69818	<pb/>
69853	<pb/>
69865	<pb/>
69882	<pb/>
69894	<pb/>
69902	<pb/>
69950	<pb/>
69971	<pb/>
69988	<pb/>
70008	<pb/>
70028	<pb/>
70052	<pb/>
70069	<pb/>
70109	<pb/>
70140	<pb/>
70145	<pb/>
70153	<pb/>
70168	<pb/>
70183	<pb/>
70196	<pb/>
70202	<pb/>
70213	<pb/>
70230	<pb/>
70236	<pb/>
70257	<pb/>
70274	<pb/>
70307	<pb/>
70345	<pb/>
70381	<pb/>
70399	<pb/>
70423	<pb/>
70454	<pb/>
70472	<pb/>
70482	<pb/>
70489	<pb/>
70501	<pb/>
70515	<pb/>
70523	<pb/>
70532	<pb/>
70564	<pb/>
70586	<pb/>
70591	<pb/>
70604	<pb/>
70632	<pb/>
70646	<pb/>
70662	<pb/>
70676	<pb/>
70679	<pb/>
70694	<pb/>
70706	<pb/>
70715	<pb/>
70724	<pb/>
70730	<pb/>
70755	<pb/>
70785	<pb/>
70804	<pb/>
70815	<pb/>
70831	<pb/>
70844	<pb/>
70855	<pb/>
70909	<pb/>
70920	<pb/>
70936	<pb/>
70949	<pb/>
70960	<pb/>
70987	<pb/>
71005	<pb/>
71011	<pb/>
71050	<pb/>
71060	<pb/>
71073	<pb/>
71087	<pb/>
71100	<pb/>
71141	<pb/>
71169	<pb/>
71187	<pb/>
71221	<pb/>
71225	<pb/>
71241	<pb/>
71248	<pb/>
71262	<pb/>
71278	<pb/>
71290	<pb/>
71313	<pb/>
71323	<pb/>
71328	<pb/>
71334	<pb/>
71377	<pb/>
71387	<pb/>
71395	<pb/>
71405	<pb/>
71421	<pb/>
71449	<pb/>
71514	<pb/>
71534	<pb/>
71569	<pb/>
71589	<pb/>
71606	<pb/>
71624	<pb/>
71645	<pb/>
71654	<pb/>
71676	<pb/>
71685	<pb/>
71691	<pb/>
71712	<pb/>
71734	<pb/>
71768	<pb/>
71789	<pb/>
71800	<pb/>
71814	<pb/>
71829	<pb/>
71841	<pb/>
71858	<pb/>
71867	<pb/>
71883	<pb/>
71920	<pb/>
71939	<pb/>
71957	<pb/>
71982	<pb/>
72002	<pb/>
72028	<pb/>
72050	<pb/>
72065	<pb/>
72115	<pb/>
72121	<pb/>
72132	<pb/>
72154	<pb/>
72165	<pb/>
72188	<pb/>
72218	<pb/>
72235	<pb/>
72242	<pb/>
72278	<pb/>
72299	<pb/>
72327	<pb/>
72338	<pb/>
72350	<pb/>
72358	<pb/>
72370	<pb/>
72373	<pb/>
72383	<pb/>
72401	<pb/>
72434	<pb/>
72465	<pb/>
72485	<pb/>
72497	<pb/>
72519	<pb/>
72525	<pb/>
72530	<pb/>
72537	<pb/>
72542	<pb/>
72548	<pb/>
72572	<pb/>
72578	<pb/>
72593	<pb/>
72613	<pb/>
72619	<pb/>
72644	<pb/>
72660	<pb/>
72669	<pb/>
72687	<pb/>
72695	<pb/>
72710	<pb/>
72741	<pb/>
72766	<pb/>
72776	<pb/>
72806	<pb/>
72811	<pb/>
72836	<pb/>
72847	<pb/>
72866	<pb/>
72898	<pb/>
72914	<pb/>
72926	<pb/>
72939	<pb/>
72952	<pb/>
72960	<pb/>
72981	<pb/>
73009	<pb/>
73017	<pb/>
73025	<pb/>
73078	<pb/>
73087	<pb/>
73105	<pb/>
73134	<pb/>
73160	<pb/>
73188	<pb/>
73207	<pb/>
73239	<pb/>
73254	<pb/>
73282	<pb/>
73318	<pb/>
73339	<pb/>
73351	<pb/>
73379	<pb/>
73408	<pb/>
73441	<pb/>
73454	<pb/>
73481	<pb/>
73495	<pb/>
73510	<pb/>
73527	<pb/>
73543	<pb/>
73563	<pb/>
73582	<pb/>
73592	<pb/>
73621	<pb/>
73641	<pb/>
73666	<pb/>
73680	<pb/>
73723	<pb/>
73756	<pb/>
73773	<pb/>
73797	<pb/>
73801	<pb/>
73821	<pb/>
73859	<pb/>
73881	<pb/>
73925	<pb/>
73945	<pb/>
73956	<pb/>
73978	<pb/>
73988	<pb/>
73997	<pb/>
74037	<pb/>
74053	<pb/>
74070	<pb/>
74086	<pb/>
74106	<pb/>
74114	<pb/>
74134	<pb/>
74169	<pb/>
74194	<pb/>
74216	<pb/>
74237	<pb/>
74249	<pb/>
74284	<pb/>
74312	<pb/>
74334	<pb/>
74347	<pb/>
74370	<pb/>
74382	<pb/>
74396	<pb/>
74451	<pb/>
74482	<pb/>
74500	<pb/>
74557	<pb/>
74603	<pb/>
74615	<pb/>
74646	<pb/>
74647	<pb/>
74648	<pb/>
74662	<pb/>
74668	<pb/>
74684	<pb/>
74697	<pb/>
74715	<pb/>
74740	<pb/>
74750	<pb/>
74769	<pb/>
74786	<pb/>
74809	<pb/>
74817	<pb/>
74841	<pb/>
74870	<pb/>
74890	<pb/>
74903	<pb/>
74921	<pb/>
74938	<pb/>
74945	<pb/>
74967	<pb/>
74985	<pb/>
75009	<pb/>
75018	<pb/>
75039	<pb/>
75063	<pb/>
75085	<pb/>
75088	<pb/>
75110	<pb/>
75132	<pb/>
75138	<pb/>
75155	<pb/>
75160	<pb/>
75212	<pb/>
75259	<pb/>
75275	<pb/>
75297	<pb/>
75319	<pb/>
75334	<pb/>
75359	<pb/>
75374	<pb/>
75388	<pb/>
75423	<pb/>
75436	<pb/>
75458	<pb/>
75486	<pb/>
75495	<pb/>
75512	<pb/>
75528	<pb/>
75543	<pb/>
75585	<pb/>
75609	<pb/>
75636	<pb/>
75661	<pb/>
75674	<pb/>
75695	<pb/>
75718	<pb/>
75742	<pb/>
75758	<pb/>
75786	<pb/>
75799	<pb/>
75808	<pb/>
75832	<pb/>
75851	<pb/>
75941	<pb/>
75959	<pb/>
75976	<pb/>
75991	<pb/>
75999	<pb/>
76037	<pb/>
76078	<pb/>
76099	<pb/>
76121	<pb/>
76160	<pb/>
76176	<pb/>
76183	<pb/>
76203	<pb/>
76212	<pb/>
76258	<pb/>
76271	<pb/>
76295	<pb/>
76322	<pb/>
76342	<pb/>
76362	<pb/>
76400	<pb/>
76413	<pb/>
76443	<pb/>
76492	<pb/>
76498	<pb/>
76508	<pb/>
76514	<pb/>
76542	<pb/>
76558	<pb/>
76582	<pb/>
76610	<pb/>
76628	<pb/>
76652	<pb/>
76675	<pb/>
76713	<pb/>
76743	<pb/>
76754	<pb/>
76760	<pb/>
76767	<pb/>
76789	<pb/>
76798	<pb/>
76816	<pb/>
76823	<pb/>
76840	<pb/>
76865	<pb/>
76886	<pb/>
76923	<pb/>
76952	<pb/>
76962	<pb/>
76981	<pb/>
77008	<pb/>
77034	<pb/>
77045	<pb/>
77057	<pb/>
77067	<pb/>
77077	<pb/>
77107	<pb/>
77125	<pb/>
77137	<pb/>
77201	<pb/>
77238	<pb/>
77250	<pb/>
77269	<pb/>
77281	<pb/>
77299	<pb/>
77318	<pb/>
77328	<pb/>
77338	<pb/>
77357	<pb/>
77384	<pb/>
77397	<pb/>
77409	<pb/>
77439	<pb/>
77460	<pb/>
77466	<pb/>
77484	<pb/>
77519	<pb/>
77540	<pb/>
77547	<pb/>
77571	<pb/>
77595	<pb/>
77605	<pb/>
77634	<pb/>
77652	<pb/>
77668	<pb/>
77677	<pb/>
77699	<pb/>
77730	<pb/>
77758	<pb/>
77770	<pb/>
77813	<pb/>
77845	<pb/>
77879	<pb/>
77908	<pb/>
77927	<pb/>
77953	<pb/>
77980	<pb/>
78010	<pb/>
78025	<pb/>
78049	<pb/>
78056	<pb/>
78071	<pb/>
78097	<pb/>
78108	<pb/>
78136	<pb/>
78142	<pb/>
78164	<pb/>
78172	<pb/>
78195	<pb/>
78214	<pb/>
78255	<pb/>
78274	<pb/>
78296	<pb/>
78303	<pb/>
78357	<pb/>
78373	<pb/>
78403	<pb/>
78414	<pb/>
78423	<pb/>
78441	<pb/>
78451	<pb/>
78466	<pb/>
78484	<pb/>
78509	<pb/>
78534	<pb/>
78537	<pb/>
78541	<pb/>
78547	<pb/>
78555	<pb/>
78585	<pb/>
78604	<pb/>
78636	<pb/>
78699	<pb/>
78719	<pb/>
78743	<pb/>
78766	<pb/>
78778	<pb/>
78797	<pb/>
78805	<pb/>
78821	<pb/>
78847	<pb/>
78865	<pb/>
78892	<pb/>
78917	<pb/>
78931	<pb/>
78940	<pb/>
78951	<pb/>
78962	<pb/>
79045	<pb/>
79079	<pb/>
79085	<pb/>
79097	<pb/>
79114	<pb/>
79119	<pb/>
79138	<pb/>
79156	<pb/>
79180	<pb/>
79187	<pb/>
79223	<pb/>
79227	<pb/>
79238	<pb/>
79273	<pb/>
79291	<pb/>
79313	<pb/>
79325	<pb/>
79349	<pb/>
79382	<pb/>
79403	<pb/>
79421	<pb/>
79432	<pb/>
79436	<pb/>
79447	<pb/>
79455	<pb/>
79464	<pb/>
79478	<pb/>
79509	<pb/>
79529	<pb/>
79541	<pb/>
79567	<pb/>
79576	<pb/>
79596	<pb/>
79628	<pb/>
79658	<pb/>
79687	<pb/>
79714	<pb/>
79739	<pb/>
79758	<pb/>
79785	<pb/>
79817	<pb/>
79835	<pb/>
79855	<pb/>
79882	<pb/>
79900	<pb/>
79924	<pb/>
79957	<pb/>
79972	<pb/>
80015	<pb/>
80022	<pb/>
80043	<pb/>
80057	<pb/>
80073	<pb/>
80094	<pb/>
80111	<pb/>
80140	<pb/>
80170	<pb/>
80192	<pb/>
80225	<pb/>
80240	<pb/>
80284	<pb/>
80293	<pb/>
80364	<pb/>
80409	<pb/>
80425	<pb/>
80452	<pb/>
80470	<pb/>
80501	<pb/>
80538	<pb/>
80564	<pb/>
80600	<pb/>
80607	<pb/>
80628	<pb/>
80673	<pb/>
80689	<pb/>
80705	<pb/>
80728	<pb/>
80766	<pb/>
80788	<pb/>
80802	<pb/>
80810	<pb/>
80836	<pb/>
80838	<pb/>
80851	<pb/>
80866	<pb/>
80934	<pb/>
80982	<pb/>
80999	<pb/>
81019	<pb/>
81030	<pb/>
81034	<pb/>
81068	<pb/>
81102	<pb/>
81127	<pb/>
81145	<pb/>
81158	<pb/>
81169	<pb/>
81209	<pb/>
81247	<pb/>
81276	<pb/>
81283	<pb/>
81293	<pb/>
81388	<pb/>
81413	<pb/>
81419	<pb/>
81429	<pb/>
81437	<pb/>
81500	<pb/>
81538	<pb/>
81548	<pb/>
81595	<pb/>
81614	<pb/>
81653	<pb/>
81658	<pb/>
81661	<pb/>
81673	<pb/>
81706	<pb/>
81737	<pb/>
81751	<pb/>
81773	<pb/>
81792	<pb/>
81812	<pb/>
81838	<pb/>
81852	<pb/>
81889	<pb/>
81935	<pb/>
81950	<pb/>
81979	<pb/>
81991	<pb/>
82003	<pb/>
82015	<pb/>
82046	<pb/>
82063	<pb/>
82084	<pb/>
82115	<pb/>
82131	<pb/>
82164	<pb/>
82179	<pb/>
82186	<pb/>
82207	<pb/>
82221	<pb/>
82237	<pb/>
82278	<pb/>
82290	<pb/>
82311	<pb/>
82331	<pb/>
82346	<pb/>
82354	<pb/>
82365	<pb/>
82377	<pb/>
82399	<pb/>
82423	<pb/>
82445	<pb/>
82458	<pb/>
82495	<pb/>
82503	<pb/>
82512	<pb/>
82536	<pb/>
82557	<pb/>
82588	<pb/>
82600	<pb/>
82610	<pb/>
82627	<pb/>
82649	<pb/>
82673	<pb/>
82701	<pb/>
82715	<pb/>
82727	<pb/>
82746	<pb/>
82752	<pb/>
82778	<pb/>
82794	<pb/>
82806	<pb/>
82847	<pb/>
82862	<pb/>
82882	<pb/>
82908	<pb/>
82927	<pb/>
82963	<pb/>
82972	<pb/>
83019	<pb/>
83053	<pb/>
83069	<pb/>
83100	<pb/>
83181	<pb/>
83193	<pb/>
83214	<pb/>
83256	<pb/>
83285	<pb/>
83315	<pb/>
83325	<pb/>
83336	<pb/>
83355	<pb/>
83373	<pb/>
83400	<pb/>
83405	<pb/>
83428	<pb/>
83450	<pb/>
83472	<pb/>
83517	<pb/>
83526	<pb/>
83574	<pb/>
83620	<pb/>
83643	<pb/>
83651	<pb/>
83665	<pb/>
83680	<pb/>
83724	<pb/>
83750	<pb/>
83779	<pb/>
83811	<pb/>
83818	<pb/>
83833	<pb/>
83847	<pb/>
83866	<pb/>
83907	<pb/>
83963	<pb/>
83968	<pb/>
83973	<pb/>
83978	<pb/>
83990	<pb/>
84003	<pb/>
84020	<pb/>
84036	<pb/>
84053	<pb/>
84092	<pb/>
84104	<pb/>
84108	<pb/>
84117	<pb/>
84122	<pb/>
84131	<pb/>
84133	<pb/>
84157	<pb/>
84167	<pb/>
84175	<pb/>
84178	<pb/>
84180	<pb/>
84187	<pb/>
84208	<pb/>
84231	<pb/>
84234	<pb/>
84264	<pb/>
84268	<pb/>
84276	<pb/>
84298	<pb/>
84316	<pb/>
84324	<pb/>
84348	<pb/>
84363	<pb/>
84388	<pb/>
84392	<pb/>
84413	<pb/>
84461	<pb/>
84466	<pb/>
84471	<pb/>
84476	<pb/>
84484	<pb/>
84489	<pb/>
84492	<pb/>
84509	<pb/>
84515	<pb/>
84520	<pb/>
84530	<pb/>
84538	<pb/>
84542	<pb/>
84547	<pb/>
84557	<pb/>
84569	<pb/>
84611	<pb/>
84619	<pb/>
84631	<pb/>
84640	<pb/>
84643	<pb/>
84649	<pb/>
84655	<pb/>
84706	<pb/>
84727	<pb/>
84740	<pb/>
84745	<pb/>
84752	<pb/>
84808	<pb/>
84829	<pb/>
84875	<pb/>
84880	<pb/>
84919	<pb/>
84957	<pb/>
84980	<pb/>
85001	<pb/>
85013	<pb/>
85019	<pb/>
85028	<pb/>
85046	<pb/>
85061	<pb/>
85082	<pb/>
85103	<pb/>
85147	<pb/>
85171	<pb/>
85180	<pb/>
85210	<pb/>
85218	<pb/>
85234	<pb/>
85267	<pb/>
85289	<pb/>
85312	<pb/>
85319	<pb/>
85351	<pb/>
85354	<pb/>
85361	<pb/>
85363	<pb/>
85372	<pb/>
85385	<pb/>
85412	<pb/>
85426	<pb/>
85446	<pb/>
85453	<pb/>
85463	<pb/>
85475	<pb/>
85488	<pb/>
85505	<pb/>
85547	<pb/>
85560	<pb/>
85562	<pb/>
85571	<pb/>
85573	<pb/>
85594	<pb/>
85620	<pb/>
85628	<pb/>
85654	<pb/>
85664	<pb/>
85673	<pb/>
85678	<pb/>
85699	<pb/>
85718	<pb/>
85735	<pb/>
85744	<pb/>
85755	<pb/>
85766	<pb/>
85784	<pb/>
85810	<pb/>
85834	<pb/>
85854	<pb/>
85857	<pb/>
85860	<pb/>
85862	<pb/>
85884	<pb/>
85897	<pb/>
85902	<pb/>
85908	<pb/>
85929	<pb/>
85943	<pb/>
85956	<pb/>
85962	<pb/>
85964	<pb/>
85986	<pb/>
85993	<pb/>
86001	<pb/>
86006	<pb/>
86017	<pb/>
86029	<pb/>
86041	<pb/>
86055	<pb/>
86066	<pb/>
86079	<pb/>
86096	<pb/>
86111	<pb/>
86149	<pb/>
86152	<pb/>
86161	<pb/>
86170	<pb/>
86185	<pb/>
86193	<pb/>
86213	<pb/>
86259	<pb/>
86275	<pb/>
86289	<pb/>
86307	<pb/>
86316	<pb/>
86331	<pb/>
86342	<pb/>
86359	<pb/>
86391	<pb/>
86403	<pb/>
86419	<pb/>
86428	<pb/>
86446	<pb/>
86457	<pb/>
86462	<pb/>
86473	<pb/>
86490	<pb/>
86502	<pb/>
86536	<pb/>
86548	<pb/>
86572	<pb/>
86576	<pb/>
86582	<pb/>
86587	<pb/>
86596	<pb/>
86605	<pb/>
86620	<pb/>
86637	<pb/>
86690	<pb/>
86695	<pb/>
86703	<pb/>
86725	<pb/>
86730	<pb/>
86733	<pb/>
86736	<pb/>
86754	<pb/>
86788	<pb/>
86797	<pb/>
86837	<pb/>
86862	<pb/>
86912	<pb/>
86922	<pb/>
86931	<pb/>
86952	<pb/>
86971	<pb/>
86986	<pb/>
87000	<pb/>
87032	<pb/>
87041	<pb/>
87044	<pb/>
87049	<pb/>
87051	<pb/>
87064	<pb/>
87076	<pb/>
87105	<pb/>
87114	<pb/>
87127	<pb/>
87137	<pb/>
87147	<pb/>
87169	<pb/>
87218	<pb/>
87236	<pb/>
87253	<pb/>
87274	<pb/>
87284	<pb/>
87304	<pb/>
87307	<pb/>
87320	<pb/>
87329	<pb/>
87339	<pb/>
87362	<pb/>
87379	<pb/>
87390	<pb/>
87407	<pb/>
87416	<pb/>
87432	<pb/>
87454	<pb/>
87466	<pb/>
87514	<pb/>
87524	<pb/>
87535	<pb/>
87554	<pb/>
87563	<pb/>
87570	<pb/>
87576	<pb/>
87581	<pb/>
87587	<pb/>
87597	<pb/>
87603	<pb/>
87612	<pb/>
87623	<pb/>
87628	<pb/>
87646	<pb/>
87652	<pb/>
87666	<pb/>
87683	<pb/>
87700	<pb/>
87709	<pb/>
87711	<pb/>
87721	<pb/>
87730	<pb/>
87763	<pb/>
87769	<pb/>
87779	<pb/>
87791	<pb/>
87803	<pb/>
87815	<pb/>
87840	<pb/>
87873	<pb/>
87879	<pb/>
87881	<pb/>
87893	<pb/>
87911	<pb/>
87916	<pb/>
87939	<pb/>
87954	<pb/>
87962	<pb/>
87970	<pb/>
87996	<pb/>
88008	<pb/>
88015	<pb/>
88024	<pb/>
88029	<pb/>
88042	<pb/>
88048	<pb/>
88066	<pb/>
88074	<pb/>
88082	<pb/>
88107	<pb/>
88140	<pb/>
88151	<pb/>
88163	<pb/>
88178	<pb/>
88187	<pb/>
88213	<pb/>
88225	<pb/>
88243	<pb/>
88248	<pb/>
88253	<pb/>
88260	<pb/>
88271	<pb/>
88278	<pb/>
88301	<pb/>
88328	<pb/>
88359	<pb/>
88390	<pb/>
88436	<pb/>
88439	<pb/>
88445	<pb/>
88481	<pb/>
88488	<pb/>
88494	<pb/>
88507	<pb/>
88512	<pb/>
88517	<pb/>
88522	<pb/>
88531	<pb/>
88548	<pb/>
88556	<pb/>
88560	<pb/>
88570	<pb/>
88582	<pb/>
88587	<pb/>
88602	<pb/>
88618	<pb/>
88630	<pb/>
88636	<pb/>
88644	<pb/>
88652	<pb/>
88658	<pb/>
88664	<pb/>
88675	<pb/>
88688	<pb/>
88702	<pb/>
88726	<pb/>
88734	<pb/>
88741	<pb/>
88769	<pb/>
88776	<pb/>
88781	<pb/>
88802	<pb/>
88809	<pb/>
88821	<pb/>
88838	<pb/>
88852	<pb/>
88862	<pb/>
88872	<pb/>
88892	<pb/>
88899	<pb/>
88905	<pb/>
88913	<pb/>
88924	<pb/>
88930	<pb/>
88936	<pb/>
88945	<pb/>
88956	<pb/>
88965	<pb/>
88978	<pb/>
88988	<pb/>
89001	<pb/>
89008	<pb/>
89016	<pb/>
89023	<pb/>
89040	<pb/>
89047	<pb/>
89051	<pb/>
89063	<pb/>
89083	<pb/>
89095	<pb/>
89105	<pb/>
89111	<pb/>
89130	<pb/>
89144	<pb/>
89157	<pb/>
89165	<pb/>
89176	<pb/>
89195	<pb/>
89205	<pb/>
89213	<pb/>
89223	<pb/>
89231	<pb/>
89245	<pb/>
89255	<pb/>
89262	<pb/>
89273	<pb/>
89294	<pb/>
89327	<pb/>
89340	<pb/>
89377	<pb/>
89386	<pb/>
89400	<pb/>
89414	<pb/>
89418	<pb/>
89443	<pb/>
89465	<pb/>
89509	<pb/>
89520	<pb/>
89587	<pb/>
89596	<pb/>
89637	<pb/>
89645	<pb/>
89661	<pb/>
89667	<pb/>
89682	<pb/>
89696	<pb/>
89707	<pb/>
89763	<pb/>
89772	<pb/>
89813	<pb/>
89850	<pb/>
89862	<pb/>
89869	<pb/>
89892	<pb/>
89899	<pb/>
89911	<pb/>
89917	<pb/>
89922	<pb/>
89927	<pb/>
89936	<pb/>
89944	<pb/>
89953	<pb/>
89965	<pb/>
89976	<pb/>
89993	<pb/>
89998	<pb/>
90005	<pb/>
90027	<pb/>
90051	<pb/>
90058	<pb/>
90075	<pb/>
90089	<pb/>
90098	<pb/>
90113	<pb/>
90123	<pb/>
90133	<pb/>
90144	<pb/>
90155	<pb/>
90198	<pb/>
90210	<pb/>
90278	<pb/>
90294	<pb/>
90329	<pb/>
90344	<pb/>
90364	<pb/>
90367	<pb/>
90378	<pb/>
90398	<pb/>
90404	<pb/>
90411	<pb/>
90430	<pb/>
90448	<pb/>
90461	<pb/>
90463	<pb/>
90465	<pb/>
90470	<pb/>
90478	<pb/>
90514	<pb/>
90556	<pb/>
90574	<pb/>
90624	<pb/>
90652	<pb/>
90670	<pb/>
90684	<pb/>
90728	<pb/>
90748	<pb/>
90784	<pb/>
90808	<pb/>
90816	<pb/>
90826	<pb/>
90842	<pb/>
90855	<pb/>
90894	<pb/>
90915	<pb/>
90926	<pb/>
90934	<pb/>
90939	<pb/>
90954	<pb/>
90962	<pb/>
90971	<pb/>
90985	<pb/>
91000	<pb/>
91004	<pb/>
91008	<pb/>
91018	<pb/>
91026	<pb/>
91039	<pb/>
91057	<pb/>
91066	<pb/>
91082	<pb/>
91087	<pb/>
91100	<pb/>
91137	<pb/>
91146	<pb/>
91160	<pb/>
91174	<pb/>
91185	<pb/>
91195	<pb/>
91198	<pb/>
91214	<pb/>
91225	<pb/>
91235	<pb/>
91246	<pb/>
91251	<pb/>
91279	<pb/>
91290	<pb/>
91300	<pb/>
91313	<pb/>
91317	<pb/>
91332	<pb/>
91356	<pb/>
91365	<pb/>
91394	<pb/>
91398	<pb/>
91404	<pb/>
91413	<pb/>
91416	<pb/>
91418	<pb/>
91421	<pb/>
91430	<pb/>
91450	<pb/>
91459	<pb/>
91464	<pb/>
91469	<pb/>
91489	<pb/>
91495	<pb/>
91504	<pb/>
91536	<pb/>
91542	<pb/>
91572	<pb/>
91581	<pb/>
91611	<pb/>
91613	<pb/>
91624	<pb/>
91643	<pb/>
91661	<pb/>
91717	<pb/>
91722	<pb/>
91731	<pb/>
91742	<pb/>
91749	<pb/>
91767	<pb/>
91796	<pb/>
91822	<pb/>
91828	<pb/>
91833	<pb/>
91839	<pb/>
91845	<pb/>
91862	<pb/>
91871	<pb/>
91882	<pb/>
91889	<pb/>
91902	<pb/>
91906	<pb/>
91921	<pb/>
91930	<pb/>
91942	<pb/>
91947	<pb/>
91952	<pb/>
91960	<pb/>
91969	<pb/>
91971	<pb/>
91994	<pb/>
91998	<pb/>
92017	<pb/>
92024	<pb/>
92033	<pb/>
92042	<pb/>
92050	<pb/>
92064	<pb/>
92078	<pb/>
92087	<pb/>
92096	<pb/>
92098	<pb/>
92109	<pb/>
92117	<pb/>
92125	<pb/>
92128	<pb/>
92146	<pb/>
92168	<pb/>
92171	<pb/>
92179	<pb/>
92188	<pb/>
92203	<pb/>
92217	<pb/>
92227	<pb/>
92240	<pb/>
92270	<pb/>
92278	<pb/>
92286	<pb/>
92299	<pb/>
92312	<pb/>
92323	<pb/>
92352	<pb/>
92360	<pb/>
92375	<pb/>
92392	<pb/>
92410	<pb/>
92421	<pb/>
92427	<pb/>
92437	<pb/>
92444	<pb/>
92452	<pb/>
92460	<pb/>
92474	<pb/>
92481	<pb/>
92484	<pb/>
92486	<pb/>
92490	<pb/>
92492	<pb/>
92505	<pb/>
92514	<pb/>
92516	<pb/>
92519	<pb/>
92527	<pb/>
92543	<pb/>
92545	<pb/>
92549	<pb/>
92559	<pb/>
92576	<pb/>
92591	<pb/>
92593	<pb/>
92596	<pb/>
92599	<pb/>
92602	<pb/>
92608	<pb/>
92615	<pb/>
92626	<pb/>
92634	<pb/>
92671	<pb/>
92678	<pb/>
92683	<pb/>
92693	<pb/>
92706	<pb/>
92727	<pb/>
92738	<pb/>
92760	<pb/>
92779	<pb/>
92782	<pb/>
92813	<pb/>
92828	<pb/>
92837	<pb/>
92850	<pb/>
92866	<pb/>
92875	<pb/>
92882	<pb/>
92892	<pb/>
92902	<pb/>
92921	<pb/>
92967	<pb/>
92973	<pb/>
92991	<pb/>
92998	<pb/>
93008	<pb/>
93020	<pb/>
93043	<pb/>
93057	<pb/>
93072	<pb/>
93092	<pb/>
93095	<pb/>
93098	<pb/>
93104	<pb/>
93112	<pb/>
93121	<pb/>
93131	<pb/>
93139	<pb/>
93146	<pb/>
93165	<pb/>
93175	<pb/>
93180	<pb/>
93189	<pb/>
93200	<pb/>
93212	<pb/>
93222	<pb/>
93228	<pb/>
93233	<pb/>
93251	<pb/>
93264	<pb/>
93273	<pb/>
93291	<pb/>
93310	<pb/>
93323	<pb/>
93329	<pb/>
93349	<pb/>
93356	<pb/>
93360	<pb/>
93367	<pb/>
93374	<pb/>
93379	<pb/>
93385	<pb/>
93401	<pb/>
93413	<pb/>
93438	<pb/>
93453	<pb/>
93461	<pb/>
93469	<pb/>
93479	<pb/>
93494	<pb/>
93498	<pb/>
93514	<pb/>
93527	<pb/>
93541	<pb/>
93589	<pb/>
93595	<pb/>
93601	<pb/>
93615	<pb/>
93630	<pb/>
93647	<pb/>
93660	<pb/>
93673	<pb/>
93684	<pb/>
93701	<pb/>
93708	<pb/>
93715	<pb/>
93738	<pb/>
93745	<pb/>
93748	<pb/>
93752	<pb/>
93765	<pb/>
93776	<pb/>
93792	<pb/>
93797	<pb/>
93806	<pb/>
93809	<pb/>
93818	<pb/>
93835	<pb/>
93843	<pb/>
93851	<pb/>
93855	<pb/>
93859	<pb/>
93865	<pb/>
93871	<pb/>
93879	<pb/>
93899	<pb/>
93918	<pb/>
93954	<pb/>
93964	<pb/>
93977	<pb/>
94004	<pb/>
94010	<pb/>
94024	<pb/>
94047	<pb/>
94059	<pb/>
94072	<pb/>
94080	<pb/>
94087	<pb/>
94096	<pb/>
94115	<pb/>
94125	<pb/>
94138	<pb/>
94151	<pb/>
94162	<pb/>
94182	<pb/>
94186	<pb/>
94193	<pb/>
94220	<pb/>
94236	<pb/>
94251	<pb/>
94267	<pb/>
94282	<pb/>
94309	<pb/>
94319	<pb/>
94330	<pb/>
94333	<pb/>
94335	<pb/>
94339	<pb/>
94379	<pb/>
94407	<pb/>
94426	<pb/>
94448	<pb/>
94463	<pb/>
94477	<pb/>
94488	<pb/>
94495	<pb/>
94506	<pb/>
94515	<pb/>
94526	<pb/>
94533	<pb/>
94542	<pb/>
94556	<pb/>
94579	<pb/>
94587	<pb/>
94595	<pb/>
94609	<pb/>
94619	<pb/>
94663	<pb/>
94678	<pb/>
94703	<pb/>
94727	<pb/>
94737	<pb/>
94758	<pb/>
94780	<pb/>
94788	<pb/>
94794	<pb/>
94809	<pb/>
94819	<pb/>
94827	<pb/>
94849	<pb/>
94886	<pb/>
94912	<pb/>
94928	<pb/>
94937	<pb/>
94961	<pb/>
94964	<pb/>
94967	<pb/>
94970	<pb/>
94973	<pb/>
94978	<pb/>
94982	<pb/>
94985	<pb/>
94991	<pb/>
94998	<pb/>
95017	<pb/>
95045	<pb/>
95066	<pb/>
95101	<pb/>
95109	<pb/>
95113	<pb/>
95123	<pb/>
95131	<pb/>
95140	<pb/>
95152	<pb/>
95159	<pb/>
95171	<pb/>
95181	<pb/>
95195	<pb/>
95206	<pb/>
95222	<pb/>
95232	<pb/>
95237	<pb/>
95242	<pb/>
95252	<pb/>
95269	<pb/>
95297	<pb/>
95319	<pb/>
95330	<pb/>
95345	<pb/>
95350	<pb/>
95361	<pb/>
95379	<pb/>
95394	<pb/>
95401	<pb/>
95415	<pb/>
95418	<pb/>
95457	<pb/>
95467	<pb/>
95475	<pb/>
95494	<pb/>
95509	<pb/>
95531	<pb/>
95552	<pb/>
95574	<pb/>
95613	<pb/>
95617	<pb/>
95630	<pb/>
95634	<pb/>
95650	<pb/>
95664	<pb/>
95674	<pb/>
95682	<pb/>
95699	<pb/>
95707	<pb/>
95725	<pb/>
95732	<pb/>
95750	<pb/>
95763	<pb/>
95777	<pb/>
95782	<pb/>
95794	<pb/>
95801	<pb/>
95832	<pb/>
95870	<pb/>
95886	<pb/>
95893	<pb/>
95901	<pb/>
95920	<pb/>
95952	<pb/>
95962	<pb/>
95980	<pb/>
95989	<pb/>
96027	<pb/>
96035	<pb/>
96050	<pb/>
96057	<pb/>
96071	<pb/>
96080	<pb/>
96090	<pb/>
96104	<pb/>
96110	<pb/>
96120	<pb/>
96140	<pb/>
96154	<pb/>
96159	<pb/>
96166	<pb/>
96180	<pb/>
96203	<pb/>
96211	<pb/>
96221	<pb/>
96227	<pb/>
96242	<pb/>
96252	<pb/>
96262	<pb/>
96264	<pb/>
96269	<pb/>
96279	<pb/>
96283	<pb/>
96294	<pb/>
96303	<pb/>
96322	<pb/>
96336	<pb/>
96357	<pb/>
96363	<pb/>
96375	<pb/>
96386	<pb/>
96392	<pb/>
96398	<pb/>
96404	<pb/>
96410	<pb/>
96416	<pb/>
96422	<pb/>
96429	<pb/>
96446	<pb/>
96457	<pb/>
96468	<pb/>
96483	<pb/>
96496	<pb/>
96515	<pb/>
96519	<pb/>
96534	<pb/>
96544	<pb/>
96557	<pb/>
96591	<pb/>
96605	<pb/>
96620	<pb/>
96644	<pb/>
96662	<pb/>
96682	<pb/>
96698	<pb/>
96708	<pb/>
96718	<pb/>
96733	<pb/>
96752	<pb/>
96759	<pb/>
96769	<pb/>
96786	<pb/>
96791	<pb/>
96806	<pb/>
96833	<pb/>
96840	<pb/>
96845	<pb/>
96877	<pb/>
96901	<pb/>
96905	<pb/>
96911	<pb/>
96925	<pb/>
96930	<pb/>
96935	<pb/>
96941	<pb/>
96949	<pb/>
96951	<pb/>
96958	<pb/>
96967	<pb/>
96996	<pb/>
97008	<pb/>
97070	<pb/>
97079	<pb/>
97096	<pb/>
97114	<pb/>
97141	<pb/>
97199	<pb/>
97233	<pb/>
97272	<pb/>
97305	<pb/>
97313	<pb/>
97330	<pb/>
97346	<pb/>
97375	<pb/>
97383	<pb/>
97395	<pb/>
97421	<pb/>
97438	<pb/>
97454	<pb/>
97466	<pb/>
97482	<pb/>
97507	<pb/>
97532	<pb/>
97547	<pb/>
97572	<pb/>
97579	<pb/>
97594	<pb/>
97599	<pb/>
97624	<pb/>
97660	<pb/>
97710	<pb/>
97715	<pb/>
97739	<pb/>
97743	<pb/>
97755	<pb/>
97771	<pb/>
97795	<pb/>
97805	<pb/>
97834	<pb/>
97842	<pb/>
97884	<pb/>
97899	<pb/>
97913	<pb/>
97925	<pb/>
97954	<pb/>
97959	<pb/>
97980	<pb/>
97993	<pb/>
98002	<pb/>
98008	<pb/>
98014	<pb/>
98035	<pb/>
98075	<pb/>
98117	<pb/>
98157	<pb/>
98177	<pb/>
98215	<pb/>
98237	<pb/>
98248	<pb/>
98282	<pb/>
98302	<pb/>
98321	<pb/>
98346	<pb/>
98355	<pb/>
98376	<pb/>
98396	<pb/>
98419	<pb/>
98434	<pb/>
98469	<pb/>
98479	<pb/>
98504	<pb/>
98512	<pb/>
98523	<pb/>
98546	<pb/>
98553	<pb/>
98588	<pb/>
98597	<pb/>
98607	<pb/>
98614	<pb/>
98620	<pb/>
98662	<pb/>
98672	<pb/>
98678	<pb/>
98693	<pb/>
98718	<pb/>
98722	<pb/>
98726	<pb/>
98802	<pb/>
98836	<pb/>
98847	<pb/>
98857	<pb/>
98867	<pb/>
98871	<pb/>
98883	<pb/>
98895	<pb/>
98902	<pb/>
98927	<pb/>
98959	<pb/>
98978	<pb/>
98980	<pb/>
98986	<pb/>
99003	<pb/>
99013	<pb/>
99024	<pb/>
99044	<pb/>
99057	<pb/>
99124	<pb/>
99134	<pb/>
99144	<pb/>
99151	<pb/>
99175	<pb/>
99183	<pb/>
99211	<pb/>
99214	<pb/>
99260	<pb/>
99280	<pb/>
99287	<pb/>
99325	<pb/>
99381	<pb/>
99408	<pb/>
99424	<pb/>
99445	<pb/>
99450	<pb/>
99466	<pb/>
99485	<pb/>
99498	<pb/>
99532	<pb/>
99545	<pb/>
99572	<pb/>
99630	<pb/>
99641	<pb/>
99663	<pb/>
99679	<pb/>
99697	<pb/>
99734	<pb/>
99777	<pb/>
99803	<pb/>
99820	<pb/>
99837	<pb/>
99871	<pb/>
99894	<pb/>
99929	<pb/>
99973	<pb/>
99981	<pb/>
100006	<pb/>
100026	<pb/>
100081	<pb/>
100085	<pb/>
100103	<pb/>
100136	<pb/>
100154	<pb/>
100171	<pb/>
100182	<pb/>
100194	<pb/>
100217	<pb/>
100236	<pb/>
100273	<pb/>
100279	<pb/>
100292	<pb/>
100298	<pb/>
100302	<pb/>
100317	<pb/>
100344	<pb/>
100370	<pb/>
100377	<pb/>
100395	<pb/>
100411	<pb/>
100429	<pb/>
100439	<pb/>
100448	<pb/>
100466	<pb/>
100472	<pb/>
100475	<pb/>
100495	<pb/>
100505	<pb/>
100516	<pb/>
100536	<pb/>
100544	<pb/>
100558	<pb/>
100574	<pb/>
100581	<pb/>
100588	<pb/>
100609	<pb/>
100616	<pb/>
100627	<pb/>
100630	<pb/>
100633	<pb/>
100637	<pb/>
100640	<pb/>
100644	<pb/>
100656	<pb/>
100674	<pb/>
100715	<pb/>
100729	<pb/>
100734	<pb/>
100740	<pb/>
100748	<pb/>
100765	<pb/>
100792	<pb/>
100794	<pb/>
100804	<pb/>
100831	<pb/>
100862	<pb/>
100876	<pb/>
100886	<pb/>
100907	<pb/>
100924	<pb/>
100934	<pb/>
100948	<pb/>
100964	<pb/>
100978	<pb/>
100984	<pb/>
100986	<pb/>
100989	<pb/>
100995	<pb/>
101005	<pb/>
101022	<pb/>
101039	<pb/>
101044	<pb/>
101055	<pb/>
101075	<pb/>
101085	<pb/>
101091	<pb/>
101097	<pb/>
101103	<pb/>
101113	<pb/>
101119	<pb/>
101123	<pb/>
101132	<pb/>
101137	<pb/>
101142	<pb/>
101150	<pb/>
101176	<pb/>
101204	<pb/>
101209	<pb/>
101218	<pb/>
101259	<pb/>
101269	<pb/>
101284	<pb/>
101293	<pb/>
101302	<pb/>
101306	<pb/>
101315	<pb/>
101341	<pb/>
101352	<pb/>
101361	<pb/>
101367	<pb/>
101391	<pb/>
101410	<pb/>
101415	<pb/>
101420	<pb/>
101440	<pb/>
101470	<pb/>
101515	<pb/>
101548	<pb/>
101579	<pb/>
101590	<pb/>
101599	<pb/>
101614	<pb/>
101628	<pb/>
101667	<pb/>
101719	<pb/>
101734	<pb/>
101747	<pb/>
101758	<pb/>
101768	<pb/>
101780	<pb/>
101802	<pb/>
101815	<pb/>
101819	<pb/>
101841	<pb/>
101851	<pb/>
101885	<pb/>
101908	<pb/>
101967	<pb/>
101978	<pb/>
101991	<pb/>
102013	<pb/>
102027	<pb/>
102057	<pb/>
102104	<pb/>
102118	<pb/>
102120	<pb/>
102130	<pb/>
102139	<pb/>
102141	<pb/>
102150	<pb/>
102172	<pb/>
102178	<pb/>
102187	<pb/>
102200	<pb/>
102216	<pb/>
102219	<pb/>
102224	<pb/>
102231	<pb/>
102259	<pb/>
102269	<pb/>
102291	<pb/>
102300	<pb/>
102309	<pb/>
102328	<pb/>
102344	<pb/>
102358	<pb/>
102399	<pb/>
102403	<pb/>
102411	<pb/>
102421	<pb/>
102440	<pb/>
102463	<pb/>
102472	<pb/>
102480	<pb/>
102484	<pb/>
102501	<pb/>
102512	<pb/>
102520	<pb/>
102522	<pb/>
102536	<pb/>
102554	<pb/>
102569	<pb/>
102581	<pb/>
102589	<pb/>
102600	<pb/>
102607	<pb/>
102622	<pb/>
102630	<pb/>
102642	<pb/>
102668	<pb/>
102681	<pb/>
102709	<pb/>
102729	<pb/>
102735	<pb/>
102742	<pb/>
102777	<pb/>
102785	<pb/>
102793	<pb/>
102803	<pb/>
102806	<pb/>
102838	<pb/>
102843	<pb/>
102855	<pb/>
102861	<pb/>
102872	<pb/>
102898	<pb/>
102913	<pb/>
102924	<pb/>
102940	<pb/>
102959	<pb/>
102964	<pb/>
103005	<pb/>
103030	<pb/>
103038	<pb/>
103052	<pb/>
103077	<pb/>
103086	<pb/>
103091	<pb/>
103099	<pb/>
103111	<pb/>
103124	<pb/>
103134	<pb/>
103142	<pb/>
103157	<pb/>
103159	<pb/>
103166	<pb/>
103173	<pb/>
103179	<pb/>
103189	<pb/>
103199	<pb/>
103209	<pb/>
103215	<pb/>
103221	<pb/>
103227	<pb/>
103241	<pb/>
103257	<pb/>
103268	<pb/>
103278	<pb/>
103291	<pb/>
103302	<pb/>
103310	<pb/>
103352	<pb/>
103373	<pb/>
103386	<pb/>
103392	<pb/>
103399	<pb/>
103422	<pb/>
103433	<pb/>
103443	<pb/>
103462	<pb/>
103468	<pb/>
103479	<pb/>
103484	<pb/>
103516	<pb/>
103522	<pb/>
103528	<pb/>
103545	<pb/>
103553	<pb/>
103570	<pb/>
103587	<pb/>
103609	<pb/>
103619	<pb/>
103636	<pb/>
103653	<pb/>
103666	<pb/>
103684	<pb/>
103696	<pb/>
103762	<pb/>
103828	<pb/>
103858	<pb/>
103898	<pb/>
103998	<pb/>
104039	<pb/>
104067	<pb/>
104104	<pb/>
104134	<pb/>
104191	<pb/>
104198	<pb/>
104206	<pb/>
104213	<pb/>
104232	<pb/>
104277	<pb/>
104294	<pb/>
104353	<pb/>
104378	<pb/>
104429	<pb/>
104534	<pb/>
104616	<pb/>
104630	<pb/>
104716	<pb/>
104753	<pb/>
104789	<pb/>
104803	<pb/>
104823	<pb/>
104837	<pb/>
104848	<pb/>
104864	<pb/>
104879	<pb/>
105003	<pb/>
105057	<pb/>
105116	<pb/>
105131	<pb/>
105135	<pb/>
105147	<pb/>
105166	<pb/>
105188	<pb/>
105203	<pb/>
105219	<pb/>
105234	<pb/>
105265	<pb/>
105291	<pb/>
105315	<pb/>
105333	<pb/>
105338	<pb/>
105347	<pb/>
105369	<pb/>
105392	<pb/>
105406	<pb/>
105421	<pb/>
105440	<pb/>
105452	<pb/>
105500	<pb/>
105525	<pb/>
105540	<pb/>
105589	<pb/>
105602	<pb/>
105633	<pb/>
105654	<pb/>
105668	<pb/>
105689	<pb/>
105701	<pb/>
105724	<pb/>
105740	<pb/>
105799	<pb/>
105827	<pb/>
105839	<pb/>
105885	<pb/>
105904	<pb/>
105945	<pb/>
106016	<pb/>
106055	<pb/>
106069	<pb/>
106082	<pb/>
106102	<pb/>
106114	<pb/>
106202	<pb/>
106215	<pb/>
106258	<pb/>
106306	<pb/>
106321	<pb/>
106347	<pb/>
106349	<pb/>
106363	<pb/>
106414	<pb/>
106423	<pb/>
106433	<pb/>
106438	<pb/>
106457	<pb/>
106466	<pb/>
106501	<pb/>
106583	<pb/>
106641	<pb/>
106672	<pb/>
106686	<pb/>
106726	<pb/>
106755	<pb/>
106771	<pb/>
106815	<pb/>
106832	<pb/>
106841	<pb/>
106857	<pb/>
106877	<pb/>
106892	<pb/>
106913	<pb/>
106946	<pb/>
106951	<pb/>
106969	<pb/>
106981	<pb/>
107014	<pb/>
107021	<pb/>
107032	<pb/>
107042	<pb/>
107068	<pb/>
107077	<pb/>
107102	<pb/>
107113	<pb/>
107190	<pb/>
107208	<pb/>
107214	<pb/>
107238	<pb/>
107243	<pb/>
107254	<pb/>
107261	<pb/>
107274	<pb/>
107312	<pb/>
107351	<pb/>
107366	<pb/>
107376	<pb/>
107404	<pb/>
107408	<pb/>
107411	<pb/>
107417	<pb/>
107420	<pb/>
107439	<pb/>
107459	<pb/>
107484	<pb/>
107497	<pb/>
107505	<pb/>
107524	<pb/>
107537	<pb/>
107543	<pb/>
107557	<pb/>
107563	<pb/>
107570	<pb/>
107610	<pb/>
107624	<pb/>
107629	<pb/>
107643	<pb/>
107660	<pb/>
107674	<pb/>
107680	<pb/>
107686	<pb/>
107698	<pb/>
107708	<pb/>
107728	<pb/>
107736	<pb/>
107838	<pb/>
107980	<pb/>
107999	<pb/>
108056	<pb/>
108123	<pb/>
108180	<pb/>
108246	<pb/>
108302	<pb/>
108310	<pb/>
108336	<pb/>
108361	<pb/>
108450	<pb/>
108493	<pb/>
108506	<pb/>
108534	<pb/>
108578	<pb/>
108634	<pb/>
108651	<pb/>
108659	<pb/>
108672	<pb/>
108687	<pb/>
108728	<pb/>
108744	<pb/>
108789	<pb/>
108815	<pb/>
108824	<pb/>
108835	<pb/>
108852	<pb/>
108855	<pb/>
108883	<pb/>
108905	<pb/>
108914	<pb/>
108924	<pb/>
108937	<pb/>
108947	<pb/>
108968	<pb/>
108989	<pb/>
108993	<pb/>
109003	<pb/>
109021	<pb/>
109058	<pb/>
109067	<pb/>
109082	<pb/>
109127	<pb/>
109132	<pb/>
109162	<pb/>
109174	<pb/>
109199	<pb/>
109216	<pb/>
109225	<pb/>
109238	<pb/>
109261	<pb/>
109274	<pb/>
109280	<pb/>
109284	<pb/>
109288	<pb/>
109303	<pb/>
109307	<pb/>
109386	<pb/>
109418	<pb/>
109452	<pb/>
109498	<pb/>
109535	<pb/>
109570	<pb/>
109609	<pb/>
109637	<pb/>
109646	<pb/>
109663	<pb/>
109710	<pb/>
109744	<pb/>
109811	<pb/>
109819	<pb/>
109840	<pb/>
109857	<pb/>
109879	<pb/>
109888	<pb/>
109928	<pb/>
109935	<pb/>
109951	<pb/>
109976	<pb/>
110032	<pb/>
110071	<pb/>
110089	<pb/>
110135	<pb/>
110164	<pb/>
110174	<pb/>
110235	<pb/>
110246	<pb/>
110265	<pb/>
110283	<pb/>
110296	<pb/>
110327	<pb/>
110347	<pb/>
110367	<pb/>
110431	<pb/>
110437	<pb/>
110444	<pb/>
110470	<pb/>
110491	<pb/>
110514	<pb/>
110519	<pb/>
110530	<pb/>
110540	<pb/>
110585	<pb/>
110596	<pb/>
110623	<pb/>
110626	<pb/>
110642	<pb/>
110660	<pb/>
110667	<pb/>
110676	<pb/>
110694	<pb/>
110724	<pb/>
110731	<pb/>
110735	<pb/>
110742	<pb/>
110752	<pb/>
110761	<pb/>
110777	<pb/>
110788	<pb/>
110841	<pb/>
110946	<pb/>
110995	<pb/>
111042	<pb/>
111089	<pb/>
111099	<pb/>
111112	<pb/>
111127	<pb/>
111184	<pb/>
111211	<pb/>
111254	<pb/>
111271	<pb/>
111307	<pb/>
111334	<pb/>
111339	<pb/>
111352	<pb/>
111365	<pb/>
111383	<pb/>
111410	<pb/>
111443	<pb/>
111458	<pb/>
111475	<pb/>
111486	<pb/>
111504	<pb/>
111510	<pb/>
111528	<pb/>
111537	<pb/>
111552	<pb/>
111557	<pb/>
111569	<pb/>
111571	<pb/>
111581	<pb/>
111601	<pb/>
111613	<pb/>
111643	<pb/>
111677	<pb/>
111733	<pb/>
111758	<pb/>
111780	<pb/>
111800	<pb/>
111824	<pb/>
111842	<pb/>
111887	<pb/>
111918	<pb/>
111937	<pb/>
111955	<pb/>
111976	<pb/>
112022	<pb/>
112029	<pb/>
112041	<pb/>
112058	<pb/>
112073	<pb/>
112076	<pb/>
112083	<pb/>
112117	<pb/>
112130	<pb/>
112140	<pb/>
112158	<pb/>
112177	<pb/>
112186	<pb/>
112195	<pb/>
112207	<pb/>
112224	<pb/>
112233	<pb/>
112254	<pb/>
112262	<pb/>
112280	<pb/>
112342	<pb/>
112362	<pb/>
112369	<pb/>
112374	<pb/>
112397	<pb/>
112404	<pb/>
112422	<pb/>
112426	<pb/>
112446	<pb/>
112455	<pb/>
112472	<pb/>
112484	<pb/>
112501	<pb/>
112520	<pb/>
112525	<pb/>
112544	<pb/>
112551	<pb/>
112570	<pb/>
112575	<pb/>
112581	<pb/>
112598	<pb/>
112628	<pb/>
112632	<pb/>
112646	<pb/>
112667	<pb/>
112680	<pb/>
112687	<pb/>
112704	<pb/>
112718	<pb/>
112733	<pb/>
112746	<pb/>
112757	<pb/>
112777	<pb/>
112785	<pb/>
112788	<pb/>
112802	<pb/>
112815	<pb/>
112829	<pb/>
112851	<pb/>
112861	<pb/>
112873	<pb/>
112877	<pb/>
112927	<pb/>
112935	<pb/>
112946	<pb/>
112953	<pb/>
112976	<pb/>
112996	<pb/>
113003	<pb/>
113032	<pb/>
113103	<pb/>
113147	<pb/>
113168	<pb/>
113172	<pb/>
113189	<pb/>
113201	<pb/>
113262	<pb/>
113282	<pb/>
113296	<pb/>
113375	<pb/>
113401	<pb/>
113417	<pb/>
113428	<pb/>
113443	<pb/>
113469	<pb/>
113481	<pb/>
113489	<pb/>
113519	<pb/>
113525	<pb/>
113536	<pb/>
113547	<pb/>
113555	<pb/>
113558	<pb/>
113566	<pb/>
113593	<pb/>
113612	<pb/>
113615	<pb/>
113620	<pb/>
113624	<pb/>
113629	<pb/>
113638	<pb/>
113653	<pb/>
113666	<pb/>
113671	<pb/>
113703	<pb/>
113729	<pb/>
113754	<pb/>
113774	<pb/>
113793	<pb/>
113804	<pb/>
113845	<pb/>
113855	<pb/>
113889	<pb/>
113892	<pb/>
113918	<pb/>
113940	<pb/>
113945	<pb/>
113957	<pb/>
113998	<pb/>
114009	<pb/>
114021	<pb/>
114052	<pb/>
114080	<pb/>
114101	<pb/>
114122	<pb/>
114136	<pb/>
114169	<pb/>
114182	<pb/>
114193	<pb/>
114203	<pb/>
114234	<pb/>
114239	<pb/>
114262	<pb/>
114273	<pb/>
114278	<pb/>
114294	<pb/>
114301	<pb/>
114313	<pb/>
114319	<pb/>
114331	<pb/>
114334	<pb/>
114358	<pb/>
114383	<pb/>
114391	<pb/>
114401	<pb/>
114405	<pb/>
114418	<pb/>
114424	<pb/>
114428	<pb/>
114481	<pb/>
114493	<pb/>
114528	<pb/>
114575	<pb/>
114602	<pb/>
114616	<pb/>
114621	<pb/>
114642	<pb/>
114646	<pb/>
114662	<pb/>
114679	<pb/>
114687	<pb/>
114699	<pb/>
114733	<pb/>
114738	<pb/>
114764	<pb/>
114792	<pb/>
114856	<pb/>
114865	<pb/>
114868	<pb/>
114891	<pb/>
114912	<pb/>
114969	<pb/>
114972	<pb/>
114986	<pb/>
114993	<pb/>
115009	<pb/>
115026	<pb/>
115043	<pb/>
115054	<pb/>
115070	<pb/>
115076	<pb/>
115082	<pb/>
115087	<pb/>
115116	<pb/>
115128	<pb/>
115175	<pb/>
115194	<pb/>
115220	<pb/>
115267	<pb/>
115287	<pb/>
115318	<pb/>
115327	<pb/>
115337	<pb/>
115354	<pb/>
115361	<pb/>
115367	<pb/>
115380	<pb/>
115395	<pb/>
115411	<pb/>
115421	<pb/>
115494	<pb/>
115508	<pb/>
115521	<pb/>
115537	<pb/>
115578	<pb/>
115583	<pb/>
115598	<pb/>
115614	<pb/>
115619	<pb/>
115633	<pb/>
115644	<pb/>
115665	<pb/>
115678	<pb/>
115688	<pb/>
115742	<pb/>
115753	<pb/>
115770	<pb/>
115787	<pb/>
115797	<pb/>
115805	<pb/>
115830	<pb/>
115855	<pb/>
115865	<pb/>
115886	<pb/>
115893	<pb/>
115905	<pb/>
115947	<pb/>
115956	<pb/>
115980	<pb/>
115990	<pb/>
116017	<pb/>
116034	<pb/>
116045	<pb/>
116081	<pb/>
116125	<pb/>
116155	<pb/>
116191	<pb/>
116223	<pb/>
116227	<pb/>
116236	<pb/>
116241	<pb/>
116251	<pb/>
116264	<pb/>
116272	<pb/>
116287	<pb/>
116307	<pb/>
116334	<pb/>
116355	<pb/>
116365	<pb/>
116404	<pb/>
116417	<pb/>
116424	<pb/>
116444	<pb/>
116461	<pb/>
116492	<pb/>
116512	<pb/>
116527	<pb/>
116545	<pb/>
116562	<pb/>
116609	<pb/>
116624	<pb/>
116689	<pb/>
116698	<pb/>
116717	<pb/>
116731	<pb/>
116762	<pb/>
116793	<pb/>
116828	<pb/>
116835	<pb/>
116874	<pb/>
116912	<pb/>
116926	<pb/>
116949	<pb/>
116978	<pb/>
117003	<pb/>
117009	<pb/>
117024	<pb/>
117093	<pb/>
117158	<pb/>
117171	<pb/>
117214	<pb/>
117224	<pb/>
117236	<pb/>
117260	<pb/>
117292	<pb/>
117302	<pb/>
117316	<pb/>
117333	<pb/>
117358	<pb/>
117370	<pb/>
117396	<pb/>
117436	<pb/>
117461	<pb/>
117481	<pb/>
117525	<pb/>
117547	<pb/>
117580	<pb/>
117591	<pb/>
117599	<pb/>
117660	<pb/>
117672	<pb/>
117728	<pb/>
117767	<pb/>
117793	<pb/>
117807	<pb/>
117814	<pb/>
117821	<pb/>
117832	<pb/>
117853	<pb/>
117900	<pb/>
117908	<pb/>
118000	<pb/>
118040	<pb/>
118086	<pb/>
118112	<pb/>
118120	<pb/>
118132	<pb/>
118139	<pb/>
118184	<pb/>
118198	<pb/>
118213	<pb/>
118232	<pb/>
118255	<pb/>
118280	<pb/>
118295	<pb/>
118328	<pb/>
118373	<pb/>
118380	<pb/>
118388	<pb/>
118426	<pb/>
118454	<pb/>
118461	<pb/>
118474	<pb/>
118493	<pb/>
118520	<pb/>
118529	<pb/>
118537	<pb/>
118587	<pb/>
118642	<pb/>
118652	<pb/>
118679	<pb/>
118707	<pb/>
118719	<pb/>
118746	<pb/>
118761	<pb/>
118768	<pb/>
118794	<pb/>
118815	<pb/>
118825	<pb/>
118838	<pb/>
118849	<pb/>
118866	<pb/>
118878	<pb/>
118887	<pb/>
118893	<pb/>
118908	<pb/>
118935	<pb/>
118950	<pb/>
118978	<pb/>
119005	<pb/>
119023	<pb/>
119044	<pb/>
119057	<pb/>
119075	<pb/>
119102	<pb/>
119127	<pb/>
119135	<pb/>
119154	<pb/>
119163	<pb/>
119167	<pb/>
119199	<pb/>
119205	<pb/>
119216	<pb/>
119232	<pb/>
119248	<pb/>
119269	<pb/>
119305	<pb/>
119320	<pb/>
119337	<pb/>
119352	<pb/>
119361	<pb/>
119374	<pb/>
119378	<pb/>
119424	<pb/>
119431	<pb/>
119442	<pb/>
119454	<pb/>
119487	<pb/>
119509	<pb/>
119559	<pb/>
119577	<pb/>
119585	<pb/>
119605	<pb/>
119616	<pb/>
119619	<pb/>
119625	<pb/>
119632	<pb/>
119647	<pb/>
119668	<pb/>
119690	<pb/>
119713	<pb/>
119737	<pb/>
119786	<pb/>
119806	<pb/>
119833	<pb/>
119844	<pb/>
119856	<pb/>
119897	<pb/>
119902	<pb/>
119920	<pb/>
119943	<pb/>
119958	<pb/>
119974	<pb/>
119981	<pb/>
119984	<pb/>
119995	<pb/>
120008	<pb/>
120024	<pb/>
120027	<pb/>
120030	<pb/>
120055	<pb/>
120075	<pb/>
120086	<pb/>
120092	<pb/>
120106	<pb/>
120118	<pb/>
120139	<pb/>
120154	<pb/>
120165	<pb/>
120175	<pb/>
120193	<pb/>
120206	<pb/>
120234	<pb/>
120248	<pb/>
120257	<pb/>
120308	<pb/>
120323	<pb/>
120336	<pb/>
120345	<pb/>
120351	<pb/>
120356	<pb/>
120371	<pb/>
120389	<pb/>
120403	<pb/>
120422	<pb/>
120428	<pb/>
120437	<pb/>
120457	<pb/>
120479	<pb/>
120502	<pb/>
120511	<pb/>
120529	<pb/>
120536	<pb/>
120546	<pb/>
120556	<pb/>
120568	<pb/>
120573	<pb/>
120596	<pb/>
120610	<pb/>
120614	<pb/>
120629	<pb/>
120636	<pb/>
120655	<pb/>
120695	<pb/>
120720	<pb/>
120737	<pb/>
120762	<pb/>
120777	<pb/>
120832	<pb/>
120836	<pb/>
120856	<pb/>
120861	<pb/>
120872	<pb/>
120882	<pb/>
120898	<pb/>
120909	<pb/>
120922	<pb/>
120931	<pb/>
120940	<pb/>
120951	<pb/>
120962	<pb/>
120975	<pb/>
120981	<pb/>
121014	<pb/>
121026	<pb/>
121035	<pb/>
121052	<pb/>
121069	<pb/>
121076	<pb/>
121078	<pb/>
121084	<pb/>
121098	<pb/>
121112	<pb/>
121128	<pb/>
121163	<pb/>
121174	<pb/>
121191	<pb/>
121207	<pb/>
121218	<pb/>
121222	<pb/>
121237	<pb/>
121258	<pb/>
121279	<pb/>
121289	<pb/>
121295	<pb/>
121326	<pb/>
121356	<pb/>
121374	<pb/>
121382	<pb/>
121389	<pb/>
121402	<pb/>
121412	<pb/>
121417	<pb/>
121423	<pb/>
121434	<pb/>
121452	<pb/>
121463	<pb/>
121474	<pb/>
121493	<pb/>
121502	<pb/>
121509	<pb/>
121521	<pb/>
121525	<pb/>
121532	<pb/>
121535	<pb/>
121542	<pb/>
121555	<pb/>
121567	<pb/>
121579	<pb/>
121595	<pb/>
121599	<pb/>
121609	<pb/>
121621	<pb/>
121627	<pb/>
121634	<pb/>
121639	<pb/>
121650	<pb/>
121656	<pb/>
121660	<pb/>
121673	<pb/>
121683	<pb/>
121693	<pb/>
121701	<pb/>
121756	<pb/>
121763	<pb/>
121768	<pb/>
121778	<pb/>
121790	<pb/>
121800	<pb/>
121822	<pb/>
121826	<pb/>
121852	<pb/>
121858	<pb/>
121865	<pb/>
121869	<pb/>
121872	<pb/>
121880	<pb/>
121897	<pb/>
121910	<pb/>
121918	<pb/>
121925	<pb/>
121941	<pb/>
121945	<pb/>
121961	<pb/>
121978	<pb/>
121993	<pb/>
121998	<pb/>
122001	<pb/>
122022	<pb/>
122035	<pb/>
122041	<pb/>
122052	<pb/>
122057	<pb/>
122079	<pb/>
122094	<pb/>
122126	<pb/>
122153	<pb/>
122158	<pb/>
122211	<pb/>
122247	<pb/>
122271	<pb/>
122307	<pb/>
122334	<pb/>
122353	<pb/>
122386	<pb/>
122465	<pb/>
122495	<pb/>
122522	<pb/>
122531	<pb/>
122565	<pb/>
122598	<pb/>
122618	<pb/>
122624	<pb/>
122651	<pb/>
122690	<pb/>
122705	<pb/>
122731	<pb/>
122754	<pb/>
122768	<pb/>
122783	<pb/>
122794	<pb/>
122812	<pb/>
122824	<pb/>
122842	<pb/>
122860	<pb/>
122871	<pb/>
122883	<pb/>
122903	<pb/>
122907	<pb/>
122923	<pb/>
122951	<pb/>
122985	<pb/>
123019	<pb/>
123044	<pb/>
123072	<pb/>
123104	<pb/>
123121	<pb/>
123131	<pb/>
123138	<pb/>
123190	<pb/>
123223	<pb/>
123255	<pb/>
123291	<pb/>
123321	<pb/>
123364	<pb/>
123381	<pb/>
123386	<pb/>
123392	<pb/>
123405	<pb/>
123410	<pb/>
123462	<pb/>
123495	<pb/>
123513	<pb/>
123553	<pb/>
123567	<pb/>
123579	<pb/>
123596	<pb/>
123616	<pb/>
123644	<pb/>
123654	<pb/>
123658	<pb/>
123673	<pb/>
123698	<pb/>
123700	<pb/>
123728	<pb/>
123759	<pb/>
123782	<pb/>
123793	<pb/>
123798	<pb/>
123804	<pb/>
123825	<pb/>
123839	<pb/>
123886	<pb/>
123936	<pb/>
123955	<pb/>
123971	<pb/>
123982	<pb/>
123989	<pb/>
124007	<pb/>
124022	<pb/>
124054	<pb/>
124068	<pb/>
124090	<pb/>
124134	<pb/>
124172	<pb/>
124188	<pb/>
124215	<pb/>
124228	<pb/>
124235	<pb/>
124247	<pb/>
124344	<pb/>
124363	<pb/>
124387	<pb/>
124439	<pb/>
124450	<pb/>
124465	<pb/>
124489	<pb/>
124496	<pb/>
124523	<pb/>
124542	<pb/>
124560	<pb/>
124594	<pb/>
124633	<pb/>
124662	<pb/>
124684	<pb/>
124705	<pb/>
124727	<pb/>
124751	<pb/>
124782	<pb/>
124797	<pb/>
124863	<pb/>
124879	<pb/>
124892	<pb/>
124902	<pb/>
124925	<pb/>
124948	<pb/>
124962	<pb/>
124978	<pb/>
124988	<pb/>
125012	<pb/>
125030	<pb/>
125058	<pb/>
125073	<pb/>
125093	<pb/>
125109	<pb/>
125117	<pb/>
125129	<pb/>
125149	<pb/>
125161	<pb/>
125181	<pb/>
125196	<pb/>
125203	<pb/>
125215	<pb/>
125228	<pb/>
125237	<pb/>
125261	<pb/>
125278	<pb/>
125293	<pb/>
125320	<pb/>
125332	<pb/>
125340	<pb/>
125347	<pb/>
125354	<pb/>
125362	<pb/>
125380	<pb/>
125389	<pb/>
125432	<pb/>
125451	<pb/>
125472	<pb/>
125480	<pb/>
125489	<pb/>
125498	<pb/>
125508	<pb/>
125529	<pb/>
125543	<pb/>
125554	<pb/>
125563	<pb/>
125571	<pb/>
125579	<pb/>
125597	<pb/>
125610	<pb/>
125617	<pb/>
125636	<pb/>
125659	<pb/>
125679	<pb/>
125694	<pb/>
125705	<pb/>
125707	<pb/>
125718	<pb/>
125728	<pb/>
125740	<pb/>
125755	<pb/>
125770	<pb/>
125785	<pb/>
125792	<pb/>
125801	<pb/>
125805	<pb/>
125815	<pb/>
125829	<pb/>
125842	<pb/>
125857	<pb/>
125866	<pb/>
125879	<pb/>
125908	<pb/>
125920	<pb/>
125925	<pb/>
125937	<pb/>
125945	<pb/>
125959	<pb/>
125966	<pb/>
125986	<pb/>
125999	<pb/>
126008	<pb/>
126038	<pb/>
126050	<pb/>
126082	<pb/>
126112	<pb/>
126134	<pb/>
126147	<pb/>
126161	<pb/>
126182	<pb/>
126189	<pb/>
126215	<pb/>
126232	<pb/>
126252	<pb/>
126257	<pb/>
126268	<pb/>
126273	<pb/>
126288	<pb/>
126300	<pb/>
126322	<pb/>
126334	<pb/>
126359	<pb/>
126385	<pb/>
126397	<pb/>
126401	<pb/>
126417	<pb/>
126435	<pb/>
126449	<pb/>
126469	<pb/>
126482	<pb/>
126502	<pb/>
126528	<pb/>
126555	<pb/>
126562	<pb/>
126576	<pb/>
126593	<pb/>
126610	<pb/>
126634	<pb/>
126652	<pb/>
126664	<pb/>
126681	<pb/>
126693	<pb/>
126711	<pb/>
126721	<pb/>
126734	<pb/>
126746	<pb/>
126766	<pb/>
126791	<pb/>
126803	<pb/>
126825	<pb/>
126846	<pb/>
126853	<pb/>
126864	<pb/>
126882	<pb/>
126901	<pb/>
126919	<pb/>
126940	<pb/>
126944	<pb/>
126950	<pb/>
126960	<pb/>
126984	<pb/>
126998	<pb/>
127014	<pb/>
127025	<pb/>
127033	<pb/>
127039	<pb/>
127077	<pb/>
127098	<pb/>
127115	<pb/>
127134	<pb/>
127145	<pb/>
127157	<pb/>
127172	<pb/>
127179	<pb/>
127190	<pb/>
127204	<pb/>
127217	<pb/>
127238	<pb/>
127249	<pb/>
127275	<pb/>
127284	<pb/>
127294	<pb/>
127307	<pb/>
127322	<pb/>
127336	<pb/>
127362	<pb/>
127372	<pb/>
127383	<pb/>
127387	<pb/>
127395	<pb/>
127409	<pb/>
127428	<pb/>
127436	<pb/>
127442	<pb/>
127448	<pb/>
127457	<pb/>
127469	<pb/>
127482	<pb/>
127492	<pb/>
127494	<pb/>
127498	<pb/>
127503	<pb/>
127520	<pb/>
127527	<pb/>
127550	<pb/>
127580	<pb/>
127648	<pb/>
127662	<pb/>
127686	<pb/>
127704	<pb/>
127725	<pb/>
127765	<pb/>
127809	<pb/>
127828	<pb/>
127844	<pb/>
127859	<pb/>
127867	<pb/>
127896	<pb/>
127920	<pb/>
127962	<pb/>
128003	<pb/>
128023	<pb/>
128031	<pb/>
128073	<pb/>
128109	<pb/>
128132	<pb/>
128134	<pb/>
128155	<pb/>
128187	<pb/>
128233	<pb/>
128242	<pb/>
128265	<pb/>
128333	<pb/>
128344	<pb/>
128354	<pb/>
128385	<pb/>
128398	<pb/>
128431	<pb/>
128438	<pb/>
128458	<pb/>
128488	<pb/>
128500	<pb/>
128511	<pb/>
128522	<pb/>
128539	<pb/>
128551	<pb/>
128561	<pb/>
128578	<pb/>
128586	<pb/>
128598	<pb/>
128624	<pb/>
128629	<pb/>
128645	<pb/>
128656	<pb/>
128666	<pb/>
128676	<pb/>
128684	<pb/>
128694	<pb/>
128732	<pb/>
128758	<pb/>
128767	<pb/>
128769	<pb/>
128785	<pb/>
128795	<pb/>
128822	<pb/>
128830	<pb/>
128850	<pb/>
128876	<pb/>
128900	<pb/>
128914	<pb/>
128934	<pb/>
128941	<pb/>
128962	<pb/>
128991	<pb/>
128999	<pb/>
129042	<pb/>
129052	<pb/>
129060	<pb/>
129073	<pb/>
129085	<pb/>
129105	<pb/>
129115	<pb/>
129131	<pb/>
129152	<pb/>
129185	<pb/>
129195	<pb/>
129203	<pb/>
129224	<pb/>
129254	<pb/>
129271	<pb/>
129288	<pb/>
129316	<pb/>
129318	<pb/>
129327	<pb/>
129379	<pb/>
129389	<pb/>
129397	<pb/>
129413	<pb/>
129423	<pb/>
129428	<pb/>
129444	<pb/>
129503	<pb/>
129510	<pb/>
129514	<pb/>
129521	<pb/>
129543	<pb/>
129567	<pb/>
129577	<pb/>
129610	<pb/>
129614	<pb/>
129643	<pb/>
129669	<pb/>
129679	<pb/>
129703	<pb/>
129719	<pb/>
129748	<pb/>
129765	<pb/>
129789	<pb/>
129870	<pb/>
129888	<pb/>
129906	<pb/>
129926	<pb/>
129940	<pb/>
129949	<pb/>
129969	<pb/>
130006	<pb/>
130018	<pb/>
130049	<pb/>
130097	<pb/>
130147	<pb/>
130197	<pb/>
130203	<pb/>
130209	<pb/>
130232	<pb/>
130255	<pb/>
130268	<pb/>
130295	<pb/>
130308	<pb/>
130325	<pb/>
130351	<pb/>
130365	<pb/>
130386	<pb/>
130410	<pb/>
130435	<pb/>
130461	<pb/>
130491	<pb/>
130554	<pb/>
130587	<pb/>
130626	<pb/>
130659	<pb/>
130709	<pb/>
130725	<pb/>
130787	<pb/>
130825	<pb/>
130843	<pb/>
130902	<pb/>
130922	<pb/>
130929	<pb/>
130954	<pb/>
130981	<pb/>
131024	<pb/>
131038	<pb/>
131053	<pb/>
131086	<pb/>
131103	<pb/>
131122	<pb/>
131131	<pb/>
131144	<pb/>
131148	<pb/>
131161	<pb/>
131178	<pb/>
131183	<pb/>
131193	<pb/>
131219	<pb/>
131224	<pb/>
131247	<pb/>
131255	<pb/>
131273	<pb/>
131278	<pb/>
131311	<pb/>
131343	<pb/>
131348	<pb/>
131367	<pb/>
131395	<pb/>
131415	<pb/>
131445	<pb/>
131457	<pb/>
131467	<pb/>
131491	<pb/>
131550	<pb/>
131570	<pb/>
131578	<pb/>
131589	<pb/>
131594	<pb/>
131601	<pb/>
131606	<pb/>
131641	<pb/>
131663	<pb/>
131672	<pb/>
131676	<pb/>
131696	<pb/>
131715	<pb/>
131740	<pb/>
131755	<pb/>
131767	<pb/>
131839	<pb/>
131879	<pb/>
131902	<pb/>
131912	<pb/>
131920	<pb/>
131937	<pb/>
132019	<pb/>
132053	<pb/>
132064	<pb/>
132085	<pb/>
132106	<pb/>
132114	<pb/>
132130	<pb/>
132152	<pb/>
132178	<pb/>
132192	<pb/>
132208	<pb/>
132225	<pb/>
132235	<pb/>
132271	<pb/>
132294	<pb/>
132317	<pb/>
132344	<pb/>
132370	<pb/>
132399	<pb/>
132410	<pb/>
132424	<pb/>
132459	<pb/>
132464	<pb/>
132471	<pb/>
132476	<pb/>
132503	<pb/>
132548	<pb/>
132592	<pb/>
132613	<pb/>
132625	<pb/>
132661	<pb/>
132703	<pb/>
132720	<pb/>
132733	<pb/>
132746	<pb/>
132769	<pb/>
132786	<pb/>
132805	<pb/>
132837	<pb/>
132881	<pb/>
132905	<pb/>
132915	<pb/>
132935	<pb/>
132952	<pb/>
132985	<pb/>
133003	<pb/>
133028	<pb/>
133056	<pb/>
133063	<pb/>
133090	<pb/>
133111	<pb/>
133126	<pb/>
133143	<pb/>
133176	<pb/>
133192	<pb/>
133215	<pb/>
133239	<pb/>
133266	<pb/>
133271	<pb/>
133278	<pb/>
133287	<pb/>
133296	<pb/>
133314	<pb/>
133324	<pb/>
133346	<pb/>
133364	<pb/>
133399	<pb/>
133427	<pb/>
133486	<pb/>
133490	<pb/>
133502	<pb/>
133509	<pb/>
133542	<pb/>
133569	<pb/>
133585	<pb/>
133603	<pb/>
133613	<pb/>
133621	<pb/>
133640	<pb/>
133642	<pb/>
133701	<pb/>
133725	<pb/>
133788	<pb/>
133822	<pb/>
133838	<pb/>
133855	<pb/>
133872	<pb/>
133900	<pb/>
133933	<pb/>
133950	<pb/>
133966	<pb/>
134008	<pb/>
134035	<pb/>
134057	<pb/>
134082	<pb/>
134117	<pb/>
134143	<pb/>
134153	<pb/>
134180	<pb/>
134219	<pb/>
134244	<pb/>
134274	<pb/>
134298	<pb/>
134310	<pb/>
134331	<pb/>
134341	<pb/>
134355	<pb/>
134370	<pb/>
134373	<pb/>
134403	<pb/>
134405	<pb/>
134422	<pb/>
134432	<pb/>
134440	<pb/>
134466	<pb/>
134478	<pb/>
134514	<pb/>
134528	<pb/>
134543	<pb/>
134567	<pb/>
134594	<pb/>
134598	<pb/>
134615	<pb/>
134625	<pb/>
134635	<pb/>
134647	<pb/>
134672	<pb/>
134687	<pb/>
134706	<pb/>
134714	<pb/>
134726	<pb/>
134744	<pb/>
134794	<pb/>
134801	<pb/>
134817	<pb/>
134868	<pb/>
134885	<pb/>
134891	<pb/>
134899	<pb/>
134921	<pb/>
134939	<pb/>
134969	<pb/>
134975	<pb/>
134987	<pb/>
134991	<pb/>
135008	<pb/>
135029	<pb/>
135052	<pb/>
135065	<pb/>
135091	<pb/>
135110	<pb/>
135139	<pb/>
135168	<pb/>
135186	<pb/>
135206	<pb/>
135271	<pb/>
135314	<pb/>
135328	<pb/>
135336	<pb/>
135365	<pb/>
135391	<pb/>
135442	<pb/>
135527	<pb/>
135554	<pb/>
135602	<pb/>
135636	<pb/>
135674	<pb/>
135696	<pb/>
135723	<pb/>
135811	<pb/>
135866	<pb/>
135880	<pb/>
135903	<pb/>
135927	<pb/>
135952	<pb/>
135972	<pb/>
135988	<pb/>
136002	<pb/>
136012	<pb/>
136020	<pb/>
136049	<pb/>
136073	<pb/>
136109	<pb/>
136125	<pb/>
136146	<pb/>
136161	<pb/>
136178	<pb/>
136236	<pb/>
136264	<pb/>
136294	<pb/>
136307	<pb/>
136334	<pb/>
136353	<pb/>
136395	<pb/>
136402	<pb/>
136451	<pb/>
136460	<pb/>
136471	<pb/>
136476	<pb/>
136487	<pb/>
136509	<pb/>
136552	<pb/>
136570	<pb/>
136579	<pb/>
136610	<pb/>
136635	<pb/>
136651	<pb/>
136659	<pb/>
136673	<pb/>
136701	<pb/>
136713	<pb/>
136723	<pb/>
136740	<pb/>
136762	<pb/>
136784	<pb/>
136839	<pb/>
136842	<pb/>
136853	<pb/>
136864	<pb/>
136868	<pb/>
136879	<pb/>
136891	<pb/>
136904	<pb/>
136940	<pb/>
136973	<pb/>
137003	<pb/>
137013	<pb/>
137037	<pb/>
137056	<pb/>
137074	<pb/>
137095	<pb/>
137107	<pb/>
137117	<pb/>
137128	<pb/>
137142	<pb/>
137157	<pb/>
137167	<pb/>
137205	<pb/>
137220	<pb/>
137230	<pb/>
137249	<pb/>
137276	<pb/>
137284	<pb/>
137295	<pb/>
137308	<pb/>
137319	<pb/>
137343	<pb/>
137361	<pb/>
137393	<pb/>
137399	<pb/>
137429	<pb/>
137457	<pb/>
137488	<pb/>
137492	<pb/>
137502	<pb/>
137509	<pb/>
137525	<pb/>
137550	<pb/>
137567	<pb/>
137587	<pb/>
137603	<pb/>
137619	<pb/>
137642	<pb/>
137663	<pb/>
137675	<pb/>
137689	<pb/>
137697	<pb/>
137702	<pb/>
137712	<pb/>
137724	<pb/>
137742	<pb/>
137777	<pb/>
137784	<pb/>
137788	<pb/>
