1	alpha
2	Aaron
3	Abaddon
4	not burdensome
5	father
6	Abel
7	Abijah
8	Abiathar
9	Abilene
10	Abiud
11	Abraham
12	Abyss
13	Agabus
14	to do good
15	one who does good
16	to do good
17	doing good
18	one who does good
19	good
20	goodness
21	delight
22	to be filled with delight
23	unmarried
24	to be indignant
25	indignation
26	to love
27	love
28	dearly loved one
29	Hagar
30	to force
31	jar
32	message
33	to bring news
34	angel
35	basket
36	herd
37	without genealogy
38	lowly
39	to sanctify
40	holiness
41	holy
42	holiness
43	holiness
44	arm
45	fish-hook
46	anchor
47	unshrunk
48	purity
49	to purify
50	purification
51	to be ignorant
52	sin committed in ignorance
53	ignorance
54	pure
55	purity
56	purely
57	ignorance
58	unknown
59	marketplace
60	to buy
61	marketplace
62	catch
63	unschooled
64	to live outdoors
65	to catch
66	wild olive tree
67	wild
68	Agrippa
69	field
70	to keep awake
71	sleeplessness
72	to bring
73	way of life
74	struggle
75	anguish
76	to fight
77	Adam
78	free of charge
79	Addi
80	sister
81	brother
82	brotherhood
83	not clear
84	uncertainty
85	not manifestly
86	to be troubled
87	Hades
88	impartial
89	constant
90	unceasingly
91	sincerity
92	to do wrong
93	crime
94	wickedness
95	unjust judge
96	unjust
97	unjustly
98	Admin
99	failing the test
100	pure
101	of Adramyttium
102	Adriatic Sea
103	liberal gift
104	to be impossible
105	impossible
106	to sing
107	always
108	eagle
109	unleavened
110	Azor
111	Azotus
112	enmity
113	air
114	immortality
115	immortal
116	unlawful
117	without God
118	lawless
119	to reject
120	setting aside
121	Athens
122	Athenian
123	to compete in a contest
124	contest
125	to assemble together
126	to be discouraged
127	innocent
128	of a goat
129	shore
130	Egyptian
131	Egypt
132	eternal
133	decency
134	Ethiopian
135	blood
136	shedding
137	to be subject to bleeding
138	Aeneas
139	praise
140	to praise
141	poor reflection
142	praise
143	Aenon
144	goat
145	to choose
146	sect
147	to choose
148	divisive
149	to take up
150	to grasp
151	insight
152	sense
153	pursuing dishonest gain
154	in greediness for money
155	filthy language
156	disgraceful
157	obscenity
158	shamefulness
159	to be ashamed
160	to ask
161	request
162	charge
163	charge
164	to charge
165	basis
166	charge
167	sudden
168	captivity
169	to take captive
170	to take captive
171	prisoner
172	eternity
173	eternal
174	impurity
175	uncleanness
176	unclean
177	to have no opportunity
178	out of season
179	blameless
180	thorn
181	of thorns
182	unfruitful
183	not condemned
184	uncovered
185	uncondemned
186	indestructible
187	unceasing
188	never stopping
189	disorder
190	unstable
191	uncontrollable
192	Akeldama
193	innocent
194	be in distress
195	unswerving
196	to flourish
197	still
198	hearing
199	to follow
200	audible
201	to hear
202	lack of self-control
203	without self-control
204	undiluted
205	thoroughness
206	strictest
207	strict
208	to find out exactly
209	accurately
210	locust
211	audience room
212	hearer
213	uncircumcision
214	cornerstone
215	plunder
216	end
217	Aquila
218	to nullify
219	without hinderance
220	not voluntary
221	salt
222	alabaster jar
223	alabaster jar
224	boasting
225	boaster
226	to clang
227	inexpressible
228	mute
229	salt
230	to pour on
231	crowing of a rooster
232	rooster
233	Alexandrian
234	Alexandrian
235	Alexander
236	flour
237	truth
238	to be truthful
239	true
240	true
241	to grind grain
242	truly
243	fisherman
244	to catch fish
245	to salt
246	pollution
247	but
248	to change
249	from another way
250	elsewhere
251	to take figuratively
252	hallelujah
253	one another
254	foreign
255	to change
256	to jump up
257	another
258	meddler
259	belonging to another
260	Gentile
261	otherwise
262	to tread
263	unreasonable
264	aloes
265	salt
266	salt spring
267	free from anxiety
268	chain
269	unadvantageous
270	Alpha
271	Alphaeus
272	threshing floor
273	fox
274	capture
275	together
276	ignorant
277	unfading
278	never fading
279	to sin
280	sin
281	sin
282	without testimony
283	sinful
284	Amaziah
285	peaceable
286	to mow
287	amethyst
288	to neglect
289	blameless
290	blamelessly
291	free from concern
292	unchangeable
293	not moveable
294	without regret
295	unrepentant
296	beyond limits
297	amen
298	without a mother
299	pure
300	Amminadab
301	sand
302	sand
303	lamb
304	repayment
305	misshapen
306	vine
307	one who takes care of a vineyard
308	vineyard
309	Ampliatus
310	to defend
311	to cast a fishnet
312	casting net
313	to clothe
314	to dress
315	Amphipolis
316	street
317	both
318	blameless
319	spice
320	unblemished
321	Amon
322	Amos
323	if â€¦ would
324	each
325	step
326	to go up
327	to adjourn a proceeding
328	to pull up
329	to look up
330	recovery of sight
331	to cry out
332	delay
333	upper room
334	to tell
335	to give new birth
336	to read
337	to compel
338	necessary
339	a must
340	necessity
341	to tell
342	reading
343	to lead up
344	to show
345	public appearance
346	to receive
347	to deliver
348	to become alive again
349	to look for
350	to gird
351	to fan a flame
352	to renew
353	curse
354	to bind with an oath
355	to look carefully at
357	boldness
358	death
359	to kill
360	innocent
361	to sit up
362	to bring back
363	to renew
364	renewal
365	to unveil
366	to return
367	to recline for a meal
368	to bring together under one head
369	to cause to lie down
370	to hinder
371	to cry out
372	to cry out
373	to examine
374	investigation
375	to roll away
376	to straighten up
377	to take up
378	taking up
379	to consume
380	to jump up
381	proportion
382	to consider
383	not salty
384	to destroy
385	departure
386	to depart
387	without sin
388	to wait for
389	to remember
390	reminder
391	to be made new
392	to come to one's senses
393	Ananias
394	undeniable
395	promptly
396	not competent
397	unworthily
398	rest
399	to rest
400	to persuade
401	crippled
402	to send
403	jump up
404	recline
405	to fulfill
406	without excuse
407	to demand
408	to unroll
409	to set on fire
410	countless
411	to stir up
412	to trouble
413	to pull up
414	resurrection
415	to cause trouble
416	to crucify again
417	to sigh deeply
418	to conduct oneself
419	way of life
420	to save
421	to draw up
422	to rise
423	to set before
424	east
425	eastern
426	to overturn
427	to bring up
428	to appear
429	to lead up
430	to exclaim
431	flood
432	to withdraw
433	refreshment
434	to refresh
435	slave trader
436	Andrew
437	to act courageously
438	Andronicus
439	murderer
440	blamelessness
441	blameless
442	indescribable
443	inexpressible
444	not exhaustible
445	bearable
446	ruthless
447	merciless
448	to be moved by the wind
449	wind
450	impossible
451	unsearchable
452	not resentful
453	unsearchable
454	unashamed
455	above reproach
456	to go up
457	rest
458	to question
459	without
460	unsuitable
461	to find
462	to put up with
463	cousin
464	dill
465	to be fitting
466	brutal
467	man
468	to resist
469	to give thanks
470	flower
471	charcoal fire
472	coal
473	one who wins favor
474	human
475	murderer
476	human being
477	to be proconsul
478	proconsul
479	loosen
480	merciless
481	unwashed
482	to get up
483	Anna
484	Annas
485	foolish
486	folly
487	to open
488	to rebuild
489	opening
490	wickedness
491	without law
492	without law
493	useless
494	to restore
495	unholy
496	tolerance
497	to struggle against
498	something given in exchange
499	to fill up
500	to repay
501	repayment
502	reward
503	to talk back
504	to be devoted
505	in exchange for
506	to discuss
507	to oppose
508	enemy
509	opposition
510	to resist
511	to invite in reciprocation
512	to be an opponent
513	opposite of
514	to help
515	to speak against
516	help
517	argument
518	to retaliate
519	ransom
520	to measure in return
521	an exchange
522	Antioch
523	from Antioch
524	to pass by on the opposite side
525	Antipas
526	Antipatris
527	across from
528	to resist
529	to wage war against
530	to oppose
531	copy
532	antichrist
533	to draw
534	container to draw water with
535	to head into
536	arid
537	sincere
538	rebellious
539	above
540	from above
541	interior
542	higher
543	unprofitable
544	ax
545	worthy
546	to consider worthy
547	worthily
548	invisible
550	to tell
551	to hang
552	to lead away
553	stupid
554	to take away
555	to demand back
556	to lose all sensitivity
557	to set free
558	to be excluded
559	tender
560	to meet
561	meeting
562	once
563	permanent
564	unprepared
565	to disown
566	exactly
568	completion
569	firstfruits
570	all
571	to say farewell
572	to deceive
573	deception
574	fatherless
575	radiance
576	to cast off like foam
577	disobedience
578	to disobey
579	disobedient
580	to threaten
581	threat
582	to be absent
584	to renounce
585	incapable of being tempted
586	not acquainted with
587	wait eagerly for
588	to take off
589	removal
590	to eject from
591	disrepute
592	freedman
593	Apelles
594	to expect nothing in return
595	opposite
596	endless
597	undivided
598	uncircumcised
599	to go away
600	to receive
601	to disbelieve
602	unbelief
603	unbelieving
604	good
605	generosity; sincerity
606	good in the sense of healthy
607	generously
608	from
609	to leave
610	to throw away
611	to look ahead
612	rejected
613	rejection
614	to die
615	census
616	to take a census
617	to display
618	demonstration
619	to tithe
620	to give a tenth
621	pleasing
622	to welcome
623	to go away on a journey
624	going away on a journey
625	give
626	to divide
627	to reject
628	acceptance
629	removal
630	barn
631	to store up treasure
632	to press against
633	to die
634	to restore
635	to restore
636	to reveal
637	revelation
638	eager expectation
639	to reconcile
640	restoration
641	to be stored up
642	to behead
643	to close
644	to cut off
645	sentence
646	to answer
647	answer
648	to hide
649	concealed
650	to kill
651	to kill
652	to give birth to
653	to roll away
655	to receive
656	enjoyment
657	to leave behind
658	lick
659	leave behind
660	to destroy
661	Apollyon
662	Apollonia
663	Apollos
664	to defend oneself
665	defense
666	to wash away
667	redemption
668	to release
669	to wipe off
671	to treat with
672	to wash off
673	to send out
674	to fall away
675	to deceive
676	to sail away from
677	to wash off
678	to choke
679	to be puzzled
680	perplexity
681	to jump into
682	to make an orphan of
683	to pack up
684	shadow
685	to draw out
686	turning away
687	divorce
688	deserter
689	to make an opening in a roof
690	to send
691	to defraud
692	apostleship
693	apostle
694	to besiege with questions
695	to turn away from
696	to hate
697	put out of the synagogue
698	to say good-by
699	to bring to completion
700	to put aside
701	to shake off
702	to pay back
703	to bring forth boldly
704	sternness
705	harshly
706	to have nothing to do with
707	absence
708	to carry away
709	to escape
710	to say
711	to unload
712	using up
713	to go away from
714	to part company
715	to faint
716	Appius
717	unapproachable
718	blameless
719	impartially
720	without falling
721	to touch
722	Apphia
723	to reject
724	destruction
725	curse
726	therefore
727	[interrogations]
728	Arabia
729	Arabs
730	Ram
731	seamless
732	Arab
733	to be idle
734	idle
735	silver
736	silver
737	silversmith
738	silver
739	silver
740	meeting of the Areopagus
741	member of the Areopagus
742	pleasing
743	to please
744	pleasing
745	Aretas
746	goodness
748	lamb
749	to count
750	number
751	Arimathea
752	Aristarchus
753	to eat
754	left side
755	Aristobulus
756	meal
757	enough
758	to be content
759	bear
760	bear
761	chariot
762	Armageddon
764	to promise for marriage
765	joint
766	to deny
767	Arni
768	lamb
769	to plow
770	plow
771	greediness
772	something to hold onto
773	to catch
774	swindling
775	deposit which guarantees
776	male
777	inexpressible
779	sick
780	one engaging in homosexual acts
781	male
782	Artemas
783	Artemis
784	foresail
785	now
786	newborn
787	thorough
788	bread
789	to make salty
790	Arphaxad
791	archangel
792	ancient
793	Archelaus
794	beginning
795	author
796	of the high priest
797	chief priest
798	head of a rebellion
799	chief shepherd
800	Archippus
801	leader of the synagogue
802	expert builder
803	chief tax collector
804	master of the banquet
806	to rule
807	ruler
808	spices
809	Asa
810	unshakable
811	Asaph
812	unquenchable
813	ungodliness
814	to do ungodly acts
815	ungodly
816	debauchery
817	ordinary
818	Asher
819	weakness
820	to be weak
821	failing
822	weak
823	Asia
824	one from the Roman province of Asia
825	official of the province of Asia
826	going without food
827	going without food
828	to strive
829	wineskin
830	warmly
831	unwise
832	to give greetings
833	greeting
834	without spot
835	viper
836	unforgiving
837	assarion
838	Assaron
839	nearer
840	Assos
841	to be homeless
842	not ordinary
843	star
844	unstable
845	without love
846	to wander away
847	lightning
848	to flash
849	star
850	Asyncritus
851	disagreeable
852	senseless
853	faithless
854	security
855	safe
856	to make secure
857	carefully
858	to act improperly
859	indecent act
860	unpresentable
861	debauchery
862	wildly
863	to be idle
864	idle
865	disorderly
866	childless
867	to look intently
868	without
869	to dishonor
870	to treat shamefully
871	dishonor
872	without honor
873	to disgrace
874	mist
875	in a flash
876	wrong
877	Attalia
878	to see
879	daylight
880	Augustus
881	overbearing
882	on one's own initiative
883	to have authority over
884	to play the flute
885	palace
886	flute player
887	to spend the night
888	flute
889	to cause to grow
890	growth
891	to cause to grow
892	tomorrow
893	hard
894	contentment
895	content
896	self-condemned
897	by itself
898	eyewitness
899	he
900	in the act
901	with one's own hand
902	to boast
903	dark
904	to take away from
905	hidden
906	to destroy
907	disappearance
908	disappearing
909	latrine
910	harsh treatment
911	sincerity
912	forgiveness
913	ligament
914	imperishableness
915	imperishable
916	willingness
917	integrity
918	to forgive
919	to reach
920	not loving good
921	not loving money
922	leaving
923	to leave
924	suddenly
925	fearlessly
926	to be like
927	to fix one's eyes
928	to separate
929	opportunity
930	to foam at the mouth
931	foam
932	foolishness
933	foolish
934	to fall asleep
935	withhold
936	silent
937	Ahaz
938	Achaia
939	Achaicus
940	ungrateful
941	Ahaz
942	not made by human hands
943	Akim
944	mistiness
945	worthless
946	to become worthless
947	useless
948	until
949	chaff
950	not a liar
951	wormwood
952	Wormwood
953	lifeless
954	second
955	Baal
956	Babylon
957	standing
958	depth
959	to go down deep
960	deep
961	branch
962	Balaam
963	Balak
964	purse
965	to throw
966	to baptize
967	baptism
968	baptism
969	Baptist
970	to dip
971	son
972	Barabbas
973	Barak
974	Berekiah
975	non-Greek
976	to be burdened
977	with difficulty
978	Bartholomew
979	Bar-Jesus
980	son of Jonah
981	son of Jonah
982	Barnabas
983	burden
984	Barsabbas
985	Bartimaeus
987	burdensome
988	very expensive
989	to torture
990	torment
991	torturer
992	torment
993	kingdom
994	royal
995	king
996	to reign as a king
997	royal
998	petty king
999	queen
1000	foot
1001	to bewitch
1002	to carry
1003	bush
1005	frog
1006	to babble
1007	abomination
1008	detestable
1009	to abhor
1010	firm
1011	to confirm
1012	confirmation
1013	godless
1014	to desecrate
1015	Beelzebub
1016	Belial
1017	needle
1018	arrow
1019	having a detailed knowledge
1021	Benjamin
1022	Bernice
1023	Berea
1024	Berean
1027	Beor
1028	Bethabara
1029	Bethany
1031	Bethesda
1032	Bethzatha
1033	Bethlehem
1034	Bethsaida
1035	Bethsaida
1036	Bethphage
1037	judicial court
1038	Bereus
1039	beryl
1040	force
1041	to force one's way
1042	violent
1043	forceful one
1044	little scroll
1046	scroll
1047	book
1048	to eat
1049	Bithynia
1050	life
1051	to live
1052	the way one lives
1053	of this life
1054	harmful
1055	to hurt
1056	to sprout
1058	Blastus
1059	to blaspheme
1060	blasphemy
1061	blasphemous
1062	act of seeing
1063	to see
1064	must be put
1065	Boanerges
1066	to call
1067	Boaz
1068	cry
1069	help
1070	to help
1071	helpful
1072	pit
1073	pit
1074	throwing
1075	to take a sounding
1076	missile
1077	Boaz
1078	Boaz
1079	mud
1080	the north
1081	to feed
1082	Bosor
1083	crop
1084	grape cluster
1085	member of a council
1086	to make plans
1087	plan
1088	plan
1089	to wish
1090	hill
1091	ox
1092	prize
1093	to rule
1094	to delay
1095	to sail slowly
1096	slow
1097	slowness
1098	arm
1099	little
1100	baby
1101	to rain down
1103	thunder
1104	rain
1105	restriction
1106	gnashing
1107	to gnash
1108	to flow
1109	food
1110	eatable
1111	consumable
1112	to plunge
1113	open sea
1114	tanner
1115	made of fine linen
1116	fine linen
1117	altar
1118	third
1119	Gabbatha
1120	Gabriel
1121	gangrene
1122	Gad
1123	Gadarene
1124	Gaza
1125	treasure
1126	treasury
1127	Gaius
1128	milk
1129	Galatian
1130	Galatia
1131	Galatian
1132	calm
1133	Galilee
1134	Galilean
1135	Gaul
1136	Gallio
1137	Gamaliel
1138	to marry
1139	to give in marriage
1140	to be given in marriage
1141	wedding banquet
1142	for
1143	belly
1145	indeed
1146	Gideon
1147	Gehenna
1149	Gethsemane
1150	neighbor
1151	to laugh
1152	laughter
1153	to fill
1154	to be full
1155	generation
1156	to trace genealogical descent
1157	genealogy
1159	pertaining to birth
1160	birthday
1161	birth
1162	birth
1163	fruit
1164	to become the father of
1165	offspring
1166	Gennesaret
1167	birth
1168	born of
1169	family
1170	Gerasene
1171	Gergesene
1172	assembly of the elders
1173	old person
1174	to taste
1175	to farm
1176	field
1177	farmer
1178	earth
1179	old age
1180	to grow old
1181	to be
1182	to know
1183	wine
1184	sweet
1185	tongue
1186	container for money
1187	bleacher
1188	true
1189	genuinely
1190	darkness
1191	purpose
1192	to make known
1193	acquainted with
1194	knowledge
1195	one well acquainted with
1196	known
1197	to grumble
1198	complaint
1199	grumbler
1200	imposter
1201	Golgotha
1202	Gomorrah
1203	cargo
1204	parents
1205	knee
1206	to kneel
1207	letter
1208	a scribe
1209	written
1210	a passage of Scripture
1211	to write
1212	old wives' tale
1213	to keep watch
1214	to train
1215	training
1216	to be poorly dressed
1217	to be in ragged clothing
1218	naked
1219	nakedness
1220	weak-willed woman
1221	feminine
1222	woman
1223	Gog
1224	corner
1226	David
1227	to be demon-possessed
1228	demon
1229	of the devil
1230	demon
1231	to bite
1232	teardrop
1233	to weep
1234	ring
1235	finger
1236	Dalmanutha
1237	Dalmatia
1238	to tame
1239	heifer
1240	Damaris
1241	Damascene
1242	Damascus
1243	Dan
1244	to lend
1245	debt
1246	moneylender
1247	to lend
1248	Daniel
1250	moneylender
1251	to spend
1252	cost
1253	David
1254	but
1255	prayer
1256	it is a must
1257	example
1258	to expose to public disgrace
1259	to show
1260	to show
1261	timidity
1262	to be afraid
1264	afraid
1265	a certain one
1267	terribly
1268	to eat supper
1270	banquet
1272	religion
1273	religious
1274	ten
1275	twelve
1277	eighteen
1278	fifteen
1279	Decapolis
1280	fourteen
1281	tenth
1282	to collect a tenth
1283	acceptable
1284	to entice
1285	tree
1287	spearman
1288	right
1289	to pray
1290	awe
1291	from Derbe
1292	Derbe
1293	skin
1294	made of leather
1295	skin
1296	to beat up
1297	to tie up
1298	to tie
1299	bundle
1300	prisoner
1301	chain
1302	jailer
1303	prison
1304	prisoner
1305	master
1306	come
1307	come
1308	on the following day
1309	for the second time
1310	second-first
1311	second
1312	to welcome
1313	to tie
1314	indeed
1315	very clearly
1316	clear
1317	to make clear
1318	Demas
1319	to deliver a public address
1320	Demetrius
1321	builder
1322	people
1323	public
1324	denarius
1325	whatever
1327	surely
1328	through
1329	to pass through
1330	to inform against
1331	to confidently affirm
1332	to see clearly
1333	devilish
1334	to proclaim
1335	to pass
1336	to determine
1337	to give an exact report
1338	decision
1339	to mutter
1340	to become fully awake
1341	to live
1342	to receive
1343	crown
1344	to distribute
1345	successor
1346	to wrap around
1347	covenant
1348	difference
1349	to divide
1350	to clear out
1351	to clear out
1352	to refute
1353	to order
1354	to serve
1355	ministry
1356	servant
1357	two hundred
1358	to give a hearing
1359	to make a distinction
1360	distinguishing
1361	to deter
1362	to talk about
1363	to reason
1364	to stop
1365	language
1366	to stop
1367	to become reconciled
1368	to think
1369	thought
1370	to disperse
1371	to warn, testify
1372	to argue vigorously
1373	to remain
1374	to divide
1375	division
1376	to be spread
1377	to make signs
1378	thought
1379	mind
1380	to open
1381	to spend the night
1382	to continue
1383	always
1384	constant friction
1385	to cross over
1386	to sail across
1387	to be greatly disturbed
1388	to go through
1389	to be perplexed
1390	to gain
1391	to be furious
1392	to tear
1393	to tear
1395	to rob
1396	to tear
1397	to tell
1398	to extort money
1399	to scatter
1400	to be torn to pieces
1401	to be scattered
1402	scattering
1403	to give orders
1404	later time
1405	difference
1406	to subvert
1407	save
1408	putting into effect
1409	edict
1410	to be greatly troubled
1411	to command
1412	to continue
1413	to keep
1414	why?
1416	to make a covenant
1417	to stay
1418	food
1419	to dawn
1420	transparent
1421	transparent
1422	to carry
1423	to escape
1424	to spread news about
1425	to destroy
1426	decay
1427	different
1428	to guard carefully
1429	to kill
1430	to make fun of
1431	to be separated
1432	second marriage
1433	a second marriage
1434	able to teach
1435	taught
1436	teaching
1437	teacher
1438	to teach
1439	teaching
1440	two-drachma
1441	Didymus
1442	I give
1443	to give
1444	to get up
1445	to think
1446	to come out
1447	corner
1448	explanation
1449	interpreter
1450	to interpret
1451	to go through
1452	to find out
1453	two years old
1454	two years
1455	to tell
1456	account
1457	forever
1458	sandbar
1459	to penetrate
1460	to leave
1462	to assert
1464	righteous judgment
1465	right
1466	righteousness
1467	to justify
1468	regulation
1469	justly
1470	justification
1471	judge
1472	punishment
1473	net
1474	insincere
1475	therefore
1476	to go through
1477	Dionysius
1478	therefore
1479	fallen from heaven
1480	reform
1481	a new order
1482	to break in
1483	Dioscuri
1484	therefore
1485	Diotrephes
1486	double
1487	double
1488	to double
1489	twice
1490	twenty thousand
1491	to doubt
1492	double-edged
1493	two thousand
1494	to strain out
1495	to turn
1496	division
1497	to cut to pieces
1498	to be thirsty
1499	thirst
1500	double-minded
1501	persecution
1502	persecutor
1503	to pursue
1504	decree
1505	to submit to a rule
1506	to think
1507	to test
1508	testing
1509	character
1510	testing
1511	approved by testing
1512	plank
1513	deceitful
1514	to practice deceit
1515	deceit
1516	to distort
1517	gift
1518	glory
1519	to glorify
1520	Dorcas
1521	gift
1522	giver
1524	to enslave
1525	slavery
1526	to serve
1527	female servant
1528	servant
1530	to enslave
1531	banquet
1532	dragon
1533	to catch
1534	silver coin
1535	sickle
1536	race
1537	Drusilla
1538	to be able
1539	power
1540	to be strengthened
1541	ruler
1542	to be able
1543	possible
1544	to set
1545	two
1546	hard to carry
1548	dysentery
1549	hard to explain
1550	west
1551	hard
1552	hardly
1553	west
1554	hard to understand
1555	to be slandered
1556	bad report
1557	twelve
1558	twelfth
1559	twelve tribes
1560	a house;
1561	gift
1562	freely
1563	to give
1564	gift
1565	gift
1566	the bringing of a gift
1567	five
1568	ha!
1569	if
1570	if
1571	himself
1572	to let
1573	seventy
1574	seventy times
1575	seventh
1576	Eber
1577	Hebrew
1578	a Hebrew
1579	Aramaic
1580	in Aramaic
1581	come near
1582	to write in
1583	guarantee
1584	near
1585	nearer
1586	to arise
1587	resurrection
1588	spy
1589	Feast of Dedication
1590	to be put into effect
1591	to give up
1592	to bring charges
1593	to forsake
1594	to live among
1595	to boast
1596	to graft into
1597	to lock up
1598	charge
1599	to clothe with
1600	hinderance
1601	to hinder
1602	self-control
1603	to have control
1604	disciplined
1605	to classify
1606	to mix
1607	pregnant
1608	to put on
1609	I
1610	to dash to the ground
1611	ground
1612	firm
1613	foundation
1614	Hezekiah
1615	self-imposed religion
1616	to be accustomed
1617	governor
1618	pagan
1619	ike a Gentile,
1620	Gentile
1621	custom
1623	if
1624	appearance
1625	to see
1626	form
1627	temple of an idol
1628	sacrificed to idols
1629	idolater
1630	idolatry
1631	idol
1632	in vain
1633	twenty
1634	to give in
1635	image
1636	sincerity
1637	pure
1638	surely
1639	to be
1641	because of
1642	if indeed
1643	if perhaps
1644	to live in peace
1645	peace
1646	peace-loving
1647	to make peace
1648	peacemaker
1650	to
1651	one
1652	to bring in
1653	to be heard
1654	to receive
1655	to go in
1656	to go in
1657	to invite into
1658	entering
1659	to rush in
1660	to go in
1661	to run in
1662	to bring in
1663	then
1664	if
1665	to have a custom
1666	of
1667	each
1668	always
1669	hundred
1670	a hundred years old
1671	a hundred times
1672	centurion
1673	centurion
1674	to leave
1675	to take out
1676	way out
1677	to sprout up
1678	throwing out
1679	to marry
1681	grandchild
1682	to be completely expended
1683	to wait for
1684	clear
1685	to be away
1686	to rent
1687	to tell
1688	to avenge
1689	justice
1690	punishing
1691	to drive out
1692	handed over
1693	expectation
1694	to strip off clothing
1695	there
1696	from there
1697	that
1698	there
1699	to seek out
1700	controversy
1701	to be overwhelmed with wonder
1702	astonished
1703	to wonder
1704	thrown out
1705	to cleanse
1706	to be inflamed
1707	to lose heart
1708	to pierce
1709	to be broken off
1710	to alienate
1711	church
1712	to turn away
1713	to swim away
1714	to carry out
1715	hindrance
1716	to cut off
1717	to hang upon
1718	to tell
1719	to shine
1720	to forget
1721	to chose
1722	to fail
1723	elect
1724	election
1725	to lose heart
1726	to wipe off
1727	to sneer at
1728	to slip away
1729	to come to one's sense
1730	spontaneous
1731	voluntarily
1732	for a long time
1733	to test
1734	to send away
1735	emphatically
1736	to hold out
1737	to rush out
1738	to fall off
1739	to sail
1740	to fulfill
1741	end
1742	to be amazed
1743	to breathe one's last breath
1744	to go out
1745	to engage in sexual immorality
1746	to scorn
1747	to set on fire
1748	to uproot
1749	amazement
1750	to be warped
1751	to bring safely
1752	to throw into an uproar
1753	to stretch out
1754	to finish
1755	earnestness
1756	deep
1757	deeply
1758	to explain
1759	to shake off
1760	outside
1761	sixth
1762	to turn away
1763	to feed
1764	trembling
1765	an abortion
1766	to bring out
1767	to escape
1768	to frighten
1769	frightened
1770	to come out
1771	cry out
1772	to pour out
1773	to be poured out
1774	to go out
1775	to die
1776	voluntarily
1777	olive
1778	olive oil
1779	an olive garden;
1780	Elamite
1781	lesser
1782	to have too little
1783	to make lower than
1784	lesser
1785	to row
1786	lightness
1787	light
1788	least
1789	Eleazar
1790	to show mercy
1791	rebuke
1792	rebuke
1793	certainty
1794	to expose
1795	pitiful
1796	to have mercy on
1797	gift to the poor
1798	merciful
1799	mercy
1800	freedom
1801	free
1802	to set free
1803	coming
1804	made of ivory
1806	Eliakim
1808	Eliezer
1809	Eliud
1810	Elizabeth
1811	Elisha
1813	to roll up
1814	sore
1815	to be covered with sores
1816	to drag
1817	Greece
1818	Greek
1819	Greek
1820	Greek
1821	Grecian Jew
1822	in Greek
1823	to charge
1824	to be charged to one's account
1825	Elmadam
1827	to hope
1828	hope
1829	Elymas
1830	Eloi
1831	myself
1832	to get into
1833	to throw into
1834	to dip into
1835	to dip into
1836	to go into great detail about
1837	to put on board
1838	to look
1839	to warn sternly
1840	to spit out
1841	to be enraged
1842	Immanuel
1843	Emmaus
1844	to remain in
1846	Hamor
1847	my
1848	scoffing
1849	jeering
1850	to mock
1851	scoffer
1852	to send in
1853	to walk among
1855	to fill
1856	set on fire
1857	to provide
1858	to provide
1859	to burn
1860	to fall into
1861	to be involved in
1862	braiding
1863	to breath
1864	to carry on business
1865	business
1866	market
1867	merchant
1868	to burn
1869	before
1870	to spit on
1871	seen
1872	to show
1873	afraid
1874	to breathe on
1875	implanted
1877	in
1878	to take in one's arms
1879	creatures living in the sea
1880	leap upon
1881	to take on human form
1882	before
1883	before
1884	to oppose
1885	against
1886	clear
1887	to begin
1888	ninth
1889	to let
1890	needy
1891	evidence
1892	to show
1893	demonstration
1894	eleven
1895	eleventh
1896	it is possible
1897	to be at home
1898	to put on
1899	just
1900	construction
1901	to be glorified
1902	honored
1903	clothing
1904	to give strength
1905	to worm one's way
1906	putting on
1907	to clothe
1908	construction
1909	plot
1910	to wait in ambush
1911	plot
1912	to wrap in
1913	to be inside
1914	for the sake of
1915	for
1916	ninety
1917	speechless
1918	working
1919	to be at work in
1920	working
1921	active
1922	to be blessed
1923	to oppose
1924	here
1925	from here
1926	to consider
1927	thought
1928	there is
1929	year
1930	sometimes
1931	to be present
1932	to strengthen
1933	nine
1934	speechless
1935	to make a sign
1936	attitude
1937	under law
1938	subject to the law
1939	while it is still dark
1940	to live in
1941	to charge by oath
1942	unity
1943	to cause trouble
1944	subject to
1945	rule
1946	to prepare for burial
1947	preparation for burial
1948	to command
1949	from here
1950	prayer
1951	to put in
1952	highly valued
1953	command
1954	resident
1955	inside
1956	to cause shame
1957	to be brought up
1958	trembling
1959	shame
1960	to revel
1961	to intercede
1962	to wrap up
1963	to be engraved
1964	to insult
1965	to dreams
1966	dream
1967	before
1968	Enosh
1969	to listen carefully
1970	Enoch
1971	six
1972	to declare
1973	to redeem
1974	to lead out
1975	to gouge
1976	to expel
1977	to ask for
1978	suddenly
1979	to follow
1980	six hundred
1981	to wipe away
1982	to jump up
1983	resurrection
1984	to spring up
1985	to raise up
1986	to open fully
1987	to deceive
1988	suddenly
1989	to despair
1990	to send out
1991	to be attached to
1992	to finish
1993	to flash like lightning
1994	immediately
1995	to raise
1996	to leave
1997	possible
1998	to convict
1999	to be dragged away
2000	vomit
2001	to search intently
2002	to go out
2003	it is legal
2004	to make a search
2006	to stand out
2007	to tell
2008	sixty
2009	next
2010	to ring out
2011	constant use
2014	to amaze
2015	to have power
2016	exodus
2017	to be completely cut off from
2018	to consent
2019	to charge under oath
2020	one driving out evil spirits
2021	to dig through
2022	to be rejected
2023	to be rejected
2024	to treat with contempt
2025	despise
2026	authority
2027	to have power over
2028	authoritative
2029	leading
2030	to wake up
2031	awake
2032	out
2033	from the outside
2034	to drive out
2035	outside
2036	to be like
2037	to celebrate a festival
2038	feast
2039	promise
2040	to promise
2041	promise
2042	to bring upon
2043	to contend
2044	to increase
2045	Epenetus
2046	to praise
2047	praise
2048	to lift up
2049	to be ashamed of
2050	to beg
2051	to follow after
2052	to hear
2053	to listen to
2054	when
2055	necessarily
2056	to put out
2057	to remind again
2058	to rest on
2059	to return
2060	to rebel against
2061	correcting
2062	above
2063	accursed
2064	to help
2065	province
2066	belonging to an eparch
2067	of the eparch
2068	place to live
2069	the next day
2070	in the active
2071	Epaphras
2072	to foam up
2073	Epaphroditus
2074	to stir up
2075	since
2076	when
2077	inasmuch as
2078	to show favor
2079	the next day
2080	since
2081	introduction
2082	to come in
2083	then
2084	beyond
2085	to strain toward
2086	to be clothed with
2087	outer garment
2088	to come
2089	to ask
2090	pledge
2091	hold out
2092	to mistreat
2093	on
2094	to go up
2095	to throw over
2096	to burden
2097	to put on
2098	to look at
2099	patch
2100	to cry out loudly
2101	plan
2102	to marry
2103	being on the earth
2104	to come up
2105	to know
2106	knowledge
2107	inscription
2108	to write
2109	to show
2110	to welcome
2111	to live as a visitor
2112	to add to
2113	to give
2114	to straighten out
2115	to go down
2116	gentleness
2117	gentle
2118	to look for
2119	condemned to die
2120	laying on
2121	to long for
2122	one who desires
2123	desire
2124	to offer a sacrifice
2125	to sit down
2126	to call
2127	cover-up
2128	to be covered
2129	cursed
2130	to lay upon
2131	to run aground
2132	to gain in addition
2133	tax
2134	Epicurean
2135	help
2136	to shout threats
2137	to decide
2138	to take hold
2139	to shine out
2140	to forget
2141	to be called
2142	to not have
2143	to lick
2144	forgetfulness
2145	remaining
2146	interpretation
2147	to explain
2148	to testify that
2149	needs
2150	to take care of
2151	carefully
2152	to stay
2153	to accept
2154	thought
2155	to break an oath
2156	perjured
2157	what recurs on daily basis
2158	to fall upon
2159	to rebuke
2160	to long for
2161	longing
2162	longed for
2163	longing
2164	to come to
2165	to sew on
2166	to throw on
2167	to urge on
2168	notorious
2169	food
2170	to visit
2171	to get ready
2172	to rest upon
2173	to cast a shadow
2174	to see to
2175	coming
2176	overseer
2177	to conceal circumcision
2178	to sow afterward
2179	to understand
2180	stirring up
2181	master
2182	to write a letter
2183	understanding
2184	understanding
2185	to strengthen
2186	letter
2187	to silence
2188	to turn
2189	conversion
2190	to gather together
2191	gathering
2192	to run together to
2193	to sew on
2194	uprising
2195	dangerous
2196	to insist
2197	to gather a great number
2198	command
2199	to command
2200	to finish
2201	needful
2202	to place
2203	to rebuke
2204	punishment
2205	to let
2206	to be governor
2207	commission
2208	foreman
2209	to obtain
2210	to appear
2211	appearing
2212	glorious
2213	to shine on
2214	to bring upon
2215	to shout
2216	to dawn
2217	to attempt
2218	attempt
2219	to pour on
2220	to support
2221	support
2222	to put on
2223	to touch
2224	to build up
2225	to run aground
2226	to be called
2227	to see
2228	eyewitness
2229	word
2230	heavenly
2231	seven
2232	seven times
2233	seven thousand
2234	sevenfold
2235	Erastus
2236	to search
2237	to work
2238	trade
2239	worker
2240	work
2241	to stir up
2242	to stick fast
2243	to utter
2244	remote place
2245	deserted
2246	to be brought to ruin
2247	desolation
2248	to quarrel
2249	selfish ambition
2250	wool
2251	quarrel
2252	goat
2253	goat
2254	Hermas
2255	interpretation
2256	translator
2257	to translate
2258	Hermes
2259	Hermogenes
2260	reptile
2261	red
2262	to come
2263	to ask
2264	clothing
2265	government
2266	to eat
2267	to eat
2268	Esli
2269	mirror
2270	evening
2271	pertaining to the evening
2272	Hezron
2273	to be inferior
2274	last
2275	to be in the last extremity
2276	in
2277	from within
2278	inner
2279	friend
2280	speaking in a foreign language
2281	to teach false doctrine
2282	to yoke together in a mismatch
2283	other
2284	otherwise
2285	still
2286	to prepare
2288	readiness
2289	ready
2290	in readiness
2291	year
2292	well
2293	Eve
2294	to preach the good news
2295	gospel
2296	evangelist
2297	to please
2298	pleasing
2299	acceptably
2300	Eubulus
2301	well done!
2302	of noble birth
2303	glibness
2304	fair weather
2305	to be well pleased
2306	goodwill
2307	act of kindness
2308	to do good to
2309	benefactor
2310	fit
2311	immediately
2312	to sail straight
2313	to keep up one's courage
2314	encouraged
2315	cheerfully
2316	to make straight
2317	immediately
2318	straight
2319	righteousness
2320	to have a chance to
2321	opportunity
2322	opportune
2323	opportunely
2324	easy
2325	reverence
2326	to have holy fear
2327	devout
2328	to praise
2329	worthy of being praised
2330	blessing
2331	generous
2332	Eunice
2333	to settle matters
2334	wholeheartedness
2335	to emasculate
2336	eunuch
2337	Euodia
2338	to get along with
2339	devoted
2340	submissive
2341	easily distracting
2342	easily entangling
2343	doing good
2344	to have ability
2345	prosperity
2346	beauty
2347	acceptable
2348	constant
2349	to make a good impression
2350	northeast wind
2351	to find
2353	broad
2354	godliness
2355	to worship
2356	devout
2357	in a godly manner
2358	intelligible
2359	compassionate
2360	to behave in an affected manner
2361	decently
2362	modesty
2363	presentable
2364	vehemently
2365	coarse joking
2366	Eutychus
2367	good report
2368	admirable
2369	to produce a good crop
2370	to cause celebration
2371	Euphrates
2372	joy
2373	to thank
2374	expression of thanks
2375	thankful
2376	vow
2377	to pray for
2378	useful
2379	to be cheerful
2380	a sweet smell
2381	left
2382	banquet
2383	to jump on
2384	once for all
2385	Ephesian
2386	Ephesian
2387	Ephesus
2388	inventor
2389	division
2390	daily
2391	to come
2392	to approach
2393	to gaze upon
2394	Ephraim
2395	ephphatha!
2396	yesterday
2397	hostility
2398	enemy
2399	viper
2400	to have
2401	up to
2404	Zebulun
2405	Zacchaeus
2406	Zerah
2408	Zechariah
2409	to be alive
2411	Zebedee
2412	hot
2413	to connect
2414	yoke
2415	rope
2416	Zeus
2417	to have great fervor
2418	to be earnest
2419	zeal
2420	to desire
2421	zealot
2422	loss
2423	to forfeit
2424	Zenas
2426	to look for
2427	question for discussion
2428	argument
2429	weed
2431	Zerubbabel
2432	blackness
2433	yoke
2434	yeast
2435	to leaven
2436	to capture
2437	life
2438	belt
2439	to dress
2440	to dress
2441	to give life
2442	living creature
2443	to make alive
2445	or
2448	to govern
2449	reign
2450	ruler
2451	to lead
2452	gladly
2453	already
2454	pleasure
2455	mint
2456	a place of customary resort;
2457	to come
2458	Eli
2459	Heli
2460	Elijah
2461	life
2462	how much
2463	sun
2464	nail
2465	day
2466	our
2467	half dead
2468	half
2469	half an hour
2471	when
2472	than
2473	gentle
2474	Er
2475	tranquil
2476	Herod
2477	Herodians
2478	Herodias
2479	Herodion
2480	Isaiah
2481	Esau
2482	for the worse
2483	to be silent
2484	quietness
2485	quiet
2486	whether...or
2487	to be mastered
2488	loss
2489	for the worse
2490	to resound
2491	sound
2495	come
2496	girl
2497	Thaddaeus
2498	sea
2499	to care for
2500	Tamar
2501	to be amazed
2502	amazement
2503	deadly
2504	deadly
2505	death
2506	to put to death
2507	to bury
2508	Terah
2509	to have confidence
2510	take heart!
2511	encouragement
2512	wonder
2513	to be amazed
2514	wonderful
2515	wonderful
2516	goddess
2517	to see
2518	to publicly expose
2519	theatre
2520	sulfur
2521	divine
2522	divine nature
2523	as sulfur
2524	Thecla
2525	will
2526	will
2527	to will
2528	foundation
2529	foundation
2530	to lay a foundation
2531	taught by God
2532	one who speaks of God
2533	to fight against God
2534	fighting against God
2535	God-breathed
2536	God
2537	worship of God
2538	godly
2539	God-hating
2540	Deity
2541	Theophilus
2542	service
2543	to serve
2544	servant
2545	to reap
2546	harvest
2547	harvester
2548	to keep warm
2549	heat
2550	summer
2551	Thessaly
2552	Thessalonian
2553	Thessalonica
2554	Theudas
2555	to see
2556	sight
2557	sheath
2558	to nurse a baby
2559	female
2560	trap
2561	to catch in a mistake
2562	to fight wild animals
2563	animal
2564	to store up
2565	treasure
2566	to touch
2567	to press upon
2568	trouble
2569	to have died
2570	mortal
2571	to be upset
2572	to start a riot
2573	uproar
2574	to break
2575	to be oppressed
2576	livestock
2577	to sing a funeral dirge
2578	dirge
2579	religion
2580	religious
2581	to lead in a triumphal procession
2582	hair
2583	to be alarmed
2584	drop
2585	throne
2586	to break in pieces
2587	Thyatira
2588	daughter
2589	little daughter
2590	storm
2591	citron
2592	incense
2593	incense altar
2594	to burn incense
2595	to quarrel
2596	wrath
2597	to become angry
2598	door
2599	shield
2600	window
2601	doorkeeper
2602	sacrifice
2603	altar
2604	to kill
2605	Thomas
2606	breastplate
2608	Jairus
2609	Jacob
2610	James
2611	healing
2612	Jambres
2613	Jannai
2614	Jannes
2615	to heal
2616	Jared
2617	healing
2618	jasper
2619	Jason
2620	doctor
2621	Jachin
2622	twelve
2623	see!
2624	appearance
2625	one's own
2626	ordinary
2627	look!
2628	Idumea
2629	sweat
2630	Jezebel
2631	Hierapolis
2632	priestly office
2633	priesthood
2634	to serve as a priest
2635	Jeremiah
2636	priest
2637	Jericho
2638	sacrificed to pagan gods
2639	temple
2640	reverent
2641	sacred
2642	Jerusalem
2643	inhabitant of Jerusalem
2644	to rob temples
2645	temple robber
2646	to perform priestly duty
2647	Jerusalem
2648	priesthood
2649	Jesse
2650	Jephthah
2651	Jeconiah
2652	Jesus
2653	sufficient
2654	competence
2655	to make competent
2656	petition
2657	moisture
2658	Iconium
2659	cheerful
2660	cheerfully
2661	to make atonement for
2662	atoning sacrifice
2663	atoning sacrifice
2664	forgiving
2665	Illyricum
2666	thong
2667	to be dressed
2668	clothing
2669	clothing
2670	to desire
2671	in order that
2672	why?
2673	Joppa
2674	Jordan
2675	poison
2677	Judea
2678	to follow Jewish customs
2679	Jewish
2680	in the manner of Jews
2681	Jewish
2682	Judaism
2683	Judah
2684	Julia
2685	Julius
2686	Junia
2687	Junias
2688	Justus
2689	horseman
2690	mounted
2691	horse
2692	rainbow
2693	Isaac
2694	like an angel
2695	Issachar
2696	Iscariot
2697	Iscariot
2698	equal
2699	equality
2700	as precious as
2701	like
2702	Israel
2703	Israelite
2704	Issachar
2705	to stand
2706	sail
2707	to get acquainted with
2708	powerful
2709	strength
2710	to be strong
2711	equally; perhaps
2712	Italy
2713	Italian
2714	Iturea
2715	little fish
2716	fish
2717	step
2718	Jotham
2720	Joanan
2721	Joanna
2722	John
2723	Joash
2724	Job
2725	Obed
2726	Joda
2727	Joel
2728	Jonathas
2729	Jonam
2731	Jonah
2732	Jehoram
2733	Jorim
2734	Jehoshaphat
2736	Joses
2737	Joseph
2738	Josech
2739	Josiah
2740	smallest letter
2742	cab
2743	and I
2744	jar
2745	as
2746	tearing down
2747	to take down
2748	to prune
2749	as
2750	to fasten
2751	to make clean
2752	cleansing
2753	scapegoat
2754	clean
2755	cleanness
2756	seat
2757	to sit down
2759	in order
2761	to sleep
2762	teacher
2763	to be fitting
2764	to sit
2766	daily
2767	to place
2768	to let down
2769	to put in charge
2770	to put in charge
2771	insofar as
2772	general
2773	at all
2774	to fully arm
2775	to be clearly seen
2776	as
2777	as
2778	just as
2779	and
2780	Caiaphas
2781	even
2782	Cain
2783	Cainan
2784	Cainan
2785	new
2786	newness
2788	though
2789	time
2790	Caesar
2791	Caesarea
2792	and yet
2793	although
2794	to light
2795	and there
2796	and from there
2797	and that one
2798	evil
2799	malice
2800	to curse
2801	suffering
2802	to suffer trouble
2803	to do evil
2804	wrongdoing
2805	evil
2806	criminal
2807	to be mistreated
2808	to harm
2809	ill
2810	oppression
2811	straw
2812	reed
2813	to call
2814	cultivated olive tree
2815	teaching what is good
2816	Fair Havens
2817	nobility of character
2818	to do what is right
2819	good
2820	veil
2821	cover
2822	well
2823	camel
2824	rope
2825	furnace
2826	close
2827	to grow weary
2828	to bend
2829	and if
2830	Cana
2831	Zealot
2832	Canaanite
2833	Candace
2834	rule
2835	Capernaum
2836	to act as a peddler
2837	smoke
2838	Cappadocia
2839	eager expectation
2840	heart
2841	knower of the heart
2842	Carpus
2843	fruit
2844	to produce a crop
2845	crop
2846	to persevere
2847	speck
2848	against
2849	to go down
2850	to be struck down
2851	to burden
2852	to become heavy
2853	place that goes down
2854	to bring down
2855	to cry out
2856	creation
2857	to disqualify for a prize
2858	advocate
2859	to preach
2860	to laugh at
2861	to condemn
2862	to break
2863	to write
2864	to bring
2865	to conquer
2866	to bandage
2867	clear
2868	to condemn
2869	condemnation
2870	to look for
2871	to make a slave
2872	to exploit
2873	cursed thing
2874	to curse
2875	to dishonor
2876	to burn up
2877	to cover
2878	to boast about
2879	to lie down
2880	to break in pieces
2881	to lock up
2882	to parcel out by lot
2883	to give as an inheritance
2884	to cause to sit
2885	to be deluged
2886	flood
2887	to follow
2888	to cut
2889	to throw down a cliff
2890	condemnation
2891	to condemn
2892	condemnation
2893	to stoop down
2894	to lord it over
2895	to speak against
2896	slander
2897	slanderous
2898	to obtain
2899	to put on a list
2900	remnant
2901	to leave
2902	to stone to death
2903	reconciliation
2904	to reconcile
2905	remaining
2906	guest room
2907	throw down
2908	notice carefully
2909	to bring testimony against
2910	to stay
2911	in private
2912	curse
2913	to curse
2914	to consume
2915	to burden
2916	to signal
2917	to pay attention
2918	to come to
2919	stupor
2920	to be pierced
2921	to be counted worthy
2922	to trample
2923	rest
2924	to keep from
2925	curtain
2926	to burn to ashes
2927	to swallow
2928	to fall down
2929	to sail to
2930	to be oppressed
2931	to be drowned
2932	curse
2933	to curse
2934	to nullify
2935	to be numbered among
2936	to restore
2937	perfection
2938	preparation
2939	to motion
2940	to tear down
2941	to prepare
2942	to perch
2943	nest
2944	to overshadow
2945	to spy on
2946	spy
2947	to deal treacherously with
2948	to quiet
2949	the way one lives
2950	appearance
2951	to overturn
2952	to have lust
2953	ruin
2954	to be scattered
2955	to drag away
2956	to kill
2958	to be sealed up
2959	possession
2960	to grant a favor
2961	mutilation
2962	to shoot down
2963	to run down
2964	to shine upon
2965	to cast against
2966	to flee
2967	to be depraved
2968	to kiss
2969	to despise
2970	scoffer
2971	to shout at
2972	to pour out
2973	under the earth
2974	to make full use of
2975	to be enrolled
2976	to cool off
2977	full of idols
2978	ahead
2979	in the sight of
2980	to exercise authority over
2981	to produce
2982	to go down
2983	to eat up
2984	to eat up
2985	to guide
2986	to bless
2987	to make an attack upon
2988	to hold back
2989	to accuse
2990	charge
2991	accuser
2992	accuser
2993	gloominess
2994	to instruct
2995	to become corroded
2996	to overcome
2997	to live in
2998	where one lives
2999	dwelling place
3000	where one lives
3001	to cause to live in
3002	to reflect
3003	success
3004	below
3005	lower
3006	under
3007	Cauda
3008	heat
3009	to scorch
3010	to be scorched by the heat
3011	burning
3012	to be consumed by fire
3013	to be insensitive to
3014	heat
3015	to be seared with a hot iron
3016	to boast
3017	something to boast about
3018	boasting
3019	Capernaum
3020	Cenchrea
3021	cedar tree
3022	Kidron
3023	to lay
3024	strip of linen
3025	to shear
3026	command
3027	to order
3029	vain conceit
3030	conceited
3031	empty
3032	chatter
3033	to empty
3034	sting
3035	centurion
3036	in vain
3037	least stroke of a pen
3038	potter
3039	made by a potter
3040	clay jar
3041	clay roof tile
3042	to mix
3043	horn
3044	carob pod
3045	to gain
3046	gain
3047	coin
3048	money exchanger
3049	the point
3050	to strike on the head
3051	head
3052	to strike on the head
3053	section of a scroll
3054	to take care of
3055	to muzzle
3056	tax
3057	garden
3058	gardener
3059	wax
3060	preaching
3061	herald
3062	to preach
3063	huge fish
3064	Cephas
3065	ciborium
3066	ark
3067	harp
3068	to play the harp
3069	harpist
3070	Cilicia
3071	Cilician
3073	to be in danger
3074	danger
3075	to move
3076	motion
3077	cinnamon
3078	Kish
3079	to lend
3080	branch
3081	to weep
3082	breaking
3083	broken piece
3084	Clauda
3086	Claudia
3087	Claudius
3088	weeping
3089	to break
3090	key
3091	to close
3092	theft
3093	Cleopas
3094	credit
3095	thief
3096	steal
3097	branch
3098	Clement
3099	to inherit
3100	inheritance
3101	heir
3102	lots
3103	to be chosen
3104	call
3105	called
3106	furnace
3107	region
3108	bed
3109	bed
3110	bed
3111	to bow down
3112	group reclining for a meal
3113	theft
3114	raging waters
3115	to be tossed by waves
3116	Clopas
3117	to feel an itch
3118	Cnidus
3119	penny
3120	any and all internal organs
3121	to fall asleep
3122	sleep
3123	common
3124	to make unclean
3125	to share in
3126	fellowship
3127	willing to share
3128	partner
3130	bed
3131	bedroom
3132	scarlet
3133	seed
3134	to punish
3135	flattery
3136	punishment
3137	Colossian
3138	Colosse
3139	to strike with the fists
3140	to join
3141	eye salve
3142	money exchanger
3143	to cut short
3144	Colossian
3145	Colosse
3146	side
3147	to swim
3148	pool
3149	Roman colony
3150	to have long hair
3151	hair
3152	to bring
3153	better
3154	to be whitewashed
3155	dust
3156	to die down
3157	mourning
3158	defeat
3159	to work
3160	labor
3161	manure pile
3162	fertilizer
3163	dung
3164	to cut
3165	raven
3166	girl
3167	Corban
3168	temple treasury
3169	Korah
3170	to be filled to the full
3171	Corinthian
3172	Corinth
3173	Cornelius
3174	cor
3175	to make beautiful
3176	earthly
3177	respectable
3179	powers of the world
3180	earth
3181	Quartus
3182	koum
3183	koumi
3184	guard
3185	to lighten
3186	a large basket
3187	bed
3188	bed
3189	call out
3190	dissipation
3191	skull
3192	edge
3193	mighty
3194	to be strong
3195	to arrest
3196	most excellent
3197	power
3198	to shout
3199	crying out
3200	meat
3201	better
3202	better
3203	to hang on
3204	steep bank
3205	Cretan
3206	Crescens
3207	Crete
3208	barley
3209	made of barley
3210	judgment
3211	lily
3212	to decide
3213	judgment
3214	Crispus
3215	court of law
3216	judge
3217	able to discern
3218	to knock
3219	hidden place
3220	hidden
3221	to hide
3222	to be clear as crystal
3223	rock crystal
3224	hidden
3225	in secret
3226	hidden
3227	to get
3228	wealth
3229	donkey
3230	owner
3231	to create
3232	creation
3233	creature
3234	Creator
3235	cunning
3236	administration
3237	sea captain
3238	to surround
3239	around
3240	gather around
3241	all around
3242	wallowing
3243	wallowing
3244	to roll around
3245	crippled
3246	waves
3247	cymbal
3248	cummin
3249	dog
3250	from Cyprus
3251	Cyprus
3252	to stoop down
3254	from Cyrene
3255	Cyrene
3256	Quirinius
3257	lady
3258	belonging to the Lord
3259	to lord over
3261	lord
3262	authority
3263	to reaffirm
3264	dog
3265	dead body
3266	to hinder
3267	a village
3268	village
3269	orgy
3270	gnat
3271	Cos
3272	Cosam
3273	unable to talk
3275	to choose by lot
3276	Lazarus
3277	secretly
3278	storm
3279	to burst open
3280	to kick
3281	to speak
3282	speech
3283	lama
3284	to take
3285	Lamech
3286	lamp
3287	bright
3288	brightness
3289	splendidly
3290	to give light
3291	to keep secret
3292	cut in rock
3293	Laodicea
3294	Laodicean
3295	people
3296	throat
3297	Lasea
3298	Lasea
3299	to burst open
3300	to cut
3301	worship
3302	to serve
3303	plant
3304	Lebbaeus
3305	legion
3306	say
3307	remnant
3308	smooth
3309	to lack
3310	to perform religious duties
3311	religious service
3312	ministering
3313	servant
3314	to lick
3315	Lectra
3316	lama
3317	towel
3318	scale
3319	leprosy
3320	leprous
3321	very small copper coin
3322	Levi
3323	Levi
3324	Levite
3325	Levitical
3326	to bleach
3327	white linen
3328	white
3329	lion
3330	forgetfulness
3331	receiving
3332	winepress
3333	nonsense
3334	robber
3335	receiving
3336	very much
3337	frankincense
3338	censer
3339	Freedman
3340	Libya
3341	Libyan
3342	to stone
3343	made of stone
3344	to throw stones
3345	stone
3346	stone pavement
3347	to crush
3348	harbor
3349	lake
3350	hunger
3351	linen
3352	Linus
3353	costly
3354	pound
3355	southwest
3356	collection
3357	to credit
3358	spiritual
3359	words
3360	learned
3361	thought
3362	to quarrel about words
3363	quarrel about words
3364	word
3365	spear
3366	to insult
3367	insult
3368	slanderer
3369	pestilence
3370	remaining
3371	Luke
3372	Lucius
3373	washing
3374	to wash
3375	Lydda
3376	Lydia
3377	Lycaonia
3378	in Lycaonian
3379	Lycia
3380	wolf
3381	to destroy
3382	to cause sorrow
3383	sorrow
3384	Lysanias
3385	Lysias
3386	divorce
3387	to be advantageous
3388	Lystra
3389	ransom
3390	to redeem
3391	redemption
3392	deliverer
3393	lampstand
3394	lamp
3395	to loose
3396	Lois
3397	Lot
3399	Maath
3400	Magadan
3401	Magdala
3402	Magdalene
3403	Megiddo
3404	magic
3405	to practice sorcery
3407	sorcerer
3408	Magog
3409	Midian
3410	breast
3411	to teach
3412	disciple
3413	disciple
3414	Matthew
3415	Matthat
3416	Matthias
3417	Methuselah
3418	Mainan
3419	to rave
3420	to call blessed
3421	blessed
3422	blessedness
3423	Macedonia
3424	Macedonian
3425	meat market
3426	far away
3427	from a distance
3428	to have patience
3429	patience
3430	patiently
3431	lengthy
3432	long
3433	sickness
3434	fine
3435	Mahalalel
3436	especially
3437	more
3438	Malchus
3439	grandmother
3440	wealth
3441	Manaen
3442	Manasseh
3443	to learn
3444	insanity
3445	manna
3446	to fortune-tell
3447	to fade away
3448	maranatha
3449	pearl
3450	Martha
3451	Mary
3452	Mary
3453	Mark
3454	marble
3455	to testify
3456	testimony
3457	testimony
3458	to testify
3459	witness
3460	to gnaw
3461	breast
3463	to flog
3464	to flog
3465	flogging device
3466	breast
3467	meaningless talk
3468	idle talker
3469	worthless
3470	emptiness
3471	to become futile
3472	in vain
3473	Matthew
3474	Matthan
3475	Mathat
3476	Matthias
3477	Mattatha
3478	Mattathias
3479	sword
3480	quarrel
3481	to fight
3482	to become proud
3483	wonders
3484	majesty
3485	majestic
3486	to glorify
3487	greatly
3488	majesty
3489	great
3490	greatness
3491	great man
3492	very great
3493	to translate
3494	drunkenness
3496	to move
3497	scheming
3498	boundary
3499	to be drunk
3500	drunkard
3501	to get drunk
3502	to mix
3504	greater
3505	greater
3506	the color black
3507	Melea
3508	it is a care
3509	to plot
3510	honey
3513	of bees
3514	Malta
3516	to be about to
3517	part
3518	Melki
3519	Melchizedek
3521	parchment
3522	to find fault with
3523	fault-finding
3524	a reason for complaint
3525	and; indeed
3527	Menna
3528	rather
3529	rather
3530	but
3531	to stay
3532	to give
3533	worry
3534	to worry
3535	district
3536	dividing
3537	arbiter
3538	part
3539	to be in the middle
3540	noon
3541	to confirm
3542	mediator
3543	midnight
3544	Mesopotamia
3545	middle
3546	dividing wall
3547	midair
3548	to be halfway through
3549	Messiah
3550	full
3551	to be filled
3552	with
3553	to go on
3554	to change one's mind
3555	to turn
3556	to impart
3557	removal
3558	to move on
3559	to send for
3560	to be moved
3561	to share in
3562	receiving
3563	to exchange
3564	to regret
3565	to be transformed
3566	to repent
3567	change of mind
3568	between
3569	to summon
3570	to pervert
3571	to transform
3572	to change
3573	to be changed
3574	to transplant
3575	afterward
3576	to share in
3577	to worry about
3578	exile
3579	to cause to emigrate
3580	something in common
3581	sharing in
3582	to measure
3583	measure
3584	to deal gently
3585	not greatly
3586	measure
3587	forehead
3588	until
3589	until
3590	no
3591	not
3592	surely not
3593	nor
3594	no one
3595	never
3596	not yet
3597	Mede
3600	no longer
3601	length
3602	to grow
3603	sheepskin
3604	a month
3605	surely
3606	to inform
3607	never
3608	lest
3609	not yet
3610	so that not
3611	the thigh
3612	and not
3613	mother
3614	[interrogative particle]
3615	how much more
3616	womb
3617	one who kills a mother
3618	one who kills a mother
3619	capital city
3620	to pollute
3621	corruption
3622	corruption
3623	mixture
3624	to mix
3625	little
3626	Miletus
3627	mile
3628	to imitate
3629	imitator
3630	to remember
3631	to hate
3632	reward
3633	rewarder
3634	hired worker
3635	wage
3636	to hire
3637	rented house
3638	hired worker
3639	Mitylene
3640	Michael
3641	mina
3642	be engaged
3643	Mnason
3644	remembrance
3645	tomb
3646	tomb
3647	remembrance
3648	to remember
3649	memory
3650	to ask in marriage
3651	speaking in a weak voice
3652	hardly able to talk
3653	scarcely ever
3654	large bowl
3655	adulteress
3656	to commit adultery
3657	adultery
3658	to commit adultery
3659	adulterer
3660	with difficulty
3661	Molech
3662	to defile
3663	contamination
3664	grievance
3665	room
3666	one and only
3667	only
3668	only
3669	one-eyed
3670	to be left alone
3671	form
3672	to be formed
3673	embodiment
3674	to form an image of a calf
3675	calf
3676	musician
3677	toil
3678	marrow
3679	to learn a secret
3680	myth
3681	to roar
3682	to be mocked
3683	of a mill
3684	belonging to a mill
3685	hand mill
3686	millhouse
3687	the millhouse
3688	Myra
3689	myriad
3690	to pour perfume
3691	ten thousand
3692	innumerable
3693	perfume
3695	Mysia
3696	mystery
3697	to be nearsighted
3698	wound
3699	to criticize
3700	blemish
3701	to make foolish
3702	foolishness
3703	foolish talk
3704	foolish
3705	Moses
3706	Moses
3707	Moses
3709	Nahshon
3710	Naggai
3711	Nazareth
3714	Nazareth
3715	Nazareth
3716	of Nazareth
3717	Nazarene
3718	Nathan
3720	Nathanael
3721	yes
3722	Naaman
3723	Nain
3724	temple
3725	Nahum
3726	nard
3727	Narcissus
3728	to be shipwrecked
3729	ship owner
3730	ship
3731	sailor
3732	Nahor
3733	young man
3734	young man
3735	Neapolis
3737	Naaman
3738	dead
3739	to put to death
3740	death
3741	New Moon Celebration
3742	new
3743	the young
3744	youth
3745	newly converted
3746	Nero
3747	Neues
3748	to motion
3749	cloud
3750	Naphtali
3751	cloud
3752	mind
3753	guardian of the temple
3754	natural to youth
3755	as surely as
3756	to spin
3757	to be a child
3758	child
3759	Nereus
3760	Neri
3761	small island
3762	island
3763	fasting
3764	to fast
3765	hungry
3766	temperate
3767	temperate
3768	to be self-controlled
3769	Niger
3770	Nicanor
3771	to overcome
3772	victory
3773	Nicodemus
3774	Nicolaitan
3775	Nicolas
3776	Nicopolis
3777	victory
3778	Nineveh
3779	Nineveh
3780	Ninevite
3781	basin for washing
3782	to wash
3783	to understand
3784	thought
3785	illegitimate
3786	pasture
3787	to think
3788	about the law
3789	properly
3790	coin
3791	teacher of the law
3792	law
3793	to be given law
3794	lawgiver
3795	law
3796	to be unhealthy
3797	disease
3798	disease
3799	chick
3800	young
3801	young
3802	to hold back for oneself
3803	south
3804	warning
3805	to warn
3806	New Moon Celebration
3807	wisely
3808	mind
3809	Nympha
3810	Nymphas
3811	bride
3812	bridegroom
3813	bridegroom
3814	now
3815	now
3816	night
3817	to pierce
3818	to become drowsy
3819	a night and a day
3820	Noah
3821	slow to learn
3822	back
3824	to comb
3825	place to stay
3826	to receive a guest
3827	to show hospitality
3828	strange
3829	pitcher
3830	to wither
3831	dried up
3832	made of wood
3833	wood
3834	to cut off the hair
3836	the
3837	eighty
3838	eighth
3839	hinderance
3840	this
3841	to travel
3842	to lead
3843	guide
3844	to be on a journey
3845	journey
3847	road
3848	tooth
3849	to grieve
3850	anguish
3851	deep sorrow
3852	Uzziah
3853	to give off a bad odor
3854	from where
3855	linen sheet
3856	strips of linen
3857	to know
3858	belonging to the household
3859	servant in a household
3860	house servant
3861	to live
3862	cell
3863	dwelling
3864	house
3865	member of a household
3866	to manage one's home
3867	head of the house
3868	to build
3869	building
3870	edification
3871	builder
3872	to manage
3873	management
3874	manager
3875	house
3876	the world
3877	busy at home
3878	staying at home
3879	to have compassion on
3880	compassion
3881	merciful
3882	to have compassion on
3883	to think
3884	drunkard
3885	wine
3886	drunkenness
3887	to suppose
3888	what sort of
3890	to delay
3891	lazy
3892	eighth day
3893	eight
3896	deadly
3897	destruction
3898	littleness of faith
3899	of little faith
3900	little
3901	timid
3902	to make light of
3903	little
3904	destroyer
3905	to destroy
3906	burnt offering
3907	completeness
3908	whole
3909	to wail
3910	all
3911	through and through
3912	Olympas
3913	late fig
3914	wholly
3915	rainstorm
3916	to love
3917	to talk
3918	company
3919	crowd
3920	mist
3921	eye
3922	to swear
3923	to declare an oath
3924	united
3925	to be like
3926	like
3927	like
3928	similarity
3929	to make like
3930	likeness
3931	likewise
3932	likeness
3933	to confess
3934	confession
3935	beyond all question
3936	together
3937	of the same trade
3938	together
3939	living in harmony with
3940	just as
3941	dream
3942	young donkey
3943	to heap insults on
3944	disgrace
3945	disgrace
3946	Onesimus
3947	Onesiphorus
3948	of a donkey
3949	to have benefit
3950	name
3951	to give a name
3952	donkey
3953	really
3954	wine vinegar
3955	sharp
3956	hole
3957	from behind
3958	behind
3959	to arm oneself with
3960	instrument
3961	what kind of
3962	when
3963	where
3964	to appear
3965	vision
3966	broiled
3967	fruit
3968	that
3969	vision
3970	appearance
3971	visible
3972	to see
3973	wrath
3974	to be angry
3975	quick-tempered
3976	fathom
3977	to set one's heart on
3978	hilly
3979	lust
3980	to act in line with
3981	straight
3982	to handle correctly
3983	to get up early in the morning
3984	early in the morning
3985	early in the morning
3986	dawn
3987	straightly
3988	to determine
3990	region
3991	to command
3992	oath
3993	oath
3994	to rush
3995	plot
3996	sudden violence
3997	bird
3998	hen
3999	exact place
4001	hill
4002	to dig up
4003	an orphan
4004	to dance
4005	who
4006	as often as
4008	holy
4009	holiness
4010	piously
4011	fragrance
4012	how great
4013	whosoever
4014	bone
4015	who
4016	bone
4017	made of clay
4018	sense of smell
4019	waist
4020	when
4021	when
4022	that
4023	where
4024	no
4025	so!
4026	woe!
4027	by no means
4028	and not
4029	no one
4030	never
4031	not yet
4032	no one
4033	no longer
4034	so
4036	therefore
4037	not yet
4038	tail
4039	heavenly
4040	from heaven
4041	sky
4042	Urbanus
4043	Uriah
4044	ear
4045	wealth
4046	and not
4047	this
4048	thus
4049	not
4050	debtor
4051	debt
4052	debt
4053	to owe
4054	How I wish! How I hope!
4055	good
4056	eye-service
4057	eye
4058	snake
4059	eyebrow
4060	drain
4061	to be tormented
4062	to form a mob
4063	crowd
4064	Ahaziah
4065	stronghold
4066	fish
4067	in the evening
4068	evening
4069	late
4070	late
4071	face
4072	pay
4074	to trap
4075	trap
4076	hill
4077	suffering
4078	subject to suffering
4079	lust
4080	guardian
4081	little boy
4082	discipline
4083	instructor
4084	instruct
4085	from childhood
4086	child
4087	female servant
4088	from childhood
4089	to indulge in revelry
4090	boy
4091	to strike
4092	Pacatian
4093	long ago
4094	old
4095	the old way
4096	to make obsolete
4097	struggle
4098	renewal
4099	again
4101	with one voice
4102	very great
4103	Pamphylia
4106	inn
4107	innkeeper
4108	joyful assembly
4109	with one's whole family
4110	full armor
4111	cunning
4112	crafty
4114	everywhere
4115	from every direction
4116	everywhere
4117	complete
4118	in every way
4119	from all directions
4120	Almighty
4121	always
4122	surely
4123	from
4124	to break
4125	to come near
4126	transgression
4127	lawbreaker
4128	to urge strongly
4129	to risk
4130	parable
4131	to be careless
4132	order
4133	to order
4134	to come
4135	to pass by
4136	to subject to public disgrace
4137	paradise
4138	to accept
4139	useless occupation
4140	to hand over
4141	remarkable
4142	tradition
4143	to make envious
4144	by the lake
4145	to be overlooked
4146	deposit
4147	to warn
4148	to request
4149	to sit beside
4150	to sit down beside
4151	to ask
4152	to be hidden
4153	deposit
4154	to be present
4155	encouragement
4156	counselor
4157	disobedience
4158	to follow
4159	to refuse to listen
4160	to bend over
4161	to take with
4162	to sail past
4163	by the sea
4164	change
4165	to deceive
4166	paralytic
4168	to be paralyzed
4169	to continue
4170	to comfort
4171	comfort
4172	comfort
4174	to violate the law
4175	wrongdoing
4176	to rebel
4177	rebellion
4178	to fall away
4179	to sail past
4180	almost
4181	like
4182	to pass by
4183	trespass
4184	to drift away
4185	distinguished
4186	to prepare
4187	Preparation Day
4188	supporter
4189	to keep on
4190	to watch closely
4191	careful observation
4192	to set before
4193	to happen to be there
4194	momentary
4195	to take away
4196	to be out of one's mind
4197	madness
4198	madness
4199	to spend the winter
4200	spending the winter
4201	to misuse
4202	immediately
4203	leopard
4204	to serve regularly
4205	to be present
4206	to bring in secretly
4207	brought in secretly
4208	to slip in secretly
4209	to come in
4210	to do one's best
4211	besides
4212	to build
4213	camp
4214	to make difficult
4215	stranger
4216	to go by
4217	leaving unpunished
4218	to present
4219	comfort
4220	virginity
4221	virgin
4222	Parthian
4223	to leave undone
4224	to place beside
4225	to place beside
4226	Parmenas
4227	passing by
4228	to live as a stranger
4229	residence as a stranger
4230	strange
4231	figure of speech
4232	drunken
4233	to pass by
4234	to be like
4235	like
4236	to be greatly distressed
4237	sharp disagreement
4239	to anger
4240	anger
4241	to incite
4242	presence
4243	dish
4244	boldness
4245	to speak boldly
4246	all
4247	Passover
4248	to experience
4249	Patara
4250	to hit
4251	to trample on
4252	father
4253	Patmos
4254	one who kills one's father
4255	family
4256	patriarch
4257	paternal
4258	hometown
4259	Patrobas
4260	one who kills one's father
4261	handed down from forefathers
4262	ancestral
4263	Paul
4264	to cause to stop
4265	Paphos
4266	to be dull
4267	foot shackle
4268	level
4269	to go on foot
4270	on foot
4271	on foot
4272	to obey
4273	persuasive
4275	to convince
4277	to be hungry
4278	to try to do
4279	to test
4280	test
4281	to try
4282	persuasion
4283	open sea
4284	to behead
4286	fifth
4287	to send
4288	poor
4289	mother-in-law
4290	father-in-law
4291	to mourn
4292	mourning
4293	poor
4294	five times
4295	five thousand
4296	five hundred
4297	five
4298	fifteenth
4299	fifty
4300	Pentecost
4301	confidence
4302	however much
4303	Peraea
4304	further
4305	on the other side
4306	end
4307	Pergamum
4308	Perga
4309	about
4310	to take
4311	to take away
4312	to kindle
4313	to flash around
4314	to dress
4315	to look around at
4316	covering
4317	to wrap around
4318	to be a busybody
4319	meddlesome
4320	to go around
4321	to seize
4322	be girded
4323	be girded
4324	wearing
4325	to stand around
4326	scum
4327	to sit around
4328	to blindfold
4329	to surround
4330	helmet
4331	secure
4332	to seclude oneself
4333	to encircle
4334	to shine around
4335	to be left
4337	greatly grieved
4338	to wait for
4339	around
4340	to dwell around
4341	neighboring
4342	one's very own
4343	passage
4344	to walk
4345	to pierce
4346	to fall into
4347	to keep
4348	possession
4351	to strip off
4352	to be distracted
4353	abundance
4354	overflow
4355	to have abundance
4356	exceeding
4357	more than
4358	more than
4359	more
4360	abundantly
4361	dove
4362	to circumcise
4363	to put on
4364	circumcision
4365	to drive
4366	to run throughout
4367	to carry
4368	to despise
4369	neighboring
4370	refuse
4371	to boast
4372	Persis
4373	from last year
4374	bird
4375	to fly
4376	rock
4377	Peter
4378	rocky
4379	rue
4380	spring
4381	to set up
4382	rudder
4383	how great
4384	mud
4385	traveler's bag
4386	to disable
4387	nearsightedness
4388	cubit
4389	to seize
4390	to be pressed down
4391	fine-sounding arguments
4392	persuasive
4393	to turn sour
4394	bitterness
4395	bitter
4396	bitterly
4397	Pilate
4398	to fill
4399	to swell
4400	writing tablet
4401	writing tablet
4402	platter
4403	to drink
4404	richness
4405	to sell
4406	to fall
4407	Pisidia
4408	Pisidian
4409	to believe
4410	pure
4411	faith
4412	faithful
4413	to be convinced of
4414	to lead astray
4415	error
4417	wanderer
4418	deceiving
4419	stone tablet
4420	what is formed
4421	to form
4422	made up
4423	street
4424	width
4425	to open wide
4426	wide
4427	something woven
4428	to twist together
4429	to make increase
4430	to exploit
4431	greedy person
4432	greediness
4433	side
4434	to travel by ship
4435	plague
4436	large number
4437	to increase
4438	violent man
4439	flood
4440	but
4441	full
4442	to fulfill
4443	full assurance
4444	to fulfill
4445	fullness
4446	near
4447	indulgence
4448	to be struck
4449	boat
4450	boat
4451	braiding
4452	voyage
4453	voyage
4454	rich
4455	largely
4456	to be rich
4457	to make rich
4458	riches
4459	to wash
4460	wind
4461	spiritual
4462	spiritually
4463	to blow
4464	to choke
4465	strangled
4466	wind
4468	reaching to the feet
4469	basin for washing feet
4470	from where
4471	grass
4472	to do
4473	what is made
4474	doing
4475	doer
4476	of various kinds
4477	to shepherd
4478	shepherd
4479	flock
4480	flock
4481	what?
4482	to fight
4483	war
4484	city
4485	city official
4486	citizenship
4487	citizenship
4488	to fulfill one's duty
4489	citizen
4490	many times
4491	many times as much
4492	rich in compassion
4493	talkative
4494	speaking many words
4495	at many times
4496	large crowd
4497	manifold
4498	many
4499	full of compassion
4500	expensive
4501	expensive
4502	in various ways
4503	drink
4504	evil
4505	bad
4506	pain
4507	from Pontus
4508	Pontius
4509	open sea
4511	Publius
4512	journey
4513	to come
4514	to destroy
4516	means of gain
4517	Porcius
4518	sexual immorality
4519	to commit fornication
4520	prostitute
4521	a fornicator
4522	far
4523	from a distance
4524	farther
4525	purple
4526	purple
4527	dealer in purple cloth
4528	purple
4529	how many times?
4530	drinking
4531	how great?
4532	river
4533	carried away by a torrent
4534	of what kind?
4536	when? how long?
4537	once
4538	whether
4539	cup
4540	to give a drink
4541	Puteoli
4542	carousing
4543	somewhere
4544	where?
4545	Pudens
4546	foot
4547	thing
4548	affairs
4549	to put capital to work
4550	Praetorium
4551	officer
4552	deed
4553	gentle
4554	gentleness
4555	group
4556	to do
4557	gentleness
4558	gentle
4559	gentleness
4560	to be proper
4561	delegation
4563	to be an ambassador
4564	council of the elders
4565	older
4566	older man
4567	older woman
4568	headlong
4569	to be sawn in two
4570	before
4571	Prisca
4572	Priscilla
4574	before
4575	to go on ahead
4576	to decide
4577	to make a charge beforehand
4578	to hear about beforehand
4579	to sin earlier
4580	entryway
4581	to go on
4582	to push to the front
4583	of sheep
4584	lamb
4585	sheep
4586	to be prompted
4587	to plan
4588	to commit beforehand
4589	to know beforehand
4590	foreknowledge
4591	parents
4592	to write beforehand
4593	obvious
4594	to give beforehand
4595	traitor
4596	going before
4597	to foretell
4598	to be the first to hope
4599	to begin beforehand
4600	to promise beforehand
4601	to go on ahead
4602	to prepare in advance
4603	to announce the gospel in advance
4604	to be better off
4605	to put above
4606	plan
4607	set time
4608	eagerness
4609	willing
4610	willingly
4611	early
4613	to manage
4614	to provoke
4615	to foretell
4616	to arrange for in advance
4618	to be set before
4619	to preach beforehand
4620	progress
4621	to go ahead
4622	partiality
4623	to establish previously
4624	to take beforehand
4625	to tell beforehand
4626	to predict
4627	to plan ahead
4628	to worry beforehand
4629	to provide for
4630	foresight
4632	to see previously
4633	to predestine
4634	to suffer previously
4635	forefather
4636	to accompany
4637	rash
4638	to go before
4639	to
4640	day before the Sabbath
4641	to designate
4642	to bring to
4643	access
4644	to beg
4645	beggar
4646	to move up
4648	to spend lavishly
4649	to spend lavishly
4650	to supply
4651	to add
4652	to rise up toward
4653	to threaten further
4654	to resound
4655	to spend extra
4656	to need
4657	to receive
4658	to give
4659	to look forward to
4660	anticipation
4661	to allow to go farther
4662	to approach
4663	to serve
4664	to earn more
4665	to come to
4666	prayer
4667	to pray
4668	to watch out
4669	to nail to
4670	Gentile convert
4672	temporary
4673	to call
4674	to join
4675	perseverance
4676	cushion
4677	to be joined with
4678	summons
4679	to be rallied to
4680	favoritism
4681	to be united to
4682	stumbling block
4683	stumbling block
4684	to strike
4685	to roll in front of
4686	to worship
4687	worshiper
4688	to talk with
4689	to take aside
4691	acceptance
4692	acceptance
4693	to be with
4694	to be anchored
4695	to owe
4696	to be angry
4697	to strike against
4698	hungry
4699	to nail to
4700	to fall down before
4701	to act as if
4702	to come to
4703	to strike upon
4704	to strike upon
4705	to command
4706	helper
4707	to add to
4708	to run up to
4709	fish
4710	new
4711	newly
4712	to bring to
4713	lovely
4714	offering
4715	to call out
4716	to be glad
4717	sprinkling
4718	to touch
4719	to show favoritism
4720	one who shows favoritism
4721	favoritism
4722	to show favoritism
4723	one who shows favoritism
4724	favoritism
4725	face
4726	to determine beforehand
4727	to stretch out
4728	before
4729	to plan
4730	to encourage
4731	to run ahead
4732	to exist formerly
4733	excuse
4734	to bring out
4735	prophecy
4736	to prophesy
4737	prophet
4738	prophetic
4739	prophetess
4740	to anticipate
4741	to choose
4742	to choose beforehand
4743	Procorus
4744	stern
4745	early in the morning
4746	early morning
4748	early
4749	bow
4750	to be supreme
4751	most important seat
4752	place of honor
4753	first martyr
4754	first
4755	first
4756	ringleader
4757	inheritance rights
4758	firstborn
4759	for the first time
4760	to stumble
4761	heel
4762	highest point
4763	wing
4764	winged, with feathers
4765	to be startled
4766	something alarming
4767	Ptolemais
4768	a winnowing fork
4769	to be frightened
4770	saliva
4771	to roll up
4772	to spit
4773	dead body
4774	falling
4775	poverty
4776	to be poor
4777	poor
4778	fist
4780	spirit of divination
4781	often
4782	to fight with the fist
4783	gate
4784	gate
4785	to ask
4786	fire
4787	fire
4788	tower
4789	to burn with a fever
4790	fever
4791	fiery red
4792	to burn
4793	to be red
4794	fiery red
4795	Pyrrhus
4796	burning
4797	to sell
4798	colt
4799	ever
4800	to harden
4801	hardening
4802	how? in what way?
4803	in any way
4805	Rahab
4806	Rabbi
4807	Rabboni
4808	Rabboni
4810	to beat with a rod
4811	rod
4812	officer
4814	Reu
4815	crime
4816	trickery
4817	to be sprinkled
4818	Rephan
4819	Raca
4820	piece of cloth
4821	Ramah
4822	to sprinkle
4823	sprinkling
4824	to strike
4825	slap
4827	needle
4829	Rahab
4830	Rachel
4831	Rebekah
4832	carriage
4833	Remphan
4835	to flow
4836	Rhegium
4837	destruction
4838	to burst
4839	word
4840	Rhesa
4841	to throw violently
4842	lawyer
4843	clearly
4844	root
4845	to be rooted
4846	twinkling
4847	to be tossed about
4848	to throw off
4849	to throw
4850	Rehoboam
4851	Rhoda
4852	Rhodes
4853	with a roar
4854	Rompha
4855	sword
4856	downward movement
4857	Reuben
4858	Ruth
4859	Rufus
4860	street
4861	to rescue
4862	to be vile
4863	to be fouled
4864	filth
4865	shabby
4866	dirt
4867	to defile
4868	flow
4869	wrinkle
4870	Roman
4871	Roman
4872	in Latin
4873	Rome
4874	to be strong
4876	sabachthani
4877	Almighty
4878	Sabbath-rest
4879	Sabbath
4880	dragnet
4881	Sadducee
4882	Zadok
4883	to be unsettled
4884	sackcloth
4885	Sala
4886	Shealtiel
4887	Salamis
4888	to shake up
4889	Salem
4890	Salim
4891	Salmon
4892	Salmone
4893	tossing motion
4894	trumpet
4895	to sound a trumpet
4896	trumpeter
4897	Salome
4898	Solomon
4899	Samaria
4901	Samaritan
4902	Samaritan
4903	Samothrace
4904	Samos
4905	Samuel
4906	Sepphoris
4907	Samson
4908	sandal
4909	plank
4910	Saul
4911	bad
4912	Sapphira
4913	sapphire stone
4914	basket
4915	Sardis
4916	carnelian
4917	carnelian
4918	sardonyx
4919	Zarephath
4920	material
4921	fleshly
4922	flesh
4923	Serug
4924	to sweep
4925	Sarah
4926	Sharon
4927	Satan
4928	Satan
4929	seah
4930	Saul
4931	to extinguish
4932	yourself
4933	to worship
4934	object of worship
4935	revered
4936	to worship
4937	chain
4938	pit
4939	earthquake
4940	to cause to shake
4941	Secundus
4942	Seleucia
4943	moon
4944	to have a seizure
4946	Semein
4947	finely ground flour
4948	worthy of respect
4949	holiness
4950	Sergius
4952	Serug
4953	Seth
4954	Shem
4955	to make known
4956	sign
4957	to take special note of
4958	today
4960	to rot
4961	silken
4962	moth
4963	moth-eaten
4964	to strengthen
4965	cheek
4966	to be disturbed
4967	to be silent
4968	silence
4969	made of iron
4970	iron
4971	made of iron
4972	Sidon
4973	Sidonian
4974	terrorist
4975	fermented drink
4976	Silas
4977	Silas
4978	Siloam
4979	Simaias
4980	apron
4981	Simon
4982	Sinai
4983	mustard plant
4984	linen
4985	to sift
4986	made of silk
4987	dungeon
4988	fattened
4989	grain
4990	fattened
4991	measured allowance of food
4992	wheat
4993	Sychar
4994	Zion
4995	to be quiet
4996	quietly
4997	to cause to sin
4998	stumbling block
4999	to dig
5000	Scarioth
5002	lifeboat
5003	leg
5004	clothing
5005	Sceva
5006	tackle
5007	possession
5008	tabernacle
5009	Tabernacles
5010	tentmaker
5011	tent
5012	to live
5013	tent
5014	shadow
5015	to leap
5016	hardness of heart
5017	hard
5018	hardness
5019	stiff-necked
5020	to harden
5021	crooked
5022	thorn
5023	to watch out for
5024	goal
5025	to scatter
5026	scorpion
5027	dark
5028	darkness
5029	to be dark
5030	darkness
5031	to be darkened
5032	rubbish
5033	Scythian
5034	to look somber
5035	to bother
5036	spoils
5037	eaten by worms
5038	worm
5039	emerald
5040	emerald
5043	myrrh
5044	Smyrna
5045	Smyrnaean
5046	to mix with myrrh
5047	Sodom
5048	Solomon
5049	coffin
5050	your
5051	piece of cloth
5052	Susanna
5053	wisdom
5054	to make wise
5055	wise
5056	Spain
5057	to convulse
5058	to wrap
5059	to live in pleasure
5060	to draw
5061	company of soldiers
5062	to sow seed
5063	executioner
5064	to be poured out a libation
5065	seed
5066	babbler
5067	to hurry
5068	den
5069	blemish
5070	stain
5071	to corrupt
5072	to have compassion on
5073	intestines
5074	sponge
5075	ashes
5076	seed
5077	what is sown
5078	seed
5079	to be eager
5080	zealous
5081	earnestly
5082	hurry
5083	basket
5084	arena
5085	jar
5086	insurrectionist
5087	continuance
5088	four-drachma coin
5089	cross
5090	to crucify
5091	grapes
5092	head of grain
5093	Stachys
5094	roof
5095	to put up with
5096	barrenness
5097	to avoid
5098	wreath
5099	groan
5100	to groan
5101	narrow
5102	to be crushed
5103	distress
5104	solid
5105	to make strong
5106	firmness
5107	Stephanas
5108	Stephen
5109	a crown
5110	to crown
5111	chest
5112	to stand
5113	security
5114	to strengthen
5115	leafy branch
5116	mark
5117	instant
5118	to dazzle
5119	covered colonnade
5120	leafy branch
5121	Stoic
5122	principle
5123	to follow
5124	robe
5125	mouth
5126	stomach
5127	warfare
5128	army
5129	to serve as a soldier
5130	magistrate
5131	host
5132	soldier
5133	to gather an army
5134	military commander
5135	military commander
5136	army
5137	to distort
5138	to turn
5139	to live in luxury
5140	luxury
5141	sparrow
5142	to spread out
5143	to spread out
5144	hated
5145	to be gloomy
5146	pillar
5148	you
5149	family
5150	family
5151	relative
5152	concession
5153	to sit with
5154	to sit down together
5155	to suffer together with
5156	to be mistreated with
5157	to call together
5158	to conceal
5159	to be bent over
5160	to come
5161	agreement
5162	to agree
5163	to consent
5164	to be added
5165	to recline together
5166	to combine
5167	to stir up
5168	to catch
5169	inheriting together
5170	to share with
5171	sharer
5172	to bury
5173	to express
5174	to bend over
5175	event that just happens
5176	to rejoice with
5177	to baffle
5178	to associate with
5179	to baffle
5180	uproar
5181	to permit
5182	to live with
5183	to join together
5184	to discuss
5185	dispute
5186	philosopher
5187	yokefellow
5188	to make alive with
5189	mulberry tree
5190	fig tree
5191	sycamore-fig tree
5192	fig
5193	to accuse falsely
5194	to take captive
5195	to rob
5196	to talk with
5197	to seize
5198	to pick
5199	to discuss together
5200	to be deeply distressed
5201	to happen
5202	to dispute with
5203	to reign with
5204	to be held together
5205	to advise
5206	plan
5207	counselor
5208	Simeon
5209	fellow disciple
5210	to testify with
5211	to share with
5212	sharing with
5213	fellow imitator
5214	to become like
5215	conformed
5216	to give the same form
5217	to sympathize with
5218	sympathetic
5219	to come together
5220	to be mutually encouraged
5221	to take along with
5222	to stay with to help
5223	to be present with
5224	to suffer with
5225	to send with
5226	to surround
5227	to put one's arms around
5228	to drink with
5229	to collapse
5230	to be swamped
5231	to choke
5232	fellow citizen
5233	to go with
5234	common meal
5235	group
5236	fellow elder
5237	to bring together
5238	to agree with
5239	beneficial
5240	to burden together with others
5241	one's own countrymen
5242	united
5243	to grow up with
5244	to agree with
5245	harmony
5246	music
5247	mutually consenting
5248	to calculate
5249	united in spirit
5250	with
5251	to gather together
5252	synagogue
5253	to join in a struggle
5254	to contend at one's side
5255	to bring together
5256	to settle
5257	fellow prisoner
5258	to follow
5259	to eat with
5260	to be made captive together with
5261	to reconcile
5262	to come with
5263	to eat with
5264	to associate with
5265	to find rest together
5266	to associate with
5267	to meet
5268	meeting
5269	to help
5270	to be led away
5271	to die with
5272	to die with
5273	to send with
5274	to be joined together
5275	to seize
5277	to grow together
5278	bond
5279	to be imprisoned with
5280	to be glorified with
5281	fellow servant
5282	running together
5283	to raise up with
5284	Sanhedrin
5285	member of the council
5287	conscience
5289	to be with
5291	to enter together with
5292	traveling companion
5293	chosen together with
5294	to go out with
5295	to drive
5296	to testify at the same time
5297	fellow overseer
5298	to join in an accusation
5299	to accompany
5300	to work together
5301	fellow worker
5302	to come together
5303	to eat with
5304	understanding
5305	intelligent
5306	to approve of
5307	to partake in a feast together
5308	to join in an attack
5309	to cover
5310	to delight in agreement
5311	custom
5312	person of one's own age
5313	to be buried with
5314	to be broken to pieces
5315	to press around
5316	to break
5317	to understand
5318	to commend
5319	to commend
5321	to travel with
5322	company of travelers
5323	to share knowledge with
5324	to live with
5325	to be built up together
5326	to talk with
5327	to be next door to
5328	to realize
5329	neighboring country
5330	anguish
5331	to throw into confusion
5332	to command
5333	end
5334	to finish
5335	to cut short
5336	one who follows the same trade
5337	to protect
5338	to agree
5339	briefly
5340	to run together
5341	to break
5342	ruin
5343	brought up with
5344	to come together with
5345	Syntyche
5346	occurrence
5347	to join in one's hypocrisy
5348	to join to help
5349	suffer together
5350	plot
5351	Syrian woman
5352	Syracuse
5353	Syria
5354	Syrian
5355	a Syrophoenician woman
5357	to dash together
5358	Syrtis
5359	to drag
5360	to cause to convulse
5361	signal
5362	co-member of a body
5363	fellow insurrectionist
5364	commendatory
5365	to be crucified with
5366	to wrap up
5367	to join in groaning
5368	to correspond
5369	fellow soldier
5370	to gather up
5371	commotion
5372	to conform to a pattern
5373	Sychar
5374	Shechem
5375	slaughter
5376	offering for slaughter
5377	to kill
5379	very
5380	violently
5381	to seal
5382	seal
5383	ankle
5384	ankle
5385	nearly
5386	form
5387	to tear
5388	tear
5389	cords
5390	to devote oneself to
5391	lecture hall
5392	to save
5393	body
5394	bodily
5395	bodily
5396	Sopater
5397	to heap up
5398	Sosthenes
5399	Sosipater
5400	Savior
5401	salvation
5403	bringing salvation
5404	to be of a sound mind
5405	to train
5406	self-discipline
5407	in self-control
5408	propriety
5409	self-controlled
5411	tavern
5412	Tabitha
5413	turn
5414	appointed
5415	to grieve
5416	misery
5417	wretched
5418	weighing a talent
5419	talent
5420	talitha
5421	room
5422	concerning the present
5423	order
5424	humble
5425	humility
5426	humble
5427	to humble
5428	humbleness
5429	to trouble
5430	disturbance
5431	commotion
5432	Tarsus
5433	Tarsus
5434	to send to hell
5435	to appoint
5436	bull
5438	burial place
5439	tomb
5440	perhaps
5441	quickly
5442	swift
5443	quickness
5444	quick
5445	and
5446	wall
5447	convincing proof
5448	dear children
5449	to have children
5450	childbearing
5451	child
5452	to bring up children
5453	to bear
5454	carpenter
5455	perfect
5456	perfection
5457	to perfect
5458	perfectly
5459	perfection
5460	a finisher
5461	to mature
5462	to die
5463	death
5464	to finish
5465	end
5467	tax collector
5468	tax collector's booth
5469	wonder
5470	Tertius
5471	Tertullus
5472	Tertullus
5473	forty
5474	forty years
5475	four
5476	fourteenth
5477	forty
5478	forty years
5479	fourth
5480	fourth
5481	square
5482	squad of four soldiers
5483	four thousand
5484	four hundred
5485	four months
5486	four times
5487	four times
5488	four-footed
5489	to be a tetrarch
5490	tetrarch
5491	to reduce to ashes
5492	skill
5493	craftsman
5494	to be melted
5495	clearly
5496	so great
5497	at that time
5498	to keep
5499	jail
5500	Tiberias
5501	Tiberius
5502	to place
5503	to give birth to
5504	to pick
5505	Timaeus
5506	to honor
5507	honor
5508	precious
5509	wealth
5510	Timothy
5511	Timon
5512	to punish
5513	punishment
5514	to pay
5515	who?
5516	a certain one
5517	Titius
5518	sign
5519	Titus
5521	therefore
5523	then
5524	such as this
5525	such
5526	wall
5527	interest
5528	to dare
5529	bold
5530	rather boldly
5531	rather boldly
5532	bold man
5533	cutting
5534	bow
5535	topaz
5536	place
5537	so great
5538	then
5539	but
5540	named
5542	that is to say
5543	male goat
5544	table
5545	banker
5546	wounds
5547	to wound
5548	to be laid bare
5549	neck
5550	rough
5551	Traconitis
5552	three
5553	Three Taverns
5554	to tremble
5555	to care for
5556	to run
5557	eye
5558	thirty
5559	three hundred
5560	thistle
5561	path
5562	three years
5563	to gnash
5564	three months
5565	three times
5566	third story
5567	three thousand
5569	third
5570	made of hair
5571	trembling
5572	shifting
5573	manner
5574	to endure
5575	food
5576	Trophimus
5577	mother
5578	to care for
5579	path
5580	wheel
5581	bowl
5582	to gather
5583	doves
5584	eye
5585	eye
5586	Tryphena
5587	to live in luxury
5588	luxury
5589	Tryphosa
5590	Troas
5591	Trogyllium
5592	to eat
5593	to take part in
5594	to be tortured
5595	as an example
5596	pattern
5597	to strike
5598	Tyrannus
5600	trouble oneself
5601	Tyrian
5602	Tyre
5603	blind
5604	to cause blindness
5605	to be conceited
5606	to smolder
5607	of hurricane force
5608	Tychicus
5610	dark blue
5611	jacinth
5612	of glass
5613	glass
5614	to insult
5615	insult
5616	insolent man
5617	to be healthy
5618	healthy
5619	moist
5620	water jar
5621	to drink water
5622	suffering from dropsy
5623	water
5624	rain
5625	adoption as sons
5626	son
5627	forest
5628	Hymenaeus
5629	your
5630	to sing hymns
5631	hymn
5632	to go
5633	obedience
5634	to obey
5635	married
5636	to go out to meet
5637	meeting
5638	property
5639	to have
5640	to submit
5641	opposing
5642	above
5643	to become conceited
5644	past one's prime
5645	far above
5646	to shield
5647	to increase exceedingly
5648	to wrong
5649	more severely
5650	to go beyond
5651	all-surpassing
5654	beyond
5655	immeasurably
5656	beyond all measure
5657	to go too far
5658	to be running over
5659	to intercede
5660	to govern
5661	arrogance
5662	proud
5663	exceedingly
5664	to thoroughly conquer
5665	boastful
5666	to overlook
5667	authority
5668	to increase all the more
5669	beyond all measure
5670	to be abundant
5671	to exalt supremely,
5672	to have lofty thoughts
5673	upstairs room
5674	to experience
5675	obedient
5676	to serve
5677	servant
5678	sleep
5679	by
5680	to secretly persuade
5681	example
5682	example
5683	to show
5684	to show
5685	to welcome
5686	to put on
5687	sandal
5688	accountable
5689	donkey
5690	to undergird
5691	under
5692	to lie below
5693	to pretend
5694	hypocrisy
5695	hypocrite
5696	to take up
5697	window
5698	remnant
5699	to be left
5700	pit for a winepress
5701	to leave behind
5702	to stay behind
5703	to remind
5704	reminder
5705	perseverance
5706	to think
5707	suspicion
5708	to wear out
5709	to sail under
5710	to blow gently
5711	footstool
5712	confidence
5713	to draw back
5714	shrinking back
5715	to turn back toward
5716	to spread out
5717	obedience
5718	to put in subjection
5719	to risk
5720	to run under
5721	example
5722	to endure
5723	to withdraw
5724	to weary
5725	female pig
5726	javelin
5727	hyssop
5728	to lack
5729	what is lacking
5730	need
5731	later
5732	to weave
5733	woven
5734	high
5735	to be arrogant
5736	highest
5737	height
5738	to lift up
5739	height
5741	glutton
5742	cloak
5743	to shine
5744	Peleg
5745	visible
5746	to reveal
5747	manifestly
5748	manifestation
5749	torch
5750	Phanuel
5751	to become visible
5752	pomp
5753	ghost
5754	valley
5755	Pharaoh
5756	Perez
5757	Pharisee
5758	witchcraft
5759	magician
5760	magic potion
5761	a sorcerer,
5762	news
5763	to claim
5764	manger
5765	evil
5766	light
5767	to spare
5768	sparingly
5769	cloak
5770	to bring
5771	flee
5772	Felix
5773	news
5774	to say
5775	to spread by saying
5776	Festus
5777	to precede
5778	perishable
5779	to speak
5780	to destroy
5781	autumnal
5782	voice
5783	to envy
5784	envy
5785	perishableness
5786	bowl
5787	loving what is good
5788	Philadelphia
5789	brotherly love
5790	loving as brothers
5791	loving one's husband
5792	love
5793	in kindness
5794	love of money
5795	money-loving
5796	loving oneself
5797	to love
5798	loving pleasure
5799	kiss
5800	Philemon
5801	Philetus
5802	friendship
5803	Philippian
5804	Philippi
5805	Philip
5806	loving God
5807	Philologus
5808	dispute
5809	contentious
5810	hospitality
5811	hospitable
5812	to love to be first
5813	friendly
5814	philosophy
5815	philosopher
5816	devoted
5817	loving one's children
5818	to have an ambition
5819	hospitably
5820	well disposed
5821	to muzzle
5823	Phlegon
5824	to set on fire
5825	flame
5826	to gossip
5827	gossipy
5828	to fear
5829	fearful
5831	fearful event
5832	fear
5833	Phoebe
5834	Phoenicia
5836	palm tree
5837	Phoenix
5838	murderer
5839	to commit murder
5840	murder
5841	to wear
5842	forum
5843	tax
5844	to load down
5845	burden
5846	cargo
5847	Fortunatus
5848	whip
5849	to flog
5850	barrier
5851	to explain
5852	to shut
5853	well
5854	to deceive
5855	deceiver
5856	thinking
5857	to shudder
5858	to think
5859	mind
5860	wisdom
5861	wise
5862	considerately
5863	to be careful
5864	to guard
5865	to rage
5866	brushwood
5867	Phrygia
5868	be a fugitive
5869	Phygelus
5870	flight
5871	prison
5872	to imprison
5873	phylactery
5874	guard
5875	to obey
5876	tribe
5877	leaf
5878	lump
5879	natural
5880	naturally
5881	to puff up
5882	nature
5883	arrogance
5884	plant
5885	to plant
5886	to grow up
5887	hole
5888	to call
5889	voice
5890	light
5891	star
5892	light-bearing
5893	full of light
5894	to give light
5895	light
5897	to rejoice
5898	hail
5899	to lower
5900	Chaldean
5901	difficult
5902	to keep in check
5903	bit
5904	to bridle
5905	made of bronze
5906	metalworker
5907	chalcedony
5908	kettle
5909	burnished bronze
5910	copper
5911	made of bronze
5912	to the ground
5913	Canaan
5914	Canaanite
5915	joy
5916	mark
5917	exact representation
5918	barricade
5919	to give grace
5920	therefore
5921	grace
5922	gracious gift
5923	to give graciously
5924	Haran
5925	paper
5926	chasm
5927	lip
5928	to be battered in a storm
5929	valley
5930	winter
5931	hand
5932	to lead by the hand
5933	someone who leads by the hand
5934	written code
5935	hand-made
5936	to appoint
5937	worse
5938	cherubim
5939	widow
5940	yesterday
5941	military officer
5942	thousand
5943	thousand
5944	Kios
5945	tunic
5946	snow
5948	robe
5949	to sneer
5950	lukewarm
5951	Chloe
5952	light green
5953	666
5954	made of dust
5955	quart
5956	pig
5957	to be angry
5958	gall
5959	dust
5960	Korazin
5961	to supply
5962	dance
5963	to feed
5964	food
5965	grass
5966	Cuza
5967	dust
5968	to make use of
5970	need
5971	debtor
5973	it should
5974	to need
5975	money
5976	to warn
5977	a response from God
5978	useful
5979	relations
5980	to be kind
5981	smooth talk
5982	easy
5983	kindness
5984	anointing
5985	Christian
5986	Christ
5987	to anoint
5988	to take a long time
5989	time
5990	to spend time
5991	made of gold
5992	gold
5993	having a gold ring
5994	chrysolite
5995	chrysoprase
5996	gold
5997	made of gold
5998	to be adorned with gold
5999	skin
6000	lame
6001	country
6003	to go
6004	to divide
6005	place
6006	by itself
6007	division
6008	Corus
6010	to sing hymns
6011	Psalms
6012	false brother
6013	false apostle
6014	false
6015	false teacher
6016	false of speech
6017	to lie
6018	to give false testimony
6019	false testimony
6020	false witness
6021	false prophet
6022	lie
6023	false Christs
6024	falsely identified
6025	falsehood
6026	liar
6027	to touch
6028	to calculate
6029	stone
6030	whispering gossip
6031	gossip
6032	bit
6033	crumb
6034	life
6035	physical
6036	cold
6037	cold
6038	to grow cold
6039	to feed
6040	piece of bread
6041	to rub
6042	omega
6043	O!
6044	Obed
6045	here
6046	song
6047	labor
6048	to suffer birth pangs
6049	shoulders
6050	to buy
6051	egg
6052	hour
6053	beautiful
6054	to roar
6055	as
6056	as if
6057	Hosanna!
6058	in the same way
6059	like
6060	Hosea
6061	just as
6062	like
6063	for this reason
6064	ear
6065	ear
6066	value
6067	to be of good use
6068	valuable
7000	here
7005	I
7007	you
